Incident_ID,Report_Time,Phone_Number,Tags,Report_Count,Transaction_Amount,Victim_Demographic,Is_Fraud
UID-536df895,2026-03-12 17:22:00,+886-903-883-082,"假投資,保證獲利",9,4978846,上班族,1
UID-eb766a74,2026-03-13 03:13:00,+886-905-242-620,"債務不履行,退款延遲",2,3000,上班族,0
UID-b3924a2f,2026-03-13 03:39:00,+886-905-856-579,"交易糾紛,商品瑕疵",2,500,碩博士,0
UID-f2989416,2026-03-13 08:24:00,+886-905-907-583,"交易糾紛,商品瑕疵",1,15000,大專院校,0
UID-155f6257,2026-03-12 10:00:00,+886-905-399-641,"司法文書送達,正常公務",1,0,50-69 中高齡,0
UID-a71b331b,2026-03-13 03:24:00,+886-903-884-019,"假投資,虛擬貨幣,高報酬",17,2089280,50-69 中高齡,1
UID-df5b1dd6,2026-03-13 01:48:00,+886-904-224-014,"Threads廣告,假兼職",5,147508,大專院校,1
UID-53171271,2026-03-12 16:30:00,+886-903-886-026,"假投資,內線交易,VIP通道",6,507552,50-69 中高齡,1
UID-cd7b22b2,2026-03-12 19:01:00,+886-904-395-014,"殺豬盤,平台無法出金",29,144899,上班族,1
UID-a8c15a8e,2026-03-12 21:13:00,+886-904-656-028,"網路交友,要求儲值,點數卡",27,319,學生,1
UID-214f7a55,2026-03-13 02:53:00,+886-905-587-486,"交易糾紛,商品瑕疵",2,15000,大專院校,0
UID-e3919249,2026-03-13 02:34:00,+886-901-405-026,"網路購物詐騙,解除分期付款",209,32058,學生,1
UID-3fe1f0af,2026-03-12 19:23:00,+886-905-488-649,"債務不履行,退款延遲",2,0,上班族,0
UID-650060c0,2026-03-12 20:08:00,+886-903-887-039,"假投資,資金盤",16,3422251,大專院校,1
UID-e1622d68,2026-03-12 12:31:00,+886-904-579-052,"Threads廣告,假兼職",15,6535,學生,1
UID-fc3a7f82,2026-03-12 19:29:00,+886-902-185-645,"假扣押財產,面交黃金白銀",1,2687414,70+ 長者,1
UID-8d0e62d8,2026-03-13 03:14:00,+886-901-845-002,"幽靈包裹,超商取貨",167,26894,大專院校,1
UID-5313c5a0,2026-03-12 09:04:00,+886-902-118-247,"假員警,偵查不公開",3,2178218,70+ 長者,1
UID-ebf24f47,2026-03-12 10:01:00,+886-901-812-013,"網路購物詐騙,ATM操作",153,24288,高中職以下,1
UID-5cc86126,2026-03-13 05:27:00,+886-903-884-016,"假投資,內線交易,VIP通道",8,2406621,碩博士,1
UID-4d3aeb22,2026-03-12 19:56:00,+886-905-928-287,"交易糾紛,商品瑕疵",2,3000,學生,0
UID-0e906588,2026-03-12 09:02:00,+886-999-999-999,"機器人測試,惡意灌水",10953,0,未知,0
UID-1ce118df,2026-03-12 15:02:00,+886-903-883-090,"假投資,資金盤",18,838855,碩博士,1
UID-5e7e7eb6,2026-03-13 06:53:00,+886-903-889-091,"假投資,保證獲利",14,2483128,碩博士,1
UID-c5417ac5,2026-03-12 10:47:00,+886-903-886-069,"假投資,虛擬貨幣,高報酬",7,830900,大專院校,1
UID-d6a70562,2026-03-13 07:29:00,+886-901-813-041,"網路購物詐騙,解除分期付款",228,44151,高中職以下,1
UID-a1373639,2026-03-12 14:55:00,+886-905-685-272,"正常投資諮詢,理財規劃",2,500,高中職以下,0
UID-7e54bf50,2026-03-13 00:39:00,+886-901-993-024,"網路購物詐騙,ATM操作",193,4332,上班族,1
UID-16368090,2026-03-13 02:18:00,+886-902-135-946,"假冒郵局,普發現金冒領",1,2283437,70+ 長者,1
UID-65259216,2026-03-12 23:33:00,+886-901-225-045,"幽靈包裹,超商取貨",152,32731,上班族,1
UID-96c261bf,2026-03-12 20:44:00,+886-905-584-931,"司法文書送達,正常公務",2,3000,上班族,0
UID-2ec21e18,2026-03-13 01:58:00,+886-905-294-770,"債務不履行,退款延遲",1,500,學生,0
UID-93ed92af,2026-03-12 10:02:00,+886-902-175-299,"假冒郵局,普發現金冒領",2,3009342,70+ 長者,1
UID-a14749d4,2026-03-12 21:10:00,+886-903-884-072,"假投資,內線交易,VIP通道",18,1668788,50-69 中高齡,1
UID-afdff045,2026-03-13 08:09:00,+886-902-136-124,"假扣押財產,面交黃金白銀",3,2670158,50-69 中高齡,1
UID-9b8bc94f,2026-03-12 23:35:00,+886-903-883-020,"假投資,資金盤",14,1381780,上班族,1
UID-956470db,2026-03-12 16:29:00,+886-905-678-152,"債務不履行,退款延遲",1,15000,70+ 長者,0
UID-9c998d6d,2026-03-13 02:55:00,+886-905-226-699,"一般客訴,服務態度",1,500,碩博士,0
UID-2d7db959,2026-03-13 05:32:00,+886-901-120-044,"網路購物詐騙,解除分期付款",281,35183,高中職以下,1
UID-c423ca04,2026-03-13 08:52:00,+886-901-526-040,"幽靈包裹,超商取貨",1308,44181,大專院校,1
UID-52806742,2026-03-12 19:35:00,+886-905-814-583,"一般客訴,服務態度",1,3000,學生,0
UID-00c57446,2026-03-12 22:29:00,+886-903-884-066,"假投資,虛擬貨幣,高報酬",18,1945091,50-69 中高齡,1
UID-18fdea21,2026-03-13 04:14:00,+886-905-612-835,"正常投資諮詢,理財規劃",1,0,70+ 長者,0
UID-a465e2b5,2026-03-12 18:18:00,+886-905-993-344,"一般客訴,服務態度",2,3000,高中職以下,0
UID-06647f0c,2026-03-12 12:37:00,+886-902-200-975,"假冒郵局,普發現金冒領",3,3751129,50-69 中高齡,1
UID-e9e67c2d,2026-03-13 02:28:00,+886-904-498-096,"網路交友,要求儲值,點數卡",18,3095,學生,1
UID-25cc4310,2026-03-13 06:50:00,+886-905-894-129,"正常投資諮詢,理財規劃",1,0,70+ 長者,0
UID-95e88838,2026-03-12 20:46:00,+886-903-880-052,"假投資,內線交易,VIP通道",13,3183142,大專院校,1
UID-4f752a40,2026-03-13 00:48:00,+886-903-884-041,"假投資,內線交易,VIP通道",6,1019384,上班族,1
UID-7aa9ddd9,2026-03-13 00:06:00,+886-903-883-026,"假投資,保證獲利",8,2721828,碩博士,1
UID-6c54ff58,2026-03-12 11:19:00,+886-901-788-033,"網路購物詐騙,ATM操作",232,6324,學生,1
UID-1c4fc650,2026-03-12 16:52:00,+886-905-493-110,"一般客訴,服務態度",1,0,學生,0
UID-cb44aa44,2026-03-12 15:52:00,+886-903-882-068,"假投資,內線交易,VIP通道",14,2433563,碩博士,1
UID-888aa508,2026-03-12 22:11:00,+886-905-304-123,"債務不履行,退款延遲",1,0,上班族,0
UID-f07df4aa,2026-03-12 20:36:00,+886-904-688-079,"殺豬盤,平台無法出金",20,139047,大專院校,1
UID-ffd5660d,2026-03-12 21:44:00,+886-902-168-652,"假員警,偵查不公開",1,1172357,碩博士,1
UID-c37573c4,2026-03-13 05:16:00,+886-902-123-367,"假冒郵局,普發現金冒領",1,556152,碩博士,1
UID-7551ef82,2026-03-12 16:26:00,+886-901-436-046,"幽靈包裹,超商取貨",163,3034,上班族,1
UID-dc845613,2026-03-13 03:42:00,+886-903-885-085,"假投資,資金盤",5,1815798,大專院校,1
UID-417719b3,2026-03-12 23:41:00,+886-903-883-088,"假投資,保證獲利",18,3216891,碩博士,1
UID-b4f9ff6c,2026-03-12 21:17:00,+886-902-183-173,"假扣押財產,面交黃金白銀",3,668683,70+ 長者,1
UID-d32b510f,2026-03-12 11:41:00,+886-905-860-516,"債務不履行,退款延遲",2,15000,50-69 中高齡,0
UID-7c147eea,2026-03-12 11:38:00,+886-902-191-937,"假冒郵局,普發現金冒領",3,4133381,70+ 長者,1
UID-6c3f1209,2026-03-12 15:10:00,+886-901-658-037,"幽靈包裹,超商取貨",157,3700,大專院校,1
UID-13cd63b0,2026-03-12 13:16:00,+886-903-886-039,"假投資,資金盤",5,3356613,碩博士,1
UID-6a6ba9e6,2026-03-13 00:28:00,+886-902-127-873,"假扣押財產,面交黃金白銀",2,2610383,50-69 中高齡,1
UID-55956914,2026-03-12 17:05:00,+886-904-729-026,"網路交友,要求儲值,點數卡",14,135433,上班族,1
UID-95537857,2026-03-12 10:57:00,+886-905-822-658,"一般客訴,服務態度",2,500,學生,0
UID-7711d0f8,2026-03-12 19:11:00,+886-902-189-837,"假冒郵局,普發現金冒領",1,7851788,碩博士,1
UID-c396a7ed,2026-03-12 11:41:00,+886-903-887-092,"假投資,虛擬貨幣,高報酬",15,4862922,上班族,1
UID-f363e0e0,2026-03-12 19:25:00,+886-905-901-311,"一般客訴,服務態度",2,3000,大專院校,0
UID-15542698,2026-03-13 04:24:00,+886-903-882-081,"假投資,保證獲利",14,1198814,碩博士,1
UID-e298b08c,2026-03-13 08:26:00,+886-905-299-124,"司法文書送達,正常公務",2,0,碩博士,0
UID-5a7c6b58,2026-03-12 18:05:00,+886-901-404-038,"網路購物詐騙,假賣場",174,35848,大專院校,1
UID-4e68e081,2026-03-13 03:54:00,+886-901-655-017,"網路購物詐騙,解除分期付款",480,4736,上班族,1
UID-8b30345f,2026-03-13 06:55:00,+886-905-277-701,"債務不履行,退款延遲",1,3000,50-69 中高齡,0
UID-46e1e5f3,2026-03-12 23:55:00,+886-901-840-002,"網路購物詐騙,假賣場",755,13070,大專院校,1
UID-92f5e05f,2026-03-13 05:16:00,+886-901-517-047,"幽靈包裹,超商取貨",154,32472,上班族,1
UID-9764d390,2026-03-13 08:14:00,+886-903-886-067,"假投資,保證獲利",19,1896964,碩博士,1
UID-2d8beab3,2026-03-12 09:02:00,+886-903-881-017,"假投資,資金盤",8,3610875,碩博士,1
UID-840f508e,2026-03-12 20:42:00,+886-901-447-016,"網路購物詐騙,解除分期付款",179,41900,上班族,1
UID-416d7c74,2026-03-12 13:05:00,+886-905-728-744,"正常投資諮詢,理財規劃",2,500,高中職以下,0
UID-fc8d10cb,2026-03-13 08:53:00,+886-903-885-033,"假投資,資金盤",5,102663,大專院校,1
UID-30f62fce,2026-03-12 10:51:00,+886-902-130-472,"假員警,偵查不公開",3,7121069,50-69 中高齡,1
UID-956680c2,2026-03-13 05:58:00,+886-902-124-527,"假扣押財產,面交黃金白銀",1,4752978,70+ 長者,1
UID-18662469,2026-03-12 14:19:00,+886-904-710-051,"Threads廣告,假兼職",15,128549,學生,1
UID-de7f20fe,2026-03-12 20:53:00,+886-901-565-019,"幽靈包裹,超商取貨",204,34055,大專院校,1
UID-16c75c44,2026-03-13 01:43:00,+886-905-863-322,"正常投資諮詢,理財規劃",1,3000,學生,0
UID-db55a7d8,2026-03-13 06:45:00,+886-904-903-007,"網路交友,要求儲值,點數卡",25,56780,學生,1
UID-179c02e3,2026-03-13 05:33:00,+886-903-881-075,"假投資,資金盤",5,4234261,碩博士,1
UID-1c021183,2026-03-12 14:48:00,+886-903-881-044,"假投資,保證獲利",12,2795563,碩博士,1
UID-179cc6c7,2026-03-13 01:47:00,+886-901-301-032,"網路購物詐騙,假賣場",165,19675,大專院校,1
UID-25a9831a,2026-03-12 20:20:00,+886-904-898-005,"網路交友,要求儲值,點數卡",3,114102,上班族,1
UID-fc2fcfae,2026-03-13 08:20:00,+886-903-883-064,"假投資,虛擬貨幣,高報酬",16,2444527,碩博士,1
UID-c018f334,2026-03-12 10:01:00,+886-902-147-214,"假檢警,監管帳戶",3,2485140,70+ 長者,1
UID-fd273ec7,2026-03-12 10:37:00,+886-905-298-857,"債務不履行,退款延遲",1,0,碩博士,0
UID-2b9108cd,2026-03-12 14:31:00,+886-901-550-004,"網路購物詐騙,ATM操作",163,19003,大專院校,1
UID-81740395,2026-03-12 19:25:00,+886-905-927-262,"交易糾紛,商品瑕疵",1,500,70+ 長者,0
UID-b194e970,2026-03-13 02:37:00,+886-905-721-300,"交易糾紛,商品瑕疵",1,3000,高中職以下,0
UID-946bae68,2026-03-12 10:17:00,+886-905-525-416,"交易糾紛,商品瑕疵",2,0,碩博士,0
UID-d6a8491d,2026-03-13 06:45:00,+886-901-117-003,"網路購物詐騙,解除分期付款",166,30248,大專院校,1
UID-e09452f2,2026-03-13 00:48:00,+886-903-881-031,"假投資,內線交易,VIP通道",10,3552223,碩博士,1
UID-8e9a502a,2026-03-13 00:08:00,+886-904-682-066,"網路交友,AI濾鏡假冒",17,130971,碩博士,1
UID-8f67c2e1,2026-03-13 04:36:00,+886-903-880-062,"假投資,內線交易,VIP通道",8,1186748,上班族,1
UID-789aebde,2026-03-12 16:14:00,+886-903-883-058,"假投資,虛擬貨幣,高報酬",9,988390,50-69 中高齡,1
UID-f206f0ff,2026-03-13 05:18:00,+886-902-143-850,"假檢警,監管帳戶",3,3006413,50-69 中高齡,1
UID-4c23b8b3,2026-03-12 19:17:00,+886-903-883-084,"假投資,內線交易,VIP通道",11,2244765,碩博士,1
UID-6fe21504,2026-03-13 06:15:00,+886-902-140-244,"假檢警,監管帳戶",1,6738643,50-69 中高齡,1
UID-74f71c8f,2026-03-12 12:36:00,+886-903-887-037,"假投資,內線交易,VIP通道",6,2330349,上班族,1
UID-9fd607c4,2026-03-13 02:01:00,+886-902-199-880,"假員警,偵查不公開",3,3519589,70+ 長者,1
UID-b5360619,2026-03-12 10:39:00,+886-905-774-863,"正常投資諮詢,理財規劃",1,0,上班族,0
UID-257ce78e,2026-03-12 09:10:00,+886-999-999-999,"機器人測試,惡意灌水",11538,0,未知,0
UID-79f5fcd9,2026-03-13 01:31:00,+886-901-764-024,"網路購物詐騙,假賣場",280,13415,學生,1
UID-b6ecfbc1,2026-03-12 12:50:00,+886-901-584-013,"網路購物詐騙,假賣場",152,29703,大專院校,1
UID-46e27de4,2026-03-12 15:54:00,+886-903-885-025,"假投資,虛擬貨幣,高報酬",15,1425156,碩博士,1
UID-434b345e,2026-03-12 10:38:00,+886-904-755-049,"網路交友,AI濾鏡假冒",24,47260,碩博士,1
UID-26dc7ff1,2026-03-13 00:32:00,+886-904-985-098,"Threads廣告,假兼職",9,49479,碩博士,1
UID-739dfec0,2026-03-13 08:42:00,+886-905-427-522,"一般客訴,服務態度",1,500,高中職以下,0
UID-6bb02667,2026-03-13 06:43:00,+886-902-198-634,"假檢警,監管帳戶",3,7126769,70+ 長者,1
UID-33345985,2026-03-12 20:34:00,+886-905-828-343,"司法文書送達,正常公務",1,500,大專院校,0
UID-5a754208,2026-03-12 13:04:00,+886-902-107-334,"假扣押財產,面交黃金白銀",1,2949986,50-69 中高齡,1
UID-27d2024b,2026-03-12 23:30:00,+886-903-888-002,"假投資,資金盤",6,3895218,上班族,1
UID-8a3221b7,2026-03-13 02:38:00,+886-903-884-023,"假投資,資金盤",15,4240910,上班族,1
UID-b11c9b5f,2026-03-12 16:45:00,+886-905-917-595,"交易糾紛,商品瑕疵",1,500,70+ 長者,0
UID-96d8fd1f,2026-03-13 06:51:00,+886-903-882-026,"假投資,保證獲利",17,171665,碩博士,1
UID-c3464646,2026-03-12 15:55:00,+886-903-886-069,"假投資,資金盤",17,3669917,碩博士,1
UID-6838646d,2026-03-12 18:07:00,+886-903-884-034,"假投資,內線交易,VIP通道",14,2326417,50-69 中高齡,1
UID-ac932fa4,2026-03-13 07:17:00,+886-905-391-560,"司法文書送達,正常公務",1,500,高中職以下,0
UID-12efcd53,2026-03-12 18:18:00,+886-904-143-037,"殺豬盤,平台無法出金",8,6642,大專院校,1
UID-fe5fe85c,2026-03-13 00:40:00,+886-905-202-439,"交易糾紛,商品瑕疵",1,0,學生,0
UID-ad83a808,2026-03-12 11:29:00,+886-903-881-002,"假投資,資金盤",20,3787317,碩博士,1
UID-64d74812,2026-03-12 13:15:00,+886-903-883-027,"假投資,保證獲利",16,1696107,碩博士,1
UID-7030fc32,2026-03-12 13:45:00,+886-904-563-042,"網路交友,要求儲值,點數卡",14,97730,碩博士,1
UID-56a816f6,2026-03-12 22:58:00,+886-901-692-016,"網路購物詐騙,假賣場",502,3217,上班族,1
UID-454fe9b7,2026-03-12 15:16:00,+886-905-365-828,"司法文書送達,正常公務",1,0,碩博士,0
UID-74f1847f,2026-03-12 19:44:00,+886-902-159-302,"假檢警,監管帳戶",1,1887325,50-69 中高齡,1
UID-f518eaa4,2026-03-13 01:33:00,+886-905-951-890,"司法文書送達,正常公務",1,500,大專院校,0
UID-db204add,2026-03-13 05:24:00,+886-901-647-018,"網路購物詐騙,ATM操作",167,40843,學生,1
UID-c925c436,2026-03-12 23:46:00,+886-903-886-009,"假投資,保證獲利",8,3854654,上班族,1
UID-879eaf63,2026-03-12 14:30:00,+886-905-210-413,"債務不履行,退款延遲",1,0,碩博士,0
UID-0636421a,2026-03-12 15:38:00,+886-905-744-740,"正常投資諮詢,理財規劃",1,0,高中職以下,0
UID-32b37b37,2026-03-12 11:11:00,+886-905-553-904,"債務不履行,退款延遲",1,15000,碩博士,0
UID-dab498f9,2026-03-12 16:10:00,+886-901-789-002,"網路購物詐騙,ATM操作",213,42803,上班族,1
UID-d939c724,2026-03-12 15:05:00,+886-904-787-096,"Threads廣告,假兼職",8,50044,學生,1
UID-a1f9d223,2026-03-13 06:15:00,+886-902-106-135,"假檢警,監管帳戶",1,2637115,碩博士,1
UID-c49f86c6,2026-03-12 14:44:00,+886-902-153-454,"假檢警,監管帳戶",2,4391981,碩博士,1
UID-6f7c9a7a,2026-03-12 13:23:00,+886-902-153-117,"假員警,偵查不公開",2,5439875,70+ 長者,1
UID-269ea606,2026-03-13 03:03:00,+886-905-828-469,"司法文書送達,正常公務",1,3000,50-69 中高齡,0
UID-c367d954,2026-03-12 15:47:00,+886-901-579-002,"幽靈包裹,超商取貨",174,9323,學生,1
UID-ed08f943,2026-03-12 23:47:00,+886-905-281-552,"司法文書送達,正常公務",2,0,碩博士,0
UID-8a16c7fa,2026-03-13 00:42:00,+886-905-713-244,"一般客訴,服務態度",1,15000,碩博士,0
UID-76c2a657,2026-03-12 22:17:00,+886-903-881-073,"假投資,資金盤",16,1279919,大專院校,1
UID-6f208333,2026-03-12 15:21:00,+886-904-285-087,"殺豬盤,平台無法出金",16,108007,學生,1
UID-4d4038eb,2026-03-12 23:54:00,+886-905-533-573,"正常投資諮詢,理財規劃",1,3000,70+ 長者,0
UID-136e2943,2026-03-13 06:38:00,+886-905-597-322,"正常投資諮詢,理財規劃",2,500,高中職以下,0
UID-a41c07f2,2026-03-12 19:40:00,+886-905-683-989,"一般客訴,服務態度",1,15000,70+ 長者,0
UID-bc7ab124,2026-03-13 00:02:00,+886-903-885-048,"假投資,資金盤",8,1621336,50-69 中高齡,1
UID-eed8e8bf,2026-03-13 02:55:00,+886-905-861-319,"債務不履行,退款延遲",2,15000,大專院校,0
UID-ec7a8605,2026-03-12 11:10:00,+886-905-631-666,"債務不履行,退款延遲",1,500,高中職以下,0
UID-05185d4b,2026-03-12 15:04:00,+886-902-128-733,"假冒郵局,普發現金冒領",1,1672356,70+ 長者,1
UID-fb4c5962,2026-03-12 13:01:00,+886-903-888-076,"假投資,內線交易,VIP通道",10,4751035,碩博士,1
UID-b681f72a,2026-03-12 15:54:00,+886-903-885-072,"假投資,內線交易,VIP通道",19,2032353,上班族,1
UID-e0088f24,2026-03-13 00:03:00,+886-901-545-006,"網路購物詐騙,假賣場",441,12357,高中職以下,1
UID-ce1bef22,2026-03-13 02:01:00,+886-903-886-028,"假投資,資金盤",5,907661,上班族,1
UID-759a0150,2026-03-12 15:10:00,+886-902-163-767,"假檢警,監管帳戶",1,3394079,70+ 長者,1
UID-583d0e0b,2026-03-12 22:56:00,+886-902-178-999,"假扣押財產,面交黃金白銀",2,1370359,50-69 中高齡,1
UID-e36c2d37,2026-03-12 17:25:00,+886-903-884-056,"假投資,資金盤",18,4270417,碩博士,1
UID-773abbe7,2026-03-12 21:53:00,+886-904-942-019,"網路交友,AI濾鏡假冒",15,41670,上班族,1
UID-ab1b85f5,2026-03-13 06:01:00,+886-905-902-397,"交易糾紛,商品瑕疵",1,3000,50-69 中高齡,0
UID-2d7d413e,2026-03-13 04:30:00,+886-904-727-093,"網路交友,AI濾鏡假冒",13,1729,學生,1
UID-2dee1dec,2026-03-12 16:56:00,+886-905-284-315,"正常投資諮詢,理財規劃",2,15000,70+ 長者,0
UID-7b06a4a6,2026-03-12 15:41:00,+886-905-947-489,"交易糾紛,商品瑕疵",1,15000,碩博士,0
UID-6bd5d290,2026-03-12 15:31:00,+886-902-174-181,"假員警,偵查不公開",3,5661475,碩博士,1
UID-bbdc841b,2026-03-13 02:34:00,+886-904-221-088,"網路交友,AI濾鏡假冒",19,32264,大專院校,1
UID-4efcf90e,2026-03-13 05:16:00,+886-905-409-210,"債務不履行,退款延遲",2,3000,大專院校,0
UID-8e440cc6,2026-03-12 12:10:00,+886-905-488-151,"正常投資諮詢,理財規劃",1,0,上班族,0
UID-81c144a9,2026-03-12 16:57:00,+886-901-870-049,"網路購物詐騙,解除分期付款",198,17791,大專院校,1
UID-6f5bfad0,2026-03-13 04:04:00,+886-903-881-042,"假投資,資金盤",6,3080283,50-69 中高齡,1
UID-e30512a6,2026-03-12 11:58:00,+886-905-864-697,"司法文書送達,正常公務",1,3000,大專院校,0
UID-895f6245,2026-03-13 08:14:00,+886-904-551-095,"殺豬盤,平台無法出金",19,7687,大專院校,1
UID-74b7f57a,2026-03-12 21:03:00,+886-904-972-076,"殺豬盤,平台無法出金",2,75178,大專院校,1
UID-d9e04966,2026-03-12 11:38:00,+886-903-885-030,"假投資,虛擬貨幣,高報酬",20,1664901,50-69 中高齡,1
UID-37e0d87c,2026-03-13 00:18:00,+886-902-114-382,"假員警,偵查不公開",1,5886590,50-69 中高齡,1
UID-d741206f,2026-03-13 06:59:00,+886-902-117-726,"假冒郵局,普發現金冒領",1,1776695,70+ 長者,1
UID-e7682c8b,2026-03-12 09:28:00,+886-905-138-186,"司法文書送達,正常公務",1,15000,大專院校,0
UID-6ff94607,2026-03-12 09:52:00,+886-905-127-839,"正常投資諮詢,理財規劃",2,3000,碩博士,0
UID-debccbec,2026-03-12 15:48:00,+886-904-364-088,"Threads廣告,假兼職",27,123817,碩博士,1
UID-3e433085,2026-03-12 09:19:00,+886-905-569-357,"交易糾紛,商品瑕疵",2,15000,碩博士,0
UID-76229e70,2026-03-12 16:46:00,+886-904-223-095,"網路交友,要求儲值,點數卡",2,26833,碩博士,1
UID-fc0908cf,2026-03-13 02:13:00,+886-903-889-009,"假投資,保證獲利",15,4191551,上班族,1
UID-abf5be48,2026-03-12 11:15:00,+886-903-882-003,"假投資,資金盤",5,2748016,上班族,1
UID-1418a1e4,2026-03-13 01:22:00,+886-905-590-750,"債務不履行,退款延遲",2,0,上班族,0
UID-7c10943e,2026-03-12 19:18:00,+886-902-132-429,"假冒郵局,普發現金冒領",3,3015618,70+ 長者,1
UID-076af7f6,2026-03-12 20:25:00,+886-901-319-004,"網路購物詐騙,假賣場",193,16567,上班族,1
UID-be75d43d,2026-03-13 02:19:00,+886-903-884-099,"假投資,資金盤",17,4014004,碩博士,1
UID-c6da54b4,2026-03-12 11:36:00,+886-904-799-074,"殺豬盤,平台無法出金",5,67201,上班族,1
UID-c0463f42,2026-03-13 01:05:00,+886-903-885-085,"假投資,資金盤",20,1708665,50-69 中高齡,1
UID-2552f98c,2026-03-12 23:44:00,+886-905-200-661,"交易糾紛,商品瑕疵",2,0,學生,0
UID-c4d9ba3e,2026-03-12 21:12:00,+886-904-467-012,"網路交友,AI濾鏡假冒",4,89731,大專院校,1
UID-d15a6c44,2026-03-13 08:53:00,+886-901-690-003,"網路購物詐騙,ATM操作",174,9773,上班族,1
UID-52a911ad,2026-03-12 09:12:00,+886-903-881-095,"假投資,虛擬貨幣,高報酬",10,3047525,碩博士,1
UID-4c430426,2026-03-13 03:46:00,+886-902-110-924,"假檢警,監管帳戶",1,1732437,70+ 長者,1
UID-b080cbcb,2026-03-13 03:44:00,+886-904-724-011,"殺豬盤,平台無法出金",8,7833,學生,1
UID-774395a2,2026-03-12 17:24:00,+886-905-143-402,"司法文書送達,正常公務",2,500,50-69 中高齡,0
UID-a46422a0,2026-03-12 18:05:00,+886-903-888-057,"假投資,保證獲利",17,3862324,碩博士,1
UID-58482576,2026-03-13 08:51:00,+886-905-672-151,"交易糾紛,商品瑕疵",1,500,50-69 中高齡,0
UID-777784e4,2026-03-12 12:56:00,+886-901-153-011,"幽靈包裹,超商取貨",412,42308,高中職以下,1
UID-4814e91e,2026-03-12 15:56:00,+886-903-889-020,"假投資,資金盤",11,3678147,碩博士,1
UID-78d6363d,2026-03-13 06:36:00,+886-902-195-942,"假冒郵局,普發現金冒領",2,3615054,70+ 長者,1
UID-abbe8db8,2026-03-13 01:22:00,+886-905-182-485,"司法文書送達,正常公務",1,0,上班族,0
UID-854ce836,2026-03-12 22:18:00,+886-901-931-034,"網路購物詐騙,假賣場",168,33060,大專院校,1
UID-bfb82c7a,2026-03-12 11:44:00,+886-905-939-644,"債務不履行,退款延遲",1,500,學生,0
UID-f13b6a9d,2026-03-12 23:27:00,+886-905-627-105,"一般客訴,服務態度",2,15000,學生,0
UID-41e4b3ff,2026-03-13 00:26:00,+886-905-240-119,"債務不履行,退款延遲",1,3000,大專院校,0
UID-c26e9623,2026-03-13 05:17:00,+886-904-658-032,"殺豬盤,平台無法出金",11,90182,上班族,1
UID-a46e5da9,2026-03-12 22:10:00,+886-904-407-044,"Threads廣告,假兼職",13,134206,上班族,1
UID-c23af1e8,2026-03-12 12:43:00,+886-901-430-021,"網路購物詐騙,解除分期付款",181,18810,上班族,1
UID-aea60e5c,2026-03-12 21:09:00,+886-903-884-073,"假投資,資金盤",11,4008859,50-69 中高齡,1
UID-d1616b50,2026-03-12 11:40:00,+886-904-528-028,"網路交友,AI濾鏡假冒",13,146153,上班族,1
UID-17531312,2026-03-13 02:34:00,+886-904-352-061,"網路交友,AI濾鏡假冒",13,41909,大專院校,1
UID-0ba85d18,2026-03-13 06:20:00,+886-903-886-091,"假投資,資金盤",19,1569573,碩博士,1
UID-034a4458,2026-03-12 11:57:00,+886-904-433-070,"網路交友,要求儲值,點數卡",18,38890,上班族,1
UID-9f4800f6,2026-03-12 10:43:00,+886-903-880-035,"假投資,內線交易,VIP通道",8,2076171,50-69 中高齡,1
UID-5d5532b2,2026-03-13 06:08:00,+886-901-681-006,"網路購物詐騙,解除分期付款",181,30605,高中職以下,1
UID-3a2d6235,2026-03-13 03:09:00,+886-903-881-013,"假投資,內線交易,VIP通道",7,826212,50-69 中高齡,1
UID-ed40bee5,2026-03-12 22:20:00,+886-903-883-052,"假投資,資金盤",12,2200470,上班族,1
UID-71a4b68c,2026-03-13 00:41:00,+886-905-527-865,"債務不履行,退款延遲",2,3000,高中職以下,0
UID-22a7973d,2026-03-13 01:04:00,+886-904-481-082,"Threads廣告,假兼職",30,34258,上班族,1
UID-7769269c,2026-03-13 00:25:00,+886-903-880-049,"假投資,保證獲利",6,4455155,大專院校,1
UID-5ad1de91,2026-03-12 16:01:00,+886-905-126-336,"正常投資諮詢,理財規劃",2,15000,50-69 中高齡,0
UID-e619f88c,2026-03-13 02:11:00,+886-903-884-064,"假投資,資金盤",15,1595370,上班族,1
UID-cbad21e5,2026-03-12 16:02:00,+886-905-735-822,"交易糾紛,商品瑕疵",1,3000,大專院校,0
UID-04b1e47a,2026-03-13 04:43:00,+886-902-123-124,"假員警,偵查不公開",2,3587794,70+ 長者,1
UID-faed71b8,2026-03-12 16:39:00,+886-903-889-026,"假投資,虛擬貨幣,高報酬",6,4377198,上班族,1
UID-ae201df5,2026-03-12 14:35:00,+886-901-161-034,"幽靈包裹,超商取貨",219,3126,上班族,1
UID-0889d471,2026-03-12 23:25:00,+886-905-844-334,"債務不履行,退款延遲",2,15000,70+ 長者,0
UID-60853d8b,2026-03-12 20:00:00,+886-905-298-450,"司法文書送達,正常公務",2,0,學生,0
UID-e153e202,2026-03-13 04:44:00,+886-904-740-024,"網路交友,AI濾鏡假冒",2,6541,上班族,1
UID-25771162,2026-03-13 06:24:00,+886-904-908-040,"網路交友,要求儲值,點數卡",17,92426,上班族,1
UID-e30bc283,2026-03-12 20:56:00,+886-905-581-832,"一般客訴,服務態度",2,15000,碩博士,0
UID-8f66d585,2026-03-12 09:01:00,+886-903-880-068,"假投資,內線交易,VIP通道",15,4264900,碩博士,1
UID-5b1f1cea,2026-03-13 06:27:00,+886-901-635-009,"網路購物詐騙,假賣場",240,6065,上班族,1
UID-8c472559,2026-03-12 11:48:00,+886-903-883-057,"假投資,虛擬貨幣,高報酬",17,1061214,上班族,1
UID-b513d963,2026-03-13 04:55:00,+886-905-918-581,"債務不履行,退款延遲",1,0,高中職以下,0
UID-950ed53a,2026-03-12 16:50:00,+886-904-213-026,"網路交友,AI濾鏡假冒",3,121697,上班族,1
UID-5318b55e,2026-03-12 17:38:00,+886-904-252-048,"Threads廣告,假兼職",24,30134,大專院校,1
UID-a8564ba4,2026-03-13 02:16:00,+886-903-881-095,"假投資,內線交易,VIP通道",20,1448634,碩博士,1
UID-4c333236,2026-03-13 02:56:00,+886-903-880-017,"假投資,內線交易,VIP通道",7,2840482,上班族,1
UID-680b4840,2026-03-12 11:38:00,+886-903-881-041,"假投資,資金盤",12,629633,大專院校,1
UID-334ed152,2026-03-12 13:40:00,+886-904-595-059,"殺豬盤,平台無法出金",8,122254,上班族,1
UID-1b6dd193,2026-03-12 14:29:00,+886-904-651-003,"網路交友,AI濾鏡假冒",26,101099,上班族,1
UID-998aa675,2026-03-12 19:42:00,+886-905-892-211,"債務不履行,退款延遲",1,0,碩博士,0
UID-eb110e9f,2026-03-13 02:49:00,+886-902-125-213,"假扣押財產,面交黃金白銀",3,6916341,70+ 長者,1
UID-f0dbc973,2026-03-13 04:17:00,+886-901-287-037,"網路購物詐騙,ATM操作",156,33355,學生,1
UID-1bbbe2ff,2026-03-12 18:23:00,+886-903-886-027,"假投資,資金盤",20,1104196,碩博士,1
UID-e0c9b45b,2026-03-12 09:58:00,+886-902-177-646,"假扣押財產,面交黃金白銀",2,6514719,50-69 中高齡,1
UID-b1edafa3,2026-03-13 01:56:00,+886-904-949-057,"網路交友,要求儲值,點數卡",14,118677,學生,1
UID-bc352599,2026-03-12 11:39:00,+886-905-100-625,"正常投資諮詢,理財規劃",2,0,上班族,0
UID-07c574e1,2026-03-13 06:24:00,+886-902-159-649,"假檢警,監管帳戶",3,1796664,70+ 長者,1
UID-827df72d,2026-03-12 11:12:00,+886-903-882-038,"假投資,內線交易,VIP通道",18,4230433,碩博士,1
UID-66bfbae5,2026-03-12 19:14:00,+886-903-884-005,"假投資,虛擬貨幣,高報酬",6,4614172,碩博士,1
UID-7949e4c3,2026-03-13 07:02:00,+886-905-876-290,"司法文書送達,正常公務",2,3000,70+ 長者,0
UID-9cc1e2c6,2026-03-12 10:26:00,+886-902-123-469,"假檢警,監管帳戶",2,4475667,50-69 中高齡,1
UID-bc384eb4,2026-03-12 19:05:00,+886-904-134-008,"Threads廣告,假兼職",12,97203,上班族,1
UID-646fb69c,2026-03-12 14:00:00,+886-905-973-984,"正常投資諮詢,理財規劃",1,15000,高中職以下,0
UID-06e8b2e2,2026-03-12 16:17:00,+886-905-488-109,"交易糾紛,商品瑕疵",1,3000,學生,0
UID-0a9be7c4,2026-03-12 15:05:00,+886-905-840-587,"交易糾紛,商品瑕疵",1,15000,上班族,0
UID-aaaa7b6c,2026-03-12 09:07:00,+886-999-999-999,"機器人測試,惡意灌水",11668,0,未知,0
UID-5630abb2,2026-03-13 07:20:00,+886-905-322-131,"正常投資諮詢,理財規劃",2,3000,學生,0
UID-1e897411,2026-03-12 22:23:00,+886-901-548-015,"網路購物詐騙,ATM操作",1350,22223,大專院校,1
UID-05286ba1,2026-03-12 09:54:00,+886-903-883-060,"假投資,虛擬貨幣,高報酬",7,1052863,碩博士,1
UID-b4fe1231,2026-03-13 08:57:00,+886-904-740-001,"網路交友,AI濾鏡假冒",13,132907,上班族,1
UID-421f66e7,2026-03-13 01:05:00,+886-903-888-094,"假投資,保證獲利",16,4911808,碩博士,1
UID-edf8f3aa,2026-03-12 18:50:00,+886-905-351-601,"一般客訴,服務態度",1,3000,學生,0
UID-34be065e,2026-03-12 21:06:00,+886-902-173-117,"假檢警,監管帳戶",1,2147234,50-69 中高齡,1
UID-d6660346,2026-03-13 00:29:00,+886-904-694-006,"網路交友,AI濾鏡假冒",4,101677,上班族,1
UID-ae8e993e,2026-03-12 16:00:00,+886-904-960-038,"殺豬盤,平台無法出金",17,47257,上班族,1
UID-a43ca9f5,2026-03-12 14:46:00,+886-905-801-619,"交易糾紛,商品瑕疵",1,15000,大專院校,0
UID-f3bb3769,2026-03-12 20:31:00,+886-903-888-090,"假投資,虛擬貨幣,高報酬",17,2153771,大專院校,1
UID-54f9eeea,2026-03-13 06:31:00,+886-905-691-435,"交易糾紛,商品瑕疵",1,15000,大專院校,0
UID-0a11ea03,2026-03-13 08:34:00,+886-904-317-086,"網路交友,AI濾鏡假冒",14,128634,學生,1
UID-f681f240,2026-03-13 03:14:00,+886-902-143-374,"假扣押財產,面交黃金白銀",3,5038447,70+ 長者,1
UID-df64dc1d,2026-03-13 05:23:00,+886-905-571-700,"交易糾紛,商品瑕疵",2,15000,上班族,0
UID-c9b6c101,2026-03-12 22:16:00,+886-903-882-034,"假投資,內線交易,VIP通道",17,3707164,50-69 中高齡,1
UID-50e46205,2026-03-13 03:40:00,+886-904-509-071,"殺豬盤,平台無法出金",30,78023,上班族,1
UID-a8a32693,2026-03-12 15:19:00,+886-905-837-597,"交易糾紛,商品瑕疵",1,500,上班族,0
UID-80ba93b5,2026-03-13 00:57:00,+886-903-881-054,"假投資,內線交易,VIP通道",10,2509832,碩博士,1
UID-86191480,2026-03-13 07:30:00,+886-903-882-015,"假投資,資金盤",6,4361050,50-69 中高齡,1
UID-1e9070cf,2026-03-13 02:31:00,+886-905-211-404,"一般客訴,服務態度",2,15000,碩博士,0
UID-4be4c4de,2026-03-12 22:56:00,+886-902-103-307,"假檢警,監管帳戶",1,4307757,50-69 中高齡,1
UID-5f766c22,2026-03-13 06:09:00,+886-903-883-025,"假投資,保證獲利",7,4864692,大專院校,1
UID-3a4c6ac0,2026-03-12 15:45:00,+886-905-684-131,"司法文書送達,正常公務",2,3000,上班族,0
UID-22f68ac4,2026-03-12 11:58:00,+886-904-766-044,"網路交友,要求儲值,點數卡",23,23897,大專院校,1
UID-a26fd540,2026-03-12 15:04:00,+886-903-888-022,"假投資,內線交易,VIP通道",6,974903,碩博士,1
UID-a89e7a89,2026-03-12 14:37:00,+886-903-881-056,"假投資,保證獲利",8,4575875,碩博士,1
UID-b0eb4b49,2026-03-12 15:11:00,+886-905-631-670,"一般客訴,服務態度",2,15000,上班族,0
UID-7e1aaf00,2026-03-12 23:24:00,+886-904-284-004,"網路交友,AI濾鏡假冒",22,127830,上班族,1
UID-32c180ab,2026-03-12 20:36:00,+886-903-883-033,"假投資,內線交易,VIP通道",6,3808423,50-69 中高齡,1
UID-8a60ec2f,2026-03-13 08:21:00,+886-904-863-083,"網路交友,AI濾鏡假冒",16,54792,學生,1
UID-9f2bbb30,2026-03-12 21:45:00,+886-905-146-711,"一般客訴,服務態度",1,15000,碩博士,0
UID-b56ec746,2026-03-13 08:01:00,+886-904-493-081,"Threads廣告,假兼職",5,31952,學生,1
UID-ce35354e,2026-03-13 00:20:00,+886-905-463-350,"交易糾紛,商品瑕疵",1,500,學生,0
UID-b9d6a5c0,2026-03-12 18:20:00,+886-905-857-446,"司法文書送達,正常公務",1,0,上班族,0
UID-a59abaa2,2026-03-12 09:26:00,+886-905-465-434,"債務不履行,退款延遲",1,500,上班族,0
UID-606964cb,2026-03-12 17:48:00,+886-905-255-103,"一般客訴,服務態度",2,500,碩博士,0
UID-4b987137,2026-03-13 02:33:00,+886-901-594-015,"網路購物詐騙,假賣場",179,39882,高中職以下,1
UID-8e6b5fb7,2026-03-13 08:08:00,+886-903-883-095,"假投資,資金盤",14,4745371,上班族,1
UID-e10ce5f5,2026-03-13 01:31:00,+886-905-261-814,"正常投資諮詢,理財規劃",1,0,50-69 中高齡,0
UID-8cb8d53b,2026-03-13 01:25:00,+886-903-886-041,"假投資,保證獲利",7,659117,碩博士,1
UID-2dced611,2026-03-13 02:46:00,+886-903-881-018,"假投資,資金盤",11,4770036,碩博士,1
UID-7d65ae9b,2026-03-12 22:41:00,+886-905-898-808,"一般客訴,服務態度",2,3000,70+ 長者,0
UID-dbd6d92c,2026-03-12 10:07:00,+886-902-121-492,"假檢警,監管帳戶",1,2239819,50-69 中高齡,1
UID-6ca7129e,2026-03-13 08:05:00,+886-905-673-197,"正常投資諮詢,理財規劃",1,3000,上班族,0
UID-44a6b604,2026-03-13 04:33:00,+886-903-881-015,"假投資,內線交易,VIP通道",20,2599904,上班族,1
UID-9b3a9330,2026-03-12 10:36:00,+886-901-584-005,"幽靈包裹,超商取貨",200,43733,上班族,1
UID-67a541ec,2026-03-12 20:52:00,+886-904-521-027,"網路交友,AI濾鏡假冒",8,59455,大專院校,1
UID-a8c2b4bb,2026-03-12 23:14:00,+886-904-188-013,"網路交友,要求儲值,點數卡",30,100004,學生,1
UID-9c72e3a2,2026-03-13 04:02:00,+886-905-501-670,"一般客訴,服務態度",1,0,高中職以下,0
UID-68d62cf0,2026-03-13 01:31:00,+886-902-106-892,"假冒郵局,普發現金冒領",2,651712,70+ 長者,1
UID-d1b89d4d,2026-03-13 07:07:00,+886-903-883-091,"假投資,資金盤",8,3929596,50-69 中高齡,1
UID-79e09fde,2026-03-12 16:53:00,+886-904-607-060,"Threads廣告,假兼職",29,60353,上班族,1
UID-cca76596,2026-03-13 08:15:00,+886-904-867-067,"Threads廣告,假兼職",5,85782,大專院校,1
UID-812e4269,2026-03-12 15:16:00,+886-903-886-090,"假投資,虛擬貨幣,高報酬",12,4099558,碩博士,1
UID-6ffdc8a6,2026-03-13 06:25:00,+886-903-882-015,"假投資,資金盤",17,1736224,50-69 中高齡,1
UID-675b871d,2026-03-12 21:30:00,+886-904-385-055,"網路交友,要求儲值,點數卡",29,67647,碩博士,1
UID-560e92d7,2026-03-12 23:10:00,+886-905-152-707,"一般客訴,服務態度",2,500,50-69 中高齡,0
UID-a3aad8f9,2026-03-12 10:21:00,+886-905-535-946,"正常投資諮詢,理財規劃",1,15000,50-69 中高齡,0
UID-32ea34db,2026-03-13 07:34:00,+886-901-378-038,"幽靈包裹,超商取貨",157,7828,高中職以下,1
UID-ad3e24d7,2026-03-12 09:42:00,+886-904-211-086,"Threads廣告,假兼職",18,49377,上班族,1
UID-5881831d,2026-03-12 15:32:00,+886-905-289-334,"債務不履行,退款延遲",2,0,70+ 長者,0
UID-d4ef148c,2026-03-12 18:36:00,+886-905-742-894,"司法文書送達,正常公務",2,0,上班族,0
UID-d0f077ed,2026-03-13 05:05:00,+886-901-692-025,"網路購物詐騙,假賣場",242,13450,大專院校,1
UID-c2b9dca0,2026-03-13 02:29:00,+886-903-880-026,"假投資,資金盤",13,1149009,上班族,1
UID-83623113,2026-03-12 09:53:00,+886-901-135-024,"網路購物詐騙,ATM操作",419,26310,高中職以下,1
UID-6fc57979,2026-03-12 10:19:00,+886-902-113-552,"假扣押財產,面交黃金白銀",2,7563630,70+ 長者,1
UID-5f2d7778,2026-03-12 17:18:00,+886-903-880-094,"假投資,資金盤",7,1409303,碩博士,1
UID-7b4dfec8,2026-03-12 16:41:00,+886-903-887-051,"假投資,資金盤",18,1109950,碩博士,1
UID-87c026fa,2026-03-12 12:22:00,+886-902-157-804,"假冒郵局,普發現金冒領",2,6305111,碩博士,1
UID-5bb893fd,2026-03-12 14:10:00,+886-905-320-745,"正常投資諮詢,理財規劃",1,3000,上班族,0
UID-0363902f,2026-03-12 14:55:00,+886-901-465-035,"網路購物詐騙,假賣場",181,20917,上班族,1
UID-d9cc3128,2026-03-13 02:58:00,+886-905-286-664,"債務不履行,退款延遲",2,0,學生,0
UID-6ef185b2,2026-03-12 20:56:00,+886-905-317-387,"正常投資諮詢,理財規劃",1,500,50-69 中高齡,0
UID-06e7ac50,2026-03-12 16:12:00,+886-904-305-038,"網路交友,要求儲值,點數卡",19,107960,學生,1
UID-8cae642c,2026-03-12 15:23:00,+886-905-424-851,"債務不履行,退款延遲",2,3000,50-69 中高齡,0
UID-89103168,2026-03-12 15:31:00,+886-904-692-078,"殺豬盤,平台無法出金",21,27860,學生,1
UID-f46e9800,2026-03-12 10:39:00,+886-903-880-082,"假投資,內線交易,VIP通道",10,2826627,50-69 中高齡,1
UID-44c6776c,2026-03-13 04:11:00,+886-901-428-014,"幽靈包裹,超商取貨",663,6496,高中職以下,1
UID-2af9e469,2026-03-12 14:51:00,+886-904-352-008,"Threads廣告,假兼職",11,144581,碩博士,1
UID-b044a39d,2026-03-13 05:39:00,+886-901-245-031,"幽靈包裹,超商取貨",724,22904,高中職以下,1
UID-e590b07c,2026-03-12 21:34:00,+886-904-241-026,"Threads廣告,假兼職",21,146157,上班族,1
UID-eb4219fa,2026-03-13 07:59:00,+886-903-889-064,"假投資,保證獲利",11,3873399,50-69 中高齡,1
UID-e9b008c8,2026-03-13 02:53:00,+886-902-181-963,"假員警,偵查不公開",1,4948079,70+ 長者,1
UID-842615ed,2026-03-12 21:14:00,+886-901-455-024,"幽靈包裹,超商取貨",196,15701,大專院校,1
UID-ff9c2667,2026-03-13 02:21:00,+886-903-884-087,"假投資,虛擬貨幣,高報酬",15,1939747,上班族,1
UID-f8d995af,2026-03-12 22:25:00,+886-904-250-009,"Threads廣告,假兼職",26,140378,學生,1
UID-e7e4d9df,2026-03-12 11:41:00,+886-904-727-057,"殺豬盤,平台無法出金",19,84355,大專院校,1
UID-6b7631fb,2026-03-12 15:13:00,+886-903-883-094,"假投資,內線交易,VIP通道",16,975942,50-69 中高齡,1
UID-966d3d25,2026-03-12 18:47:00,+886-905-283-606,"交易糾紛,商品瑕疵",2,15000,大專院校,0
UID-ea8c9477,2026-03-13 00:37:00,+886-903-884-051,"假投資,內線交易,VIP通道",5,2159873,碩博士,1
UID-25eaf00a,2026-03-12 15:18:00,+886-905-712-517,"司法文書送達,正常公務",2,3000,大專院校,0
UID-961adbf5,2026-03-12 23:27:00,+886-905-494-439,"交易糾紛,商品瑕疵",1,3000,上班族,0
UID-63bf7a8e,2026-03-12 11:08:00,+886-905-713-406,"司法文書送達,正常公務",1,0,碩博士,0
UID-4dc554dc,2026-03-12 09:02:00,+886-999-999-999,"機器人測試,惡意灌水",14174,0,未知,0
UID-09d9f87a,2026-03-12 18:49:00,+886-904-913-050,"網路交友,要求儲值,點數卡",27,52772,大專院校,1
UID-fe0fd0c1,2026-03-12 14:50:00,+886-903-880-038,"假投資,保證獲利",7,249140,大專院校,1
UID-a7c6d77a,2026-03-12 14:33:00,+886-903-887-097,"假投資,虛擬貨幣,高報酬",9,800529,碩博士,1
UID-ee71ed0b,2026-03-12 18:05:00,+886-904-156-045,"Threads廣告,假兼職",20,98542,學生,1
UID-6d56cbde,2026-03-13 06:27:00,+886-902-107-576,"假扣押財產,面交黃金白銀",2,5122224,70+ 長者,1
UID-cc082932,2026-03-13 08:57:00,+886-903-887-024,"假投資,保證獲利",15,1680393,上班族,1
UID-ff2ce3e5,2026-03-13 06:15:00,+886-901-969-032,"網路購物詐騙,ATM操作",494,11698,學生,1
UID-e7e0e2fb,2026-03-12 10:44:00,+886-901-974-008,"網路購物詐騙,ATM操作",852,24201,上班族,1
UID-138dbb0c,2026-03-12 10:05:00,+886-903-888-091,"假投資,虛擬貨幣,高報酬",15,159065,上班族,1
UID-187ee2be,2026-03-13 00:14:00,+886-901-838-019,"網路購物詐騙,假賣場",332,37412,學生,1
UID-e48e105b,2026-03-12 15:10:00,+886-904-736-010,"網路交友,要求儲值,點數卡",7,43943,上班族,1
UID-81efcdf3,2026-03-13 02:59:00,+886-903-880-063,"假投資,保證獲利",16,3040410,上班族,1
UID-6c444528,2026-03-12 20:00:00,+886-903-883-040,"假投資,保證獲利",10,3063772,碩博士,1
UID-7ce75b4f,2026-03-12 13:38:00,+886-901-501-041,"網路購物詐騙,ATM操作",221,19864,高中職以下,1
UID-f8e067a6,2026-03-12 19:17:00,+886-901-150-029,"幽靈包裹,超商取貨",243,10916,上班族,1
UID-998ff122,2026-03-12 14:56:00,+886-903-881-084,"假投資,內線交易,VIP通道",6,3565963,碩博士,1
UID-3abcc396,2026-03-12 16:38:00,+886-904-570-058,"殺豬盤,平台無法出金",4,5012,碩博士,1
UID-67bc37b9,2026-03-12 13:55:00,+886-901-415-040,"網路購物詐騙,ATM操作",189,31218,上班族,1
UID-b83115a8,2026-03-13 02:28:00,+886-905-203-799,"一般客訴,服務態度",1,3000,大專院校,0
UID-db7a70fa,2026-03-12 17:45:00,+886-903-889-086,"假投資,保證獲利",19,126066,大專院校,1
UID-205708de,2026-03-13 04:16:00,+886-905-928-113,"交易糾紛,商品瑕疵",2,500,大專院校,0
UID-b4556b29,2026-03-13 08:51:00,+886-902-157-917,"假員警,偵查不公開",2,4725396,70+ 長者,1
UID-7b0c7a5c,2026-03-12 10:29:00,+886-902-167-907,"假檢警,監管帳戶",3,7844081,70+ 長者,1
UID-0e57c598,2026-03-12 16:39:00,+886-901-597-024,"網路購物詐騙,解除分期付款",192,34103,學生,1
UID-78e87e3d,2026-03-13 02:51:00,+886-904-906-056,"網路交友,要求儲值,點數卡",29,66613,碩博士,1
UID-ece69525,2026-03-13 02:28:00,+886-903-881-053,"假投資,內線交易,VIP通道",15,2030276,碩博士,1
UID-88c6629a,2026-03-13 03:55:00,+886-905-147-910,"司法文書送達,正常公務",1,3000,70+ 長者,0
UID-cc2f58f6,2026-03-13 04:11:00,+886-901-655-011,"網路購物詐騙,假賣場",155,19526,大專院校,1
UID-89d25f0f,2026-03-13 00:25:00,+886-903-880-056,"假投資,內線交易,VIP通道",14,906928,上班族,1
UID-8aab082e,2026-03-12 16:13:00,+886-903-881-093,"假投資,資金盤",19,3577651,50-69 中高齡,1
UID-3fd9f86a,2026-03-12 10:55:00,+886-903-889-095,"假投資,內線交易,VIP通道",12,1053493,碩博士,1
UID-ab0eacd9,2026-03-12 10:04:00,+886-905-768-542,"司法文書送達,正常公務",1,15000,高中職以下,0
UID-caf87d2f,2026-03-12 10:02:00,+886-904-264-030,"網路交友,要求儲值,點數卡",9,139877,學生,1
UID-a5731222,2026-03-12 17:31:00,+886-905-250-107,"債務不履行,退款延遲",2,500,大專院校,0
UID-b41799a3,2026-03-12 16:33:00,+886-902-154-819,"假員警,偵查不公開",3,6035430,70+ 長者,1
UID-58468a24,2026-03-12 13:37:00,+886-905-549-503,"交易糾紛,商品瑕疵",2,500,高中職以下,0
UID-b1288adc,2026-03-12 20:04:00,+886-902-144-748,"假扣押財產,面交黃金白銀",2,2973673,70+ 長者,1
UID-ca70e93d,2026-03-12 22:36:00,+886-902-184-474,"假冒郵局,普發現金冒領",1,2737765,70+ 長者,1
UID-062aacdb,2026-03-12 16:05:00,+886-904-481-023,"殺豬盤,平台無法出金",5,45240,碩博士,1
UID-0cd4dbfd,2026-03-12 19:20:00,+886-901-509-018,"幽靈包裹,超商取貨",295,16199,大專院校,1
UID-109b336b,2026-03-12 10:41:00,+886-901-333-008,"網路購物詐騙,解除分期付款",189,1065,高中職以下,1
UID-9c923e3d,2026-03-12 12:55:00,+886-904-353-034,"網路交友,要求儲值,點數卡",9,124580,大專院校,1
UID-0a2f0952,2026-03-12 19:56:00,+886-905-100-426,"司法文書送達,正常公務",1,0,高中職以下,0
UID-67b7ec61,2026-03-12 16:14:00,+886-901-205-020,"網路購物詐騙,假賣場",232,5932,學生,1
UID-585c032b,2026-03-12 22:06:00,+886-904-660-099,"殺豬盤,平台無法出金",6,127575,大專院校,1
UID-2eac2275,2026-03-12 11:25:00,+886-905-487-167,"交易糾紛,商品瑕疵",2,3000,碩博士,0
UID-71669f12,2026-03-12 10:25:00,+886-902-183-316,"假冒郵局,普發現金冒領",2,7185877,50-69 中高齡,1
UID-738e2794,2026-03-12 22:54:00,+886-903-883-067,"假投資,保證獲利",12,2690111,上班族,1
UID-b6e9f833,2026-03-13 06:18:00,+886-901-417-018,"網路購物詐騙,ATM操作",1116,31281,上班族,1
UID-a6a8d4c1,2026-03-13 05:02:00,+886-903-881-067,"假投資,虛擬貨幣,高報酬",8,2529145,碩博士,1
UID-62f310f1,2026-03-12 12:59:00,+886-905-345-426,"正常投資諮詢,理財規劃",2,15000,50-69 中高齡,0
UID-c2be9cd2,2026-03-13 04:23:00,+886-902-130-882,"假扣押財產,面交黃金白銀",3,3991391,70+ 長者,1
UID-82e30421,2026-03-13 03:13:00,+886-905-523-301,"交易糾紛,商品瑕疵",1,0,50-69 中高齡,0
UID-6fd0d5ea,2026-03-12 10:11:00,+886-905-694-805,"債務不履行,退款延遲",2,15000,大專院校,0
UID-bd3c163c,2026-03-12 14:34:00,+886-903-888-067,"假投資,資金盤",19,1784386,上班族,1
UID-8353100d,2026-03-13 08:23:00,+886-905-476-568,"債務不履行,退款延遲",1,500,上班族,0
UID-b1040121,2026-03-12 09:03:00,+886-999-999-999,"機器人測試,惡意灌水",13220,0,未知,0
UID-d53ada5a,2026-03-13 04:39:00,+886-902-172-858,"假冒郵局,普發現金冒領",3,4471870,70+ 長者,1
UID-70125253,2026-03-12 23:47:00,+886-904-959-039,"殺豬盤,平台無法出金",10,106130,學生,1
UID-378bf0a6,2026-03-12 09:40:00,+886-903-889-038,"假投資,內線交易,VIP通道",20,1057333,碩博士,1
UID-ac0b8307,2026-03-12 19:30:00,+886-905-743-422,"正常投資諮詢,理財規劃",2,0,碩博士,0
UID-64c74ee0,2026-03-12 10:24:00,+886-904-878-051,"網路交友,要求儲值,點數卡",18,38587,碩博士,1
UID-26bc66f7,2026-03-12 21:50:00,+886-903-881-012,"假投資,內線交易,VIP通道",5,1132929,大專院校,1
UID-f763d2eb,2026-03-12 12:14:00,+886-901-125-028,"網路購物詐騙,ATM操作",207,16367,上班族,1
UID-1e546fb5,2026-03-12 23:53:00,+886-902-171-958,"假檢警,監管帳戶",3,7658111,50-69 中高齡,1
UID-8b1d6382,2026-03-12 17:58:00,+886-902-124-523,"假檢警,監管帳戶",3,7635162,70+ 長者,1
UID-8da2ff4f,2026-03-12 14:40:00,+886-905-865-433,"交易糾紛,商品瑕疵",2,0,大專院校,0
UID-d6121e7e,2026-03-13 03:00:00,+886-905-885-604,"司法文書送達,正常公務",2,500,學生,0
UID-2aebae7d,2026-03-13 03:32:00,+886-902-182-354,"假冒郵局,普發現金冒領",2,4253396,70+ 長者,1
UID-3bdc4615,2026-03-12 21:46:00,+886-904-982-049,"Threads廣告,假兼職",17,62515,大專院校,1
UID-c328aab8,2026-03-13 00:47:00,+886-903-883-076,"假投資,虛擬貨幣,高報酬",7,2642153,上班族,1
UID-2faa2b59,2026-03-13 05:17:00,+886-902-181-954,"假檢警,監管帳戶",2,3182453,50-69 中高齡,1
UID-02f85068,2026-03-12 13:07:00,+886-901-324-008,"網路購物詐騙,ATM操作",156,10135,上班族,1
UID-d284cde3,2026-03-12 18:37:00,+886-905-945-295,"交易糾紛,商品瑕疵",1,0,碩博士,0
UID-f2642243,2026-03-13 07:21:00,+886-901-123-042,"幽靈包裹,超商取貨",164,29180,高中職以下,1
UID-215dc0d8,2026-03-12 16:36:00,+886-905-845-774,"正常投資諮詢,理財規劃",2,500,高中職以下,0
UID-481ce6f7,2026-03-12 23:51:00,+886-901-581-029,"網路購物詐騙,解除分期付款",180,43071,大專院校,1
UID-fddcf9c1,2026-03-13 07:36:00,+886-903-880-018,"假投資,資金盤",17,4804488,大專院校,1
UID-3248cd63,2026-03-12 17:48:00,+886-905-576-593,"一般客訴,服務態度",1,3000,50-69 中高齡,0
UID-f1a442ad,2026-03-12 16:19:00,+886-904-901-033,"Threads廣告,假兼職",13,62125,碩博士,1
UID-e885dcec,2026-03-12 12:03:00,+886-904-754-072,"網路交友,要求儲值,點數卡",18,116678,碩博士,1
UID-e2dffdb3,2026-03-13 06:05:00,+886-901-321-011,"網路購物詐騙,ATM操作",169,9563,高中職以下,1
UID-73fb72b2,2026-03-13 02:31:00,+886-901-440-010,"幽靈包裹,超商取貨",159,34124,大專院校,1
UID-d70a5c08,2026-03-12 14:22:00,+886-905-573-749,"一般客訴,服務態度",1,3000,70+ 長者,0
UID-0b79d3cf,2026-03-12 13:04:00,+886-904-669-011,"網路交友,要求儲值,點數卡",18,9974,上班族,1
UID-d08548d8,2026-03-12 15:27:00,+886-903-883-049,"假投資,保證獲利",15,1077694,碩博士,1
UID-69eb181a,2026-03-12 20:00:00,+886-902-194-343,"假檢警,監管帳戶",2,1622551,70+ 長者,1
UID-c1332210,2026-03-12 09:02:00,+886-999-999-999,"機器人測試,惡意灌水",13760,0,未知,0
UID-6b7ac89c,2026-03-13 01:05:00,+886-904-621-034,"殺豬盤,平台無法出金",24,29124,學生,1
UID-61d0ceb2,2026-03-12 17:52:00,+886-904-701-027,"網路交友,要求儲值,點數卡",25,27521,上班族,1
UID-b75ac980,2026-03-13 06:50:00,+886-901-803-029,"網路購物詐騙,ATM操作",349,39296,上班族,1
UID-578ffa22,2026-03-13 08:43:00,+886-904-612-053,"Threads廣告,假兼職",19,136350,大專院校,1
UID-bf32fa4e,2026-03-12 13:04:00,+886-904-533-042,"殺豬盤,平台無法出金",13,26030,碩博士,1
UID-8ac822fc,2026-03-12 20:03:00,+886-905-651-842,"正常投資諮詢,理財規劃",2,3000,上班族,0
UID-8d274352,2026-03-12 15:43:00,+886-901-974-043,"幽靈包裹,超商取貨",245,29712,高中職以下,1
UID-eb8000e9,2026-03-12 23:49:00,+886-904-387-083,"網路交友,要求儲值,點數卡",2,631,上班族,1
UID-1da8b74b,2026-03-12 13:33:00,+886-904-335-016,"網路交友,AI濾鏡假冒",9,141201,上班族,1
UID-e9f2e979,2026-03-13 06:03:00,+886-903-889-028,"假投資,虛擬貨幣,高報酬",14,918597,50-69 中高齡,1
UID-800e544a,2026-03-12 14:49:00,+886-905-303-649,"債務不履行,退款延遲",1,0,高中職以下,0
UID-6955607b,2026-03-12 23:48:00,+886-905-646-127,"交易糾紛,商品瑕疵",2,500,高中職以下,0
UID-6df15b72,2026-03-12 11:01:00,+886-903-881-081,"假投資,資金盤",19,907181,碩博士,1
UID-c91cf469,2026-03-13 07:48:00,+886-902-153-698,"假冒郵局,普發現金冒領",3,1537099,70+ 長者,1
UID-a4ea1c6f,2026-03-12 11:29:00,+886-905-750-614,"正常投資諮詢,理財規劃",1,3000,高中職以下,0
UID-4cdaa22b,2026-03-13 06:25:00,+886-902-107-712,"假員警,偵查不公開",1,3602225,70+ 長者,1
UID-21db4f1d,2026-03-13 07:32:00,+886-902-104-669,"假檢警,監管帳戶",2,1865928,50-69 中高齡,1
UID-bf12bbd0,2026-03-13 06:01:00,+886-903-884-087,"假投資,虛擬貨幣,高報酬",12,1479569,大專院校,1
UID-5d35d7f2,2026-03-12 23:04:00,+886-905-692-581,"正常投資諮詢,理財規劃",1,15000,70+ 長者,0
UID-3f96c6d5,2026-03-12 20:55:00,+886-903-883-070,"假投資,保證獲利",7,1556315,碩博士,1
UID-a0a65fd5,2026-03-13 01:12:00,+886-905-570-734,"正常投資諮詢,理財規劃",1,3000,50-69 中高齡,0
UID-4b36f9f1,2026-03-12 14:46:00,+886-903-882-064,"假投資,虛擬貨幣,高報酬",8,934116,碩博士,1
UID-07256c96,2026-03-12 17:57:00,+886-904-147-018,"網路交友,要求儲值,點數卡",5,143786,碩博士,1
UID-58098357,2026-03-12 12:28:00,+886-903-888-066,"假投資,資金盤",9,1369735,50-69 中高齡,1
UID-c408f292,2026-03-12 20:23:00,+886-903-886-029,"假投資,資金盤",13,2748255,50-69 中高齡,1
UID-c68d7717,2026-03-13 01:44:00,+886-903-882-065,"假投資,虛擬貨幣,高報酬",6,4772186,碩博士,1
UID-c1473d32,2026-03-12 22:23:00,+886-905-834-908,"一般客訴,服務態度",1,15000,碩博士,0
UID-b9f2b1d2,2026-03-12 19:16:00,+886-904-116-084,"網路交友,AI濾鏡假冒",12,49886,碩博士,1
UID-e6c5ee53,2026-03-12 20:57:00,+886-902-187-314,"假檢警,監管帳戶",3,1813428,50-69 中高齡,1
UID-78a8e78c,2026-03-12 10:38:00,+886-901-865-008,"幽靈包裹,超商取貨",237,4414,學生,1
UID-67b067ea,2026-03-12 10:34:00,+886-904-504-001,"殺豬盤,平台無法出金",24,121504,上班族,1
UID-30cdae2a,2026-03-13 04:06:00,+886-902-159-872,"假冒郵局,普發現金冒領",1,7606852,70+ 長者,1
UID-ff97cbe6,2026-03-13 03:50:00,+886-905-774-380,"交易糾紛,商品瑕疵",2,500,50-69 中高齡,0
UID-ada3b10c,2026-03-13 03:52:00,+886-902-122-801,"假扣押財產,面交黃金白銀",3,1819946,70+ 長者,1
UID-24e25e10,2026-03-12 21:53:00,+886-905-251-683,"正常投資諮詢,理財規劃",1,500,學生,0
UID-33adf82f,2026-03-12 22:12:00,+886-903-887-058,"假投資,資金盤",19,3622073,碩博士,1
UID-61aba32c,2026-03-12 20:49:00,+886-904-542-055,"Threads廣告,假兼職",9,15264,大專院校,1
UID-646d3bc5,2026-03-12 15:42:00,+886-903-887-010,"假投資,虛擬貨幣,高報酬",11,1104576,上班族,1
UID-71249cdf,2026-03-12 09:36:00,+886-905-102-981,"司法文書送達,正常公務",1,15000,大專院校,0
UID-e03f7a34,2026-03-12 16:07:00,+886-904-365-034,"網路交友,AI濾鏡假冒",28,85354,上班族,1
UID-1c872187,2026-03-13 06:07:00,+886-905-477-411,"債務不履行,退款延遲",1,0,大專院校,0
UID-184e092d,2026-03-13 01:06:00,+886-904-880-083,"網路交友,AI濾鏡假冒",15,52063,大專院校,1
UID-8f166d3e,2026-03-12 19:27:00,+886-902-134-552,"假扣押財產,面交黃金白銀",3,1491380,50-69 中高齡,1
UID-cfdec841,2026-03-12 09:12:00,+886-902-187-137,"假員警,偵查不公開",1,4072755,50-69 中高齡,1
UID-0ee97395,2026-03-12 20:50:00,+886-905-779-165,"一般客訴,服務態度",1,3000,高中職以下,0
UID-10de6ba9,2026-03-12 15:59:00,+886-901-868-033,"網路購物詐騙,假賣場",495,42981,上班族,1
UID-d6094fc2,2026-03-12 21:53:00,+886-903-886-059,"假投資,資金盤",6,1562330,上班族,1
UID-4ec8f794,2026-03-12 11:59:00,+886-903-886-013,"假投資,保證獲利",18,3338926,上班族,1
UID-e10af6d9,2026-03-13 04:33:00,+886-905-420-678,"正常投資諮詢,理財規劃",2,500,學生,0
UID-e9862758,2026-03-12 09:07:00,+886-902-146-440,"假冒郵局,普發現金冒領",2,5927337,70+ 長者,1
UID-33e5d3a3,2026-03-12 14:11:00,+886-903-889-026,"假投資,內線交易,VIP通道",20,4404711,上班族,1
UID-d40faa46,2026-03-13 07:43:00,+886-905-166-893,"債務不履行,退款延遲",2,0,上班族,0
UID-af64047a,2026-03-12 13:19:00,+886-901-311-006,"網路購物詐騙,解除分期付款",205,29423,學生,1
UID-473a3c59,2026-03-12 21:47:00,+886-904-566-090,"Threads廣告,假兼職",6,28701,碩博士,1
UID-59c6e821,2026-03-12 12:59:00,+886-905-426-284,"正常投資諮詢,理財規劃",2,3000,50-69 中高齡,0
UID-3323b81e,2026-03-13 01:57:00,+886-905-888-448,"一般客訴,服務態度",1,3000,高中職以下,0
UID-6c0a1d5d,2026-03-12 15:11:00,+886-902-115-512,"假冒郵局,普發現金冒領",3,7226388,50-69 中高齡,1
UID-bd725a33,2026-03-12 20:31:00,+886-903-880-009,"假投資,保證獲利",16,4408007,上班族,1
UID-714c6fda,2026-03-13 04:00:00,+886-902-179-824,"假扣押財產,面交黃金白銀",3,3879113,70+ 長者,1
UID-dae0f68a,2026-03-12 10:59:00,+886-901-159-042,"網路購物詐騙,解除分期付款",1109,41640,上班族,1
UID-e88ddc54,2026-03-12 22:41:00,+886-901-894-008,"網路購物詐騙,ATM操作",165,28816,學生,1
UID-f824081d,2026-03-13 04:46:00,+886-903-886-047,"假投資,虛擬貨幣,高報酬",8,2576487,50-69 中高齡,1
UID-b0c096b7,2026-03-13 02:43:00,+886-905-653-962,"交易糾紛,商品瑕疵",1,0,70+ 長者,0
UID-e6ecfce7,2026-03-12 12:02:00,+886-901-753-050,"幽靈包裹,超商取貨",163,25401,上班族,1
UID-c2bf57bd,2026-03-13 07:45:00,+886-902-136-526,"假扣押財產,面交黃金白銀",3,6090743,50-69 中高齡,1
UID-ddc7108b,2026-03-13 04:09:00,+886-902-133-566,"假冒郵局,普發現金冒領",3,1018608,70+ 長者,1
UID-98af8edb,2026-03-13 06:43:00,+886-902-147-514,"假檢警,監管帳戶",1,3996986,70+ 長者,1
UID-c7db2007,2026-03-13 07:54:00,+886-905-892-390,"債務不履行,退款延遲",1,3000,上班族,0
UID-3ff1f314,2026-03-12 19:02:00,+886-904-212-071,"殺豬盤,平台無法出金",27,38137,學生,1
UID-572a0cde,2026-03-12 16:55:00,+886-902-142-137,"假員警,偵查不公開",3,5782880,50-69 中高齡,1
UID-bfe65881,2026-03-12 10:21:00,+886-903-889-077,"假投資,內線交易,VIP通道",20,2224742,碩博士,1
UID-4fee1ddc,2026-03-13 00:43:00,+886-904-743-004,"網路交友,AI濾鏡假冒",6,92358,上班族,1
UID-241bc9c7,2026-03-13 02:43:00,+886-902-101-531,"假員警,偵查不公開",3,2404785,50-69 中高齡,1
UID-7865e886,2026-03-12 13:23:00,+886-904-618-029,"Threads廣告,假兼職",3,70949,大專院校,1
UID-2c042707,2026-03-12 23:35:00,+886-904-563-080,"網路交友,AI濾鏡假冒",18,64893,學生,1
UID-bc50bf92,2026-03-12 13:08:00,+886-901-867-047,"網路購物詐騙,假賣場",155,29273,高中職以下,1
UID-f4c6e0d2,2026-03-13 02:27:00,+886-904-874-041,"殺豬盤,平台無法出金",12,121523,大專院校,1
UID-cfb537f0,2026-03-13 05:42:00,+886-904-669-036,"網路交友,AI濾鏡假冒",24,134825,學生,1
UID-c138d83a,2026-03-12 14:54:00,+886-904-375-043,"網路交友,AI濾鏡假冒",28,46314,碩博士,1
UID-8e959033,2026-03-13 06:23:00,+886-904-850-094,"網路交友,AI濾鏡假冒",21,71632,上班族,1
UID-ae51c3ab,2026-03-13 01:14:00,+886-901-573-017,"網路購物詐騙,解除分期付款",683,39721,學生,1
UID-871681c8,2026-03-12 23:18:00,+886-905-636-579,"一般客訴,服務態度",2,500,70+ 長者,0
UID-4028ade2,2026-03-13 01:05:00,+886-905-937-760,"債務不履行,退款延遲",2,3000,50-69 中高齡,0
UID-4742783a,2026-03-13 08:35:00,+886-905-728-228,"債務不履行,退款延遲",2,3000,碩博士,0
UID-322813b7,2026-03-12 22:41:00,+886-905-918-597,"一般客訴,服務態度",1,15000,70+ 長者,0
UID-29574080,2026-03-12 11:44:00,+886-905-906-349,"債務不履行,退款延遲",2,500,70+ 長者,0
UID-2bf68ab7,2026-03-13 00:44:00,+886-904-210-053,"Threads廣告,假兼職",17,90353,大專院校,1
UID-dcf52393,2026-03-12 17:02:00,+886-903-889-067,"假投資,虛擬貨幣,高報酬",6,892939,50-69 中高齡,1
UID-ca57acdf,2026-03-12 20:36:00,+886-901-357-015,"網路購物詐騙,解除分期付款",368,19649,學生,1
UID-733b5c8b,2026-03-13 05:36:00,+886-904-572-049,"Threads廣告,假兼職",25,105911,學生,1
UID-15eca90f,2026-03-13 03:03:00,+886-905-128-115,"債務不履行,退款延遲",1,15000,70+ 長者,0
UID-c2339805,2026-03-12 19:23:00,+886-903-880-063,"假投資,虛擬貨幣,高報酬",11,4738880,50-69 中高齡,1
UID-3f981400,2026-03-13 04:27:00,+886-903-888-051,"假投資,保證獲利",9,4270214,50-69 中高齡,1
UID-ff1efe7f,2026-03-13 06:27:00,+886-901-588-005,"網路購物詐騙,ATM操作",400,13984,學生,1
UID-e07060e5,2026-03-12 18:01:00,+886-903-885-043,"假投資,資金盤",10,2782532,上班族,1
UID-5a06573c,2026-03-12 19:14:00,+886-903-884-069,"假投資,虛擬貨幣,高報酬",17,3444169,碩博士,1
UID-e8d3679f,2026-03-12 23:48:00,+886-905-413-881,"交易糾紛,商品瑕疵",2,500,50-69 中高齡,0
UID-dc5959d1,2026-03-12 21:41:00,+886-901-482-026,"網路購物詐騙,解除分期付款",241,24917,大專院校,1
UID-5489e0ce,2026-03-13 08:28:00,+886-903-881-099,"假投資,保證獲利",18,2573432,碩博士,1
UID-00f1b28e,2026-03-12 17:45:00,+886-903-881-065,"假投資,內線交易,VIP通道",11,1530238,上班族,1
UID-54ac2117,2026-03-12 12:18:00,+886-905-663-651,"交易糾紛,商品瑕疵",1,500,70+ 長者,0
UID-c0deee20,2026-03-13 08:16:00,+886-905-319-896,"正常投資諮詢,理財規劃",2,500,高中職以下,0
UID-9782409d,2026-03-12 23:48:00,+886-905-905-829,"交易糾紛,商品瑕疵",1,15000,50-69 中高齡,0
UID-4d03b260,2026-03-12 23:27:00,+886-905-831-394,"司法文書送達,正常公務",1,500,50-69 中高齡,0
UID-31470591,2026-03-12 23:51:00,+886-905-369-164,"債務不履行,退款延遲",2,3000,學生,0
UID-69ecc94f,2026-03-13 00:39:00,+886-905-627-591,"債務不履行,退款延遲",1,3000,高中職以下,0
UID-70d85ea4,2026-03-13 07:57:00,+886-905-787-349,"債務不履行,退款延遲",2,3000,70+ 長者,0
UID-262b009a,2026-03-12 17:44:00,+886-903-887-070,"假投資,內線交易,VIP通道",17,4654366,大專院校,1
UID-8a7a6cbd,2026-03-13 04:27:00,+886-905-130-916,"債務不履行,退款延遲",2,3000,上班族,0
UID-58a1d025,2026-03-13 08:00:00,+886-905-294-185,"債務不履行,退款延遲",2,3000,學生,0
UID-c9254bde,2026-03-12 15:24:00,+886-901-564-005,"網路購物詐騙,ATM操作",563,20396,高中職以下,1
UID-b12cca47,2026-03-13 06:14:00,+886-905-241-823,"一般客訴,服務態度",2,0,上班族,0
UID-4f5a32ce,2026-03-13 05:50:00,+886-901-917-049,"網路購物詐騙,解除分期付款",151,20955,高中職以下,1
UID-05ab2432,2026-03-12 20:06:00,+886-905-621-574,"司法文書送達,正常公務",2,3000,70+ 長者,0
UID-1ac55d95,2026-03-13 08:19:00,+886-904-374-047,"網路交友,AI濾鏡假冒",22,17293,學生,1
UID-012be6c1,2026-03-12 16:59:00,+886-905-274-282,"正常投資諮詢,理財規劃",1,500,上班族,0
UID-254fa9a1,2026-03-13 03:17:00,+886-905-243-825,"正常投資諮詢,理財規劃",1,500,碩博士,0
UID-28062dbd,2026-03-13 06:44:00,+886-903-883-070,"假投資,資金盤",8,2453184,碩博士,1
UID-08d426ee,2026-03-13 01:55:00,+886-904-814-030,"殺豬盤,平台無法出金",19,17605,大專院校,1
UID-f206df15,2026-03-12 13:43:00,+886-902-154-384,"假員警,偵查不公開",2,6965550,50-69 中高齡,1
UID-82e0eeee,2026-03-13 04:22:00,+886-903-884-025,"假投資,內線交易,VIP通道",18,2336162,碩博士,1
UID-5967cac5,2026-03-13 01:50:00,+886-902-109-885,"假扣押財產,面交黃金白銀",3,1436198,70+ 長者,1
UID-f36d98af,2026-03-12 22:23:00,+886-901-625-026,"網路購物詐騙,解除分期付款",159,25960,高中職以下,1
UID-f340fa1d,2026-03-13 00:51:00,+886-903-884-048,"假投資,內線交易,VIP通道",11,2897041,碩博士,1
UID-04c2da86,2026-03-13 01:26:00,+886-901-653-049,"網路購物詐騙,假賣場",307,17407,大專院校,1
UID-705d376d,2026-03-12 17:55:00,+886-903-882-096,"假投資,內線交易,VIP通道",8,1687523,50-69 中高齡,1
UID-b473fa95,2026-03-13 01:22:00,+886-902-139-969,"假冒郵局,普發現金冒領",3,2385697,70+ 長者,1
UID-f45c62bd,2026-03-13 08:36:00,+886-904-155-036,"網路交友,AI濾鏡假冒",2,42253,大專院校,1
UID-d0901c53,2026-03-12 21:51:00,+886-902-162-650,"假冒郵局,普發現金冒領",3,743911,70+ 長者,1
UID-be213278,2026-03-12 12:38:00,+886-903-889-096,"假投資,保證獲利",6,2779451,上班族,1
UID-230f0e7f,2026-03-12 15:53:00,+886-902-149-211,"假員警,偵查不公開",1,3866065,70+ 長者,1
UID-a36e71f6,2026-03-13 07:57:00,+886-903-880-020,"假投資,資金盤",15,379569,上班族,1
UID-9c405042,2026-03-12 19:41:00,+886-905-137-138,"司法文書送達,正常公務",2,15000,50-69 中高齡,0
UID-daa0fcef,2026-03-13 04:34:00,+886-903-880-029,"假投資,保證獲利",9,2300273,50-69 中高齡,1
UID-57db211a,2026-03-12 15:47:00,+886-902-194-661,"假檢警,監管帳戶",3,4758587,70+ 長者,1
UID-8dabf889,2026-03-13 02:37:00,+886-901-176-050,"幽靈包裹,超商取貨",209,40040,上班族,1
UID-86c0b9bd,2026-03-12 10:22:00,+886-903-881-059,"假投資,內線交易,VIP通道",15,2682316,碩博士,1
UID-cfdda1de,2026-03-13 00:45:00,+886-904-339-066,"Threads廣告,假兼職",13,6375,大專院校,1
UID-790bb74d,2026-03-13 08:57:00,+886-905-624-270,"交易糾紛,商品瑕疵",2,3000,50-69 中高齡,0
UID-ad406565,2026-03-13 07:15:00,+886-904-862-016,"網路交友,AI濾鏡假冒",4,46060,碩博士,1
UID-b03d8fd5,2026-03-12 13:51:00,+886-901-918-021,"網路購物詐騙,假賣場",207,39814,大專院校,1
UID-ea8bb36c,2026-03-13 06:44:00,+886-904-821-028,"網路交友,AI濾鏡假冒",5,55104,大專院校,1
UID-b948d4d7,2026-03-12 13:40:00,+886-903-886-084,"假投資,保證獲利",16,4200333,50-69 中高齡,1
UID-a60f617a,2026-03-13 04:28:00,+886-905-291-625,"一般客訴,服務態度",2,3000,大專院校,0
UID-27adec1f,2026-03-13 02:46:00,+886-905-262-438,"一般客訴,服務態度",1,3000,50-69 中高齡,0
UID-493e38bf,2026-03-12 17:02:00,+886-903-883-039,"假投資,保證獲利",9,2364044,50-69 中高齡,1
UID-1f656918,2026-03-12 18:46:00,+886-905-870-498,"司法文書送達,正常公務",1,3000,70+ 長者,0
UID-92879faf,2026-03-12 15:05:00,+886-903-882-046,"假投資,保證獲利",20,1045215,碩博士,1
UID-188b9c48,2026-03-12 11:54:00,+886-903-883-018,"假投資,內線交易,VIP通道",11,4043806,上班族,1
UID-1a255084,2026-03-13 06:02:00,+886-903-884-097,"假投資,內線交易,VIP通道",17,4721805,碩博士,1
UID-bfef021b,2026-03-13 02:31:00,+886-903-887-022,"假投資,內線交易,VIP通道",15,535007,上班族,1
UID-3970fd89,2026-03-13 05:16:00,+886-904-116-003,"殺豬盤,平台無法出金",3,54054,上班族,1
UID-6b7e0d15,2026-03-12 21:39:00,+886-902-152-494,"假員警,偵查不公開",2,3261505,50-69 中高齡,1
UID-1627c195,2026-03-13 07:00:00,+886-903-881-086,"假投資,保證獲利",17,667053,上班族,1
UID-213d9450,2026-03-13 01:53:00,+886-904-345-098,"Threads廣告,假兼職",29,96451,碩博士,1
UID-ed737eca,2026-03-13 05:11:00,+886-905-938-986,"正常投資諮詢,理財規劃",2,15000,70+ 長者,0
UID-527e36b1,2026-03-12 16:43:00,+886-901-745-007,"網路購物詐騙,ATM操作",397,23288,高中職以下,1
UID-a0060e83,2026-03-12 19:20:00,+886-905-473-738,"債務不履行,退款延遲",2,15000,學生,0
UID-03d04096,2026-03-12 12:21:00,+886-901-243-007,"網路購物詐騙,假賣場",447,17367,學生,1
UID-f997fa03,2026-03-12 14:15:00,+886-905-481-688,"司法文書送達,正常公務",2,15000,碩博士,0
UID-8c0a630f,2026-03-12 10:03:00,+886-901-859-043,"幽靈包裹,超商取貨",165,12950,上班族,1
UID-b053a7cf,2026-03-12 21:17:00,+886-905-633-820,"司法文書送達,正常公務",2,15000,碩博士,0
UID-cb3a53af,2026-03-12 18:30:00,+886-901-499-028,"幽靈包裹,超商取貨",248,28328,上班族,1
UID-764920ec,2026-03-12 16:40:00,+886-905-348-991,"司法文書送達,正常公務",2,500,學生,0
UID-b5266dd9,2026-03-13 01:38:00,+886-905-399-533,"司法文書送達,正常公務",1,15000,高中職以下,0
UID-51c05475,2026-03-12 16:19:00,+886-905-856-618,"一般客訴,服務態度",1,3000,碩博士,0
UID-577730ef,2026-03-12 18:56:00,+886-903-884-032,"假投資,虛擬貨幣,高報酬",20,1140322,碩博士,1
UID-0d0c36bd,2026-03-12 23:21:00,+886-905-541-346,"正常投資諮詢,理財規劃",2,3000,高中職以下,0
UID-5113d647,2026-03-13 07:48:00,+886-901-531-013,"網路購物詐騙,解除分期付款",302,37446,學生,1
UID-4d6dcd55,2026-03-12 09:58:00,+886-904-421-018,"殺豬盤,平台無法出金",27,16967,碩博士,1
UID-80271c59,2026-03-12 13:24:00,+886-905-683-559,"一般客訴,服務態度",1,0,大專院校,0
UID-75843873,2026-03-13 08:12:00,+886-904-212-053,"網路交友,要求儲值,點數卡",18,91321,學生,1
UID-6f253d79,2026-03-12 10:56:00,+886-902-160-406,"假冒郵局,普發現金冒領",1,2702475,70+ 長者,1
UID-fd06204e,2026-03-12 18:29:00,+886-903-882-042,"假投資,虛擬貨幣,高報酬",15,2989914,碩博士,1
UID-04f4b0c9,2026-03-12 22:07:00,+886-904-390-079,"網路交友,要求儲值,點數卡",22,95127,大專院校,1
UID-1538fbd8,2026-03-12 14:21:00,+886-901-726-046,"幽靈包裹,超商取貨",162,7745,高中職以下,1
UID-c2aa2a59,2026-03-13 08:16:00,+886-902-108-525,"假員警,偵查不公開",1,4935537,70+ 長者,1
UID-e447605c,2026-03-12 11:51:00,+886-904-815-064,"Threads廣告,假兼職",8,83220,上班族,1
UID-a51cb144,2026-03-13 08:45:00,+886-903-883-081,"假投資,內線交易,VIP通道",18,2614219,50-69 中高齡,1
UID-f397a27d,2026-03-12 09:05:00,+886-999-999-999,"機器人測試,惡意灌水",14224,0,未知,0
UID-9a4d1d64,2026-03-13 07:01:00,+886-902-142-531,"假扣押財產,面交黃金白銀",2,3780838,70+ 長者,1
UID-ffe1e9e0,2026-03-13 08:13:00,+886-901-298-036,"網路購物詐騙,ATM操作",174,24587,上班族,1
UID-7c5b6ef2,2026-03-12 10:01:00,+886-905-387-674,"正常投資諮詢,理財規劃",1,15000,上班族,0
UID-24e2c120,2026-03-12 11:31:00,+886-904-520-005,"Threads廣告,假兼職",13,105417,上班族,1
UID-d8dc4b5e,2026-03-12 11:43:00,+886-902-185-426,"假員警,偵查不公開",3,3464681,70+ 長者,1
UID-332df140,2026-03-13 07:39:00,+886-904-278-072,"網路交友,要求儲值,點數卡",22,73476,學生,1
UID-665c40d6,2026-03-12 22:01:00,+886-905-287-500,"正常投資諮詢,理財規劃",2,3000,學生,0
UID-fa9b79df,2026-03-12 13:38:00,+886-905-713-714,"一般客訴,服務態度",2,3000,50-69 中高齡,0
UID-0485615a,2026-03-13 03:22:00,+886-902-130-156,"假員警,偵查不公開",3,6616684,碩博士,1
UID-57df1346,2026-03-13 05:32:00,+886-902-134-781,"假員警,偵查不公開",3,4807431,70+ 長者,1
UID-94b2e515,2026-03-12 11:06:00,+886-903-884-006,"假投資,內線交易,VIP通道",10,430124,大專院校,1
UID-5bc7c8ed,2026-03-12 10:52:00,+886-901-329-006,"幽靈包裹,超商取貨",187,1416,高中職以下,1
UID-21a87f6b,2026-03-13 05:58:00,+886-905-249-603,"債務不履行,退款延遲",2,0,上班族,0
UID-bc6e584d,2026-03-12 12:02:00,+886-901-707-029,"網路購物詐騙,ATM操作",208,10281,上班族,1
UID-4dbc53ac,2026-03-12 23:29:00,+886-902-121-822,"假檢警,監管帳戶",1,3084655,50-69 中高齡,1
UID-a9571211,2026-03-12 20:36:00,+886-903-887-054,"假投資,保證獲利",18,4994846,碩博士,1
UID-9f2c1cb3,2026-03-13 08:35:00,+886-902-101-413,"假扣押財產,面交黃金白銀",2,7206196,50-69 中高齡,1
UID-4bcb9468,2026-03-13 04:43:00,+886-905-772-316,"司法文書送達,正常公務",2,3000,50-69 中高齡,0
UID-e1efb83f,2026-03-12 16:06:00,+886-901-727-038,"網路購物詐騙,解除分期付款",280,23860,高中職以下,1
UID-68a4ac4a,2026-03-12 17:58:00,+886-901-770-019,"網路購物詐騙,解除分期付款",154,2954,上班族,1
UID-6649365b,2026-03-12 14:14:00,+886-905-454-607,"一般客訴,服務態度",1,500,70+ 長者,0
UID-a2c84afd,2026-03-12 15:45:00,+886-903-881-072,"假投資,內線交易,VIP通道",9,2497599,上班族,1
UID-d2ddd118,2026-03-12 14:11:00,+886-904-220-089,"Threads廣告,假兼職",30,60909,碩博士,1
UID-afb8b820,2026-03-12 18:24:00,+886-902-104-817,"假扣押財產,面交黃金白銀",2,4471676,70+ 長者,1
UID-9bb759ab,2026-03-13 00:38:00,+886-905-921-931,"交易糾紛,商品瑕疵",2,500,大專院校,0
UID-9b67df82,2026-03-12 09:27:00,+886-901-886-029,"幽靈包裹,超商取貨",168,26050,高中職以下,1
UID-344a6272,2026-03-13 06:26:00,+886-903-889-062,"假投資,虛擬貨幣,高報酬",8,281405,碩博士,1
UID-673b5e9a,2026-03-13 03:27:00,+886-902-167-799,"假員警,偵查不公開",1,7820674,碩博士,1
UID-31616521,2026-03-13 01:12:00,+886-904-444-019,"網路交友,要求儲值,點數卡",11,4684,上班族,1
UID-476ffb45,2026-03-12 17:58:00,+886-903-882-084,"假投資,保證獲利",8,1973219,50-69 中高齡,1
UID-c7101743,2026-03-12 20:25:00,+886-904-335-058,"網路交友,要求儲值,點數卡",6,37645,大專院校,1
UID-c23fea95,2026-03-12 21:51:00,+886-904-702-024,"殺豬盤,平台無法出金",7,77524,上班族,1
UID-5fed8763,2026-03-13 06:34:00,+886-903-881-027,"假投資,虛擬貨幣,高報酬",6,2348768,上班族,1
UID-b20e9c80,2026-03-12 16:16:00,+886-905-121-613,"債務不履行,退款延遲",2,0,碩博士,0
UID-42e605f2,2026-03-12 23:27:00,+886-903-888-096,"假投資,資金盤",6,4302945,50-69 中高齡,1
UID-05bba94c,2026-03-12 21:37:00,+886-905-366-182,"司法文書送達,正常公務",1,0,70+ 長者,0
UID-2692d1f8,2026-03-12 11:46:00,+886-903-880-029,"假投資,資金盤",19,3330517,上班族,1
UID-84a9553a,2026-03-12 23:45:00,+886-904-495-021,"Threads廣告,假兼職",29,4210,學生,1
UID-3434de0d,2026-03-13 01:21:00,+886-901-789-014,"網路購物詐騙,ATM操作",292,39942,上班族,1
UID-020dcfa0,2026-03-13 07:06:00,+886-901-707-038,"幽靈包裹,超商取貨",182,6735,上班族,1
UID-ae295f0f,2026-03-12 18:46:00,+886-903-888-037,"假投資,虛擬貨幣,高報酬",5,161990,上班族,1
UID-047da1a6,2026-03-12 17:51:00,+886-902-146-645,"假員警,偵查不公開",3,1105601,70+ 長者,1
UID-d4ed0fd6,2026-03-13 02:24:00,+886-904-749-033,"網路交友,要求儲值,點數卡",16,27948,大專院校,1
UID-7e804a57,2026-03-12 15:11:00,+886-903-884-055,"假投資,虛擬貨幣,高報酬",13,1085294,碩博士,1
UID-4aa5898c,2026-03-12 11:50:00,+886-903-886-090,"假投資,保證獲利",11,2002415,大專院校,1
UID-c6b12b14,2026-03-12 22:53:00,+886-905-958-373,"債務不履行,退款延遲",2,3000,學生,0
UID-831956f5,2026-03-12 21:08:00,+886-903-880-050,"假投資,保證獲利",7,874924,碩博士,1
UID-6ab037e6,2026-03-12 11:24:00,+886-902-126-244,"假員警,偵查不公開",1,1947513,70+ 長者,1
UID-d9268a7f,2026-03-12 11:43:00,+886-904-212-056,"網路交友,要求儲值,點數卡",20,108164,大專院校,1
UID-6b95e90c,2026-03-12 20:35:00,+886-904-985-059,"網路交友,要求儲值,點數卡",22,54323,上班族,1
UID-87526b99,2026-03-12 18:36:00,+886-901-568-043,"網路購物詐騙,假賣場",212,31101,高中職以下,1
UID-290892c8,2026-03-13 06:31:00,+886-903-888-038,"假投資,資金盤",5,3970542,上班族,1
UID-68d6e097,2026-03-12 18:30:00,+886-904-264-013,"Threads廣告,假兼職",25,2211,大專院校,1
UID-7e0ed1cf,2026-03-13 06:24:00,+886-904-217-092,"Threads廣告,假兼職",21,107965,碩博士,1
UID-9a299665,2026-03-12 11:13:00,+886-901-989-022,"網路購物詐騙,解除分期付款",343,32694,高中職以下,1
UID-1402fd81,2026-03-12 09:08:00,+886-903-887-001,"假投資,資金盤",9,1234355,50-69 中高齡,1
UID-b6eda479,2026-03-12 09:25:00,+886-902-144-286,"假冒郵局,普發現金冒領",1,5007662,70+ 長者,1
UID-70355596,2026-03-12 18:02:00,+886-901-155-013,"網路購物詐騙,假賣場",175,16192,高中職以下,1
UID-4753b420,2026-03-12 21:05:00,+886-905-848-118,"正常投資諮詢,理財規劃",1,3000,高中職以下,0
UID-2b13f1e0,2026-03-12 11:47:00,+886-903-886-027,"假投資,保證獲利",19,3356903,大專院校,1
UID-afade904,2026-03-12 21:10:00,+886-904-562-080,"網路交友,AI濾鏡假冒",28,106731,上班族,1
UID-73a9a6cf,2026-03-13 03:28:00,+886-905-920-406,"司法文書送達,正常公務",1,0,上班族,0
UID-b91a81c7,2026-03-12 09:02:00,+886-999-999-999,"機器人測試,惡意灌水",14011,0,未知,0
UID-f7a118fc,2026-03-12 09:19:00,+886-905-690-841,"正常投資諮詢,理財規劃",1,500,50-69 中高齡,0
UID-5980c89a,2026-03-12 18:10:00,+886-903-880-073,"假投資,資金盤",13,4661791,50-69 中高齡,1
UID-ddd740d0,2026-03-13 08:57:00,+886-903-880-034,"假投資,虛擬貨幣,高報酬",10,2844223,碩博士,1
UID-98bc215c,2026-03-12 10:21:00,+886-902-167-473,"假冒郵局,普發現金冒領",2,7780688,70+ 長者,1
UID-41888bff,2026-03-13 04:57:00,+886-903-886-077,"假投資,資金盤",11,2163510,碩博士,1
UID-87d61065,2026-03-12 13:46:00,+886-905-299-457,"債務不履行,退款延遲",2,15000,50-69 中高齡,0
UID-f16d8555,2026-03-13 04:35:00,+886-904-177-005,"Threads廣告,假兼職",29,61379,上班族,1
UID-f4416bad,2026-03-12 12:52:00,+886-905-733-542,"一般客訴,服務態度",1,15000,大專院校,0
UID-90904544,2026-03-12 19:02:00,+886-902-162-451,"假員警,偵查不公開",1,5430975,50-69 中高齡,1
UID-d7f77ced,2026-03-12 14:51:00,+886-905-360-876,"交易糾紛,商品瑕疵",2,500,高中職以下,0
UID-fb7810be,2026-03-13 06:57:00,+886-903-886-047,"假投資,內線交易,VIP通道",12,1733733,50-69 中高齡,1
UID-8244a02d,2026-03-12 22:22:00,+886-905-963-253,"司法文書送達,正常公務",2,0,學生,0
UID-274df4ec,2026-03-12 14:14:00,+886-905-255-288,"司法文書送達,正常公務",1,500,碩博士,0
UID-fff0c337,2026-03-13 04:45:00,+886-901-693-044,"幽靈包裹,超商取貨",160,30608,高中職以下,1
UID-73e5db56,2026-03-13 00:10:00,+886-905-768-798,"交易糾紛,商品瑕疵",2,500,大專院校,0
UID-573284d9,2026-03-12 19:48:00,+886-905-226-416,"一般客訴,服務態度",2,3000,學生,0
UID-4522a173,2026-03-13 02:00:00,+886-905-715-476,"一般客訴,服務態度",1,500,70+ 長者,0
UID-a433eda5,2026-03-12 10:49:00,+886-905-462-708,"司法文書送達,正常公務",1,500,學生,0
UID-d637ed66,2026-03-12 23:29:00,+886-905-521-960,"債務不履行,退款延遲",1,3000,碩博士,0
UID-51a81ba9,2026-03-12 19:14:00,+886-903-888-063,"假投資,資金盤",16,1288151,上班族,1
UID-abeacca3,2026-03-13 05:17:00,+886-903-881-054,"假投資,內線交易,VIP通道",9,788095,碩博士,1
UID-f99b94bc,2026-03-13 03:58:00,+886-904-737-008,"殺豬盤,平台無法出金",25,80854,學生,1
UID-d394a448,2026-03-12 13:21:00,+886-905-556-470,"司法文書送達,正常公務",1,15000,學生,0
UID-89333a13,2026-03-12 14:52:00,+886-901-155-038,"網路購物詐騙,ATM操作",220,15643,高中職以下,1
UID-02fa652e,2026-03-13 03:09:00,+886-903-882-061,"假投資,內線交易,VIP通道",18,4914164,50-69 中高齡,1
UID-193482b9,2026-03-12 21:19:00,+886-904-765-089,"殺豬盤,平台無法出金",19,81595,碩博士,1
UID-0247820b,2026-03-12 12:05:00,+886-903-884-094,"假投資,虛擬貨幣,高報酬",8,1113593,碩博士,1
UID-651ffdc2,2026-03-12 10:48:00,+886-901-531-046,"幽靈包裹,超商取貨",172,39458,大專院校,1
UID-a03e6a07,2026-03-12 14:14:00,+886-903-881-088,"假投資,保證獲利",12,1623892,上班族,1
UID-409a0f7b,2026-03-12 15:22:00,+886-902-153-561,"假檢警,監管帳戶",2,4266347,70+ 長者,1
UID-b18aaf47,2026-03-12 13:52:00,+886-904-694-055,"殺豬盤,平台無法出金",27,96685,學生,1
UID-f014d61e,2026-03-13 00:59:00,+886-903-887-044,"假投資,內線交易,VIP通道",12,432580,上班族,1
UID-dba63f07,2026-03-12 13:56:00,+886-903-888-083,"假投資,內線交易,VIP通道",8,3204372,碩博士,1
UID-72165c88,2026-03-13 08:59:00,+886-902-163-216,"假檢警,監管帳戶",3,5549157,70+ 長者,1
UID-7825c0f6,2026-03-13 01:33:00,+886-902-111-650,"假扣押財產,面交黃金白銀",1,1129408,70+ 長者,1
UID-5e314ca0,2026-03-12 22:04:00,+886-902-145-296,"假員警,偵查不公開",1,2315442,70+ 長者,1
UID-1d92877a,2026-03-12 21:29:00,+886-905-141-759,"債務不履行,退款延遲",1,3000,高中職以下,0
UID-379c498e,2026-03-12 22:22:00,+886-904-585-059,"殺豬盤,平台無法出金",12,48175,學生,1
UID-6e0a6840,2026-03-12 19:32:00,+886-902-175-127,"假員警,偵查不公開",3,3509536,70+ 長者,1
UID-f21f1936,2026-03-13 05:08:00,+886-904-273-078,"Threads廣告,假兼職",10,48788,上班族,1
UID-d861651b,2026-03-12 11:03:00,+886-905-951-975,"司法文書送達,正常公務",2,500,70+ 長者,0
UID-dc6e3b5d,2026-03-12 15:46:00,+886-901-803-015,"網路購物詐騙,ATM操作",359,33696,高中職以下,1
UID-d82ac591,2026-03-12 10:49:00,+886-904-626-029,"網路交友,要求儲值,點數卡",6,129213,學生,1
UID-7ac1c947,2026-03-13 08:27:00,+886-901-245-042,"網路購物詐騙,ATM操作",166,36263,學生,1
UID-81c57c48,2026-03-12 14:39:00,+886-901-759-001,"網路購物詐騙,解除分期付款",2931,35128,大專院校,1
UID-af5741de,2026-03-13 07:14:00,+886-901-537-044,"網路購物詐騙,解除分期付款",209,11211,學生,1
UID-f6fa4fe2,2026-03-12 12:38:00,+886-903-882-005,"假投資,資金盤",18,434353,碩博士,1
UID-a68c60f9,2026-03-12 17:00:00,+886-903-888-077,"假投資,內線交易,VIP通道",16,482517,碩博士,1
UID-02a579b5,2026-03-12 16:20:00,+886-902-170-328,"假員警,偵查不公開",2,3369706,70+ 長者,1
UID-ff6fc841,2026-03-12 20:25:00,+886-901-212-004,"網路購物詐騙,ATM操作",170,37886,上班族,1
UID-95d4dd6b,2026-03-13 00:09:00,+886-903-885-004,"假投資,虛擬貨幣,高報酬",18,395972,上班族,1
UID-520869b6,2026-03-12 13:24:00,+886-903-886-075,"假投資,虛擬貨幣,高報酬",14,4652125,上班族,1
UID-7a071306,2026-03-13 05:35:00,+886-903-888-067,"假投資,內線交易,VIP通道",9,2177199,上班族,1
UID-596a9560,2026-03-13 05:40:00,+886-903-887-064,"假投資,內線交易,VIP通道",10,2761011,上班族,1
UID-0807b115,2026-03-12 18:19:00,+886-903-885-051,"假投資,保證獲利",10,594763,上班族,1
UID-a69b3084,2026-03-12 16:18:00,+886-905-367-206,"債務不履行,退款延遲",1,15000,50-69 中高齡,0
UID-6b5347ff,2026-03-13 06:23:00,+886-905-437-933,"債務不履行,退款延遲",2,500,碩博士,0
UID-01c44ef9,2026-03-12 13:27:00,+886-903-887-076,"假投資,內線交易,VIP通道",18,3589891,大專院校,1
UID-fd18cbf9,2026-03-13 01:46:00,+886-905-695-369,"交易糾紛,商品瑕疵",1,15000,50-69 中高齡,0
UID-39a50523,2026-03-13 04:51:00,+886-903-888-072,"假投資,保證獲利",15,3982223,上班族,1
UID-b8b7661c,2026-03-12 19:00:00,+886-904-879-066,"Threads廣告,假兼職",19,24949,學生,1
UID-96d3a658,2026-03-13 05:15:00,+886-905-860-458,"司法文書送達,正常公務",1,500,50-69 中高齡,0
UID-6ab97b05,2026-03-12 16:01:00,+886-903-880-075,"假投資,保證獲利",8,1343521,50-69 中高齡,1
UID-78e5042c,2026-03-13 06:58:00,+886-904-838-059,"網路交友,要求儲值,點數卡",20,36720,上班族,1
UID-d6f29a5d,2026-03-12 21:54:00,+886-902-182-130,"假員警,偵查不公開",1,5358799,碩博士,1
UID-6f4c0022,2026-03-12 15:59:00,+886-905-989-589,"司法文書送達,正常公務",2,500,碩博士,0
UID-14877271,2026-03-12 19:32:00,+886-904-679-076,"Threads廣告,假兼職",5,122744,上班族,1
UID-a2d7dbb8,2026-03-12 14:07:00,+886-901-491-016,"網路購物詐騙,ATM操作",244,43414,大專院校,1
UID-878ac7e2,2026-03-12 17:07:00,+886-903-888-002,"假投資,保證獲利",9,3469487,上班族,1
UID-e1de9de9,2026-03-12 10:55:00,+886-905-498-918,"正常投資諮詢,理財規劃",1,500,碩博士,0
UID-c16cc93a,2026-03-12 23:10:00,+886-905-866-539,"正常投資諮詢,理財規劃",2,500,學生,0
UID-dd96b5cd,2026-03-13 05:48:00,+886-905-878-250,"司法文書送達,正常公務",1,15000,70+ 長者,0
UID-982c36db,2026-03-12 12:47:00,+886-901-131-025,"網路購物詐騙,假賣場",346,29029,上班族,1
UID-8bf087dc,2026-03-13 05:09:00,+886-902-136-831,"假員警,偵查不公開",1,2430855,70+ 長者,1
UID-8f32b673,2026-03-12 21:49:00,+886-903-881-050,"假投資,虛擬貨幣,高報酬",6,1523577,碩博士,1
UID-033a8294,2026-03-13 00:59:00,+886-903-883-067,"假投資,保證獲利",13,2565189,上班族,1
UID-ca66ad72,2026-03-13 07:17:00,+886-903-880-014,"假投資,資金盤",18,3290257,上班族,1
UID-9e4f1b2a,2026-03-13 08:02:00,+886-901-266-004,"網路購物詐騙,ATM操作",172,7083,大專院校,1
UID-f5990728,2026-03-12 17:34:00,+886-902-112-166,"假冒郵局,普發現金冒領",2,1365620,50-69 中高齡,1
UID-27d79c7a,2026-03-12 21:50:00,+886-904-954-056,"Threads廣告,假兼職",28,141951,上班族,1
UID-82c795a6,2026-03-12 15:38:00,+886-903-889-058,"假投資,資金盤",20,1952731,50-69 中高齡,1
UID-a54fc88e,2026-03-13 07:40:00,+886-904-944-009,"殺豬盤,平台無法出金",17,4222,碩博士,1
UID-56d29c3b,2026-03-13 07:40:00,+886-904-308-002,"Threads廣告,假兼職",19,122663,碩博士,1
UID-1d1e571c,2026-03-12 16:09:00,+886-905-368-238,"司法文書送達,正常公務",1,500,碩博士,0
UID-dc299d2b,2026-03-13 02:36:00,+886-904-605-042,"殺豬盤,平台無法出金",18,90869,大專院校,1
UID-d3890ccf,2026-03-12 18:36:00,+886-905-984-488,"債務不履行,退款延遲",2,0,50-69 中高齡,0
UID-5c3eed9c,2026-03-13 03:44:00,+886-903-884-048,"假投資,資金盤",13,3105672,50-69 中高齡,1
UID-9dd327ed,2026-03-13 05:35:00,+886-902-191-583,"假檢警,監管帳戶",2,6349414,70+ 長者,1
UID-11ad6501,2026-03-12 10:57:00,+886-905-550-663,"一般客訴,服務態度",1,0,學生,0
UID-f3443ebc,2026-03-13 02:12:00,+886-901-251-046,"網路購物詐騙,解除分期付款",272,13265,上班族,1
UID-453ddc42,2026-03-13 02:40:00,+886-903-889-072,"假投資,虛擬貨幣,高報酬",13,4978089,50-69 中高齡,1
UID-80707d30,2026-03-13 02:08:00,+886-903-880-093,"假投資,保證獲利",6,1707284,碩博士,1
UID-bab16c7e,2026-03-12 10:18:00,+886-903-884-013,"假投資,保證獲利",8,2810094,碩博士,1
UID-fc14c8b6,2026-03-12 13:31:00,+886-902-128-790,"假員警,偵查不公開",1,3745821,70+ 長者,1
UID-f0dde714,2026-03-12 13:34:00,+886-902-103-233,"假員警,偵查不公開",2,3624392,70+ 長者,1
UID-ec8c3771,2026-03-13 00:36:00,+886-905-437-754,"債務不履行,退款延遲",1,15000,碩博士,0
UID-a9f1d825,2026-03-12 12:18:00,+886-903-882-064,"假投資,虛擬貨幣,高報酬",13,1489545,碩博士,1
UID-048800c1,2026-03-12 22:36:00,+886-901-330-027,"網路購物詐騙,假賣場",192,42769,高中職以下,1
UID-b5a7306f,2026-03-12 23:48:00,+886-902-119-862,"假檢警,監管帳戶",1,4734680,70+ 長者,1
UID-f48162c6,2026-03-12 22:06:00,+886-904-313-073,"網路交友,AI濾鏡假冒",23,83647,上班族,1
UID-84e4ef62,2026-03-13 04:15:00,+886-904-720-017,"殺豬盤,平台無法出金",28,5893,大專院校,1
UID-afcf88fa,2026-03-13 03:01:00,+886-903-883-086,"假投資,內線交易,VIP通道",16,2631589,碩博士,1
UID-0af27f8b,2026-03-13 07:57:00,+886-903-889-015,"假投資,內線交易,VIP通道",14,3032630,碩博士,1
UID-3d998c9c,2026-03-13 06:19:00,+886-902-100-669,"假冒郵局,普發現金冒領",1,6305953,70+ 長者,1
UID-e8e9df25,2026-03-12 11:45:00,+886-901-736-004,"網路購物詐騙,假賣場",166,40524,高中職以下,1
UID-c2433cea,2026-03-12 11:16:00,+886-903-886-048,"假投資,資金盤",11,1487848,碩博士,1
UID-1206e05c,2026-03-13 02:46:00,+886-905-893-318,"正常投資諮詢,理財規劃",1,0,70+ 長者,0
UID-47e1c352,2026-03-12 16:02:00,+886-905-655-307,"債務不履行,退款延遲",1,0,高中職以下,0
UID-a36e0799,2026-03-13 07:28:00,+886-901-617-026,"網路購物詐騙,解除分期付款",361,9331,大專院校,1
UID-2d949ab2,2026-03-12 12:23:00,+886-903-889-027,"假投資,保證獲利",20,4205506,50-69 中高齡,1
UID-942b09df,2026-03-13 01:41:00,+886-901-828-027,"網路購物詐騙,假賣場",212,38279,高中職以下,1
UID-34b62af4,2026-03-12 10:27:00,+886-901-956-008,"網路購物詐騙,解除分期付款",1750,37403,高中職以下,1
UID-fddb3c00,2026-03-12 09:06:00,+886-905-866-703,"交易糾紛,商品瑕疵",1,3000,大專院校,0
UID-469d3faa,2026-03-12 15:49:00,+886-904-719-081,"網路交友,要求儲值,點數卡",28,75919,碩博士,1
UID-f71af710,2026-03-12 23:36:00,+886-901-932-048,"幽靈包裹,超商取貨",418,3767,大專院校,1
UID-07657dd4,2026-03-12 22:52:00,+886-901-250-040,"網路購物詐騙,假賣場",410,17855,大專院校,1
UID-9bf7a8e6,2026-03-13 04:02:00,+886-902-133-632,"假檢警,監管帳戶",1,6092568,碩博士,1
UID-a620f90f,2026-03-12 23:44:00,+886-903-886-004,"假投資,保證獲利",8,2370134,大專院校,1
UID-017bbee9,2026-03-12 19:32:00,+886-903-884-053,"假投資,內線交易,VIP通道",12,536535,上班族,1
UID-3298c9c9,2026-03-13 03:58:00,+886-904-666-081,"網路交友,AI濾鏡假冒",4,78356,碩博士,1
UID-5d8fdf8e,2026-03-13 03:35:00,+886-903-884-034,"假投資,內線交易,VIP通道",18,4793811,碩博士,1
UID-b48508bd,2026-03-13 05:49:00,+886-904-342-041,"網路交友,要求儲值,點數卡",16,22199,大專院校,1
UID-a12076d6,2026-03-12 23:05:00,+886-902-185-782,"假冒郵局,普發現金冒領",2,6137971,70+ 長者,1
UID-662e051a,2026-03-12 19:09:00,+886-903-882-011,"假投資,保證獲利",12,1183720,上班族,1
UID-cb541681,2026-03-12 10:49:00,+886-903-888-015,"假投資,虛擬貨幣,高報酬",19,1341435,50-69 中高齡,1
UID-493a13f8,2026-03-12 16:21:00,+886-903-884-049,"假投資,內線交易,VIP通道",19,2055177,上班族,1
UID-06812949,2026-03-13 01:17:00,+886-905-544-355,"司法文書送達,正常公務",2,3000,碩博士,0
UID-c1b9eadc,2026-03-13 08:49:00,+886-902-153-895,"假扣押財產,面交黃金白銀",3,7772188,70+ 長者,1
UID-16bc2ef7,2026-03-13 01:40:00,+886-905-331-564,"司法文書送達,正常公務",2,0,上班族,0
UID-5c1981e4,2026-03-12 23:32:00,+886-905-654-847,"交易糾紛,商品瑕疵",1,0,碩博士,0
UID-b8d94f11,2026-03-13 04:53:00,+886-901-501-034,"網路購物詐騙,假賣場",201,7935,上班族,1
UID-a4411ccb,2026-03-13 07:26:00,+886-903-880-038,"假投資,內線交易,VIP通道",10,3080655,50-69 中高齡,1
UID-2c0e9977,2026-03-13 01:47:00,+886-902-116-961,"假冒郵局,普發現金冒領",1,5723547,70+ 長者,1
UID-958dfe9c,2026-03-12 20:52:00,+886-901-313-049,"幽靈包裹,超商取貨",304,36425,高中職以下,1
UID-0687588b,2026-03-12 11:02:00,+886-903-886-061,"假投資,內線交易,VIP通道",9,2548185,50-69 中高齡,1
UID-4b8e2e77,2026-03-12 14:12:00,+886-905-779-751,"交易糾紛,商品瑕疵",1,0,70+ 長者,0
UID-d489cea2,2026-03-12 16:10:00,+886-903-885-048,"假投資,資金盤",7,2619378,上班族,1
UID-828cd65f,2026-03-12 18:46:00,+886-901-274-020,"網路購物詐騙,ATM操作",184,1203,上班族,1
UID-738e062d,2026-03-13 07:12:00,+886-902-110-418,"假檢警,監管帳戶",1,5299263,50-69 中高齡,1
UID-36816728,2026-03-13 01:04:00,+886-903-888-094,"假投資,內線交易,VIP通道",16,3995740,碩博士,1
UID-433fa5ba,2026-03-13 07:59:00,+886-904-901-061,"Threads廣告,假兼職",24,102774,大專院校,1
UID-7501b716,2026-03-12 18:28:00,+886-905-533-803,"司法文書送達,正常公務",1,0,碩博士,0
UID-567b253f,2026-03-12 09:04:00,+886-999-999-999,"機器人測試,惡意灌水",13292,0,未知,0
UID-407e815d,2026-03-12 11:42:00,+886-903-882-009,"假投資,保證獲利",9,4419392,碩博士,1
UID-b3854a6f,2026-03-13 03:14:00,+886-904-229-034,"殺豬盤,平台無法出金",6,4639,大專院校,1
UID-a2ad8676,2026-03-12 13:42:00,+886-905-953-767,"正常投資諮詢,理財規劃",1,3000,50-69 中高齡,0
UID-49178dc0,2026-03-13 01:26:00,+886-905-680-165,"正常投資諮詢,理財規劃",1,500,上班族,0
UID-d094ef4f,2026-03-12 17:53:00,+886-903-880-039,"假投資,虛擬貨幣,高報酬",13,4191073,碩博士,1
UID-bf072c1a,2026-03-12 20:29:00,+886-902-133-275,"假員警,偵查不公開",1,7418864,50-69 中高齡,1
UID-479bb9fa,2026-03-12 17:04:00,+886-902-165-485,"假冒郵局,普發現金冒領",2,7863823,70+ 長者,1
UID-20109a7e,2026-03-12 11:11:00,+886-904-943-081,"殺豬盤,平台無法出金",8,125043,上班族,1
UID-645d2693,2026-03-12 22:36:00,+886-905-834-746,"一般客訴,服務態度",1,0,碩博士,0
UID-c96a79f1,2026-03-12 22:51:00,+886-901-929-020,"網路購物詐騙,假賣場",239,27026,學生,1
UID-ce0138bb,2026-03-12 23:01:00,+886-901-360-043,"幽靈包裹,超商取貨",158,20917,高中職以下,1
UID-14c1c1ea,2026-03-12 20:43:00,+886-903-880-098,"假投資,虛擬貨幣,高報酬",9,2627988,上班族,1
UID-27ed98aa,2026-03-12 12:05:00,+886-905-418-915,"司法文書送達,正常公務",2,3000,70+ 長者,0
UID-6cf31655,2026-03-12 23:49:00,+886-902-162-796,"假員警,偵查不公開",3,3219199,70+ 長者,1
UID-0834de78,2026-03-12 16:58:00,+886-901-176-007,"網路購物詐騙,解除分期付款",188,38372,學生,1
UID-7d03c6f7,2026-03-12 11:00:00,+886-905-864-217,"正常投資諮詢,理財規劃",2,15000,高中職以下,0
UID-16653f2d,2026-03-12 17:08:00,+886-905-210-699,"一般客訴,服務態度",2,500,碩博士,0
UID-8cf738b3,2026-03-12 11:15:00,+886-905-662-171,"交易糾紛,商品瑕疵",2,3000,70+ 長者,0
UID-158670ed,2026-03-13 02:58:00,+886-902-177-989,"假冒郵局,普發現金冒領",2,4881102,50-69 中高齡,1
UID-ccedae4c,2026-03-12 13:53:00,+886-903-889-007,"假投資,資金盤",5,3967160,碩博士,1
UID-d83fc938,2026-03-12 22:51:00,+886-905-303-322,"一般客訴,服務態度",1,3000,碩博士,0
UID-b09e0d00,2026-03-13 06:35:00,+886-902-166-284,"假扣押財產,面交黃金白銀",3,4866520,50-69 中高齡,1
UID-ea4afcf9,2026-03-12 11:06:00,+886-904-218-019,"網路交友,要求儲值,點數卡",9,143912,大專院校,1
UID-6f8b466b,2026-03-12 18:31:00,+886-901-489-038,"網路購物詐騙,解除分期付款",156,35495,高中職以下,1
UID-50586054,2026-03-12 21:39:00,+886-901-939-017,"幽靈包裹,超商取貨",236,38882,高中職以下,1
UID-9d849b2c,2026-03-13 03:52:00,+886-905-145-775,"交易糾紛,商品瑕疵",2,3000,高中職以下,0
UID-07c4dc93,2026-03-12 16:23:00,+886-904-811-078,"網路交友,要求儲值,點數卡",7,27400,學生,1
UID-cf782090,2026-03-12 16:24:00,+886-904-664-048,"殺豬盤,平台無法出金",6,52694,碩博士,1
UID-3c75d9f3,2026-03-12 18:22:00,+886-903-889-064,"假投資,保證獲利",10,3747352,上班族,1
UID-760dc8fc,2026-03-12 20:17:00,+886-902-141-288,"假冒郵局,普發現金冒領",2,7202744,70+ 長者,1
UID-eb7b3ff6,2026-03-12 17:00:00,+886-905-740-825,"一般客訴,服務態度",1,500,上班族,0
UID-03007e5d,2026-03-12 19:01:00,+886-903-887-073,"假投資,內線交易,VIP通道",11,2649881,大專院校,1
UID-142a1fcb,2026-03-13 05:39:00,+886-903-887-098,"假投資,資金盤",8,2177770,上班族,1
UID-dda18574,2026-03-12 23:21:00,+886-905-906-920,"司法文書送達,正常公務",2,500,碩博士,0
UID-35c0d0b2,2026-03-12 17:27:00,+886-905-734-658,"正常投資諮詢,理財規劃",1,15000,上班族,0
UID-74b43136,2026-03-12 18:50:00,+886-903-880-021,"假投資,虛擬貨幣,高報酬",15,2191075,碩博士,1
UID-4e60a644,2026-03-13 02:31:00,+886-901-790-025,"幽靈包裹,超商取貨",155,13705,大專院校,1
UID-9b6fe889,2026-03-12 09:07:00,+886-904-971-065,"殺豬盤,平台無法出金",24,125429,大專院校,1
UID-bb274857,2026-03-13 02:19:00,+886-901-996-009,"網路購物詐騙,解除分期付款",438,29995,大專院校,1
UID-fcbf35d5,2026-03-12 15:55:00,+886-905-893-226,"債務不履行,退款延遲",2,3000,學生,0
UID-72c309c7,2026-03-13 06:45:00,+886-905-743-625,"交易糾紛,商品瑕疵",2,500,學生,0
UID-f4149216,2026-03-12 09:59:00,+886-905-209-109,"債務不履行,退款延遲",2,0,學生,0
UID-bce3019d,2026-03-12 16:02:00,+886-903-885-051,"假投資,資金盤",7,3426821,上班族,1
UID-eb934c6a,2026-03-12 13:10:00,+886-901-797-027,"網路購物詐騙,ATM操作",168,27343,上班族,1
UID-75f64f9b,2026-03-12 10:47:00,+886-902-103-651,"假扣押財產,面交黃金白銀",2,5305098,50-69 中高齡,1
UID-556847d4,2026-03-13 01:38:00,+886-901-761-044,"網路購物詐騙,ATM操作",289,37043,上班族,1
UID-1e1ee0a1,2026-03-13 01:02:00,+886-905-340-140,"司法文書送達,正常公務",2,500,高中職以下,0
UID-7fedcc3d,2026-03-13 00:47:00,+886-901-738-011,"網路購物詐騙,假賣場",294,41720,學生,1
UID-1008b13c,2026-03-12 19:50:00,+886-905-487-562,"正常投資諮詢,理財規劃",1,15000,上班族,0
UID-5cc09f9b,2026-03-12 11:34:00,+886-902-195-809,"假檢警,監管帳戶",3,1085365,50-69 中高齡,1
UID-b7c4a014,2026-03-12 10:14:00,+886-905-528-830,"一般客訴,服務態度",1,0,50-69 中高齡,0
UID-67748f86,2026-03-12 18:42:00,+886-905-949-334,"一般客訴,服務態度",2,500,學生,0
UID-3041427c,2026-03-12 12:02:00,+886-901-902-021,"網路購物詐騙,解除分期付款",221,25648,上班族,1
UID-7bb239ad,2026-03-12 11:06:00,+886-901-483-034,"網路購物詐騙,ATM操作",233,30434,學生,1
UID-1c733977,2026-03-13 05:53:00,+886-902-184-396,"假員警,偵查不公開",1,6411816,50-69 中高齡,1
UID-701ca80a,2026-03-13 04:23:00,+886-905-806-304,"司法文書送達,正常公務",2,15000,上班族,0
UID-a344bea0,2026-03-12 23:08:00,+886-905-790-246,"債務不履行,退款延遲",2,15000,上班族,0
UID-3ff1a945,2026-03-12 16:27:00,+886-903-888-078,"假投資,內線交易,VIP通道",12,151577,上班族,1
UID-52db0f47,2026-03-12 15:50:00,+886-905-121-996,"正常投資諮詢,理財規劃",2,15000,50-69 中高齡,0
UID-a70cd150,2026-03-13 00:51:00,+886-903-887-029,"假投資,資金盤",18,4372235,碩博士,1
UID-eac941d1,2026-03-12 09:50:00,+886-902-104-412,"假檢警,監管帳戶",3,908314,70+ 長者,1
UID-8a5b68b8,2026-03-12 18:39:00,+886-903-883-073,"假投資,內線交易,VIP通道",10,4247773,碩博士,1
UID-d5ce2dd9,2026-03-13 08:11:00,+886-902-108-823,"假檢警,監管帳戶",2,4844290,70+ 長者,1
UID-f505a5c9,2026-03-12 17:07:00,+886-905-726-337,"一般客訴,服務態度",1,3000,50-69 中高齡,0
UID-24f36b74,2026-03-13 01:10:00,+886-902-179-656,"假扣押財產,面交黃金白銀",2,5384516,碩博士,1
UID-fa536864,2026-03-12 14:35:00,+886-905-257-764,"債務不履行,退款延遲",2,3000,高中職以下,0
UID-2e5b43fe,2026-03-13 00:53:00,+886-905-529-515,"正常投資諮詢,理財規劃",1,0,70+ 長者,0
UID-68c41349,2026-03-12 21:39:00,+886-903-881-022,"假投資,內線交易,VIP通道",12,2737200,上班族,1
UID-c50b1009,2026-03-12 09:08:00,+886-999-999-999,"機器人測試,惡意灌水",14939,0,未知,0
UID-655d717a,2026-03-12 23:38:00,+886-905-242-919,"債務不履行,退款延遲",2,0,碩博士,0
UID-91672d54,2026-03-12 12:48:00,+886-905-362-624,"正常投資諮詢,理財規劃",1,3000,70+ 長者,0
UID-cd7ebfd0,2026-03-12 13:33:00,+886-905-191-738,"債務不履行,退款延遲",1,3000,學生,0
UID-fc7677f3,2026-03-13 03:57:00,+886-904-536-001,"Threads廣告,假兼職",16,83657,大專院校,1
UID-9fd3c9a9,2026-03-13 04:11:00,+886-904-766-064,"Threads廣告,假兼職",28,100358,大專院校,1
UID-c373c9f7,2026-03-13 03:37:00,+886-905-615-904,"司法文書送達,正常公務",2,15000,高中職以下,0
UID-a0a52eed,2026-03-13 01:43:00,+886-905-333-288,"司法文書送達,正常公務",1,500,碩博士,0
UID-0665d292,2026-03-12 17:57:00,+886-905-858-958,"交易糾紛,商品瑕疵",2,0,70+ 長者,0
UID-7ccfe1b1,2026-03-13 03:32:00,+886-905-681-369,"一般客訴,服務態度",2,0,50-69 中高齡,0
UID-f9a5dd37,2026-03-13 02:48:00,+886-905-468-366,"交易糾紛,商品瑕疵",2,0,學生,0
UID-16c30328,2026-03-12 13:22:00,+886-904-964-087,"網路交友,AI濾鏡假冒",29,80464,上班族,1
UID-4be1a9f7,2026-03-12 14:59:00,+886-905-571-295,"正常投資諮詢,理財規劃",1,0,70+ 長者,0
UID-32a2e53a,2026-03-12 18:41:00,+886-901-232-045,"網路購物詐騙,假賣場",209,36526,大專院校,1
UID-59170b87,2026-03-12 09:06:00,+886-999-999-999,"機器人測試,惡意灌水",12074,0,未知,0
UID-b14323da,2026-03-12 21:32:00,+886-905-306-320,"正常投資諮詢,理財規劃",2,15000,70+ 長者,0
UID-d408af3c,2026-03-13 07:26:00,+886-901-202-033,"網路購物詐騙,假賣場",180,41357,學生,1
UID-5891a740,2026-03-12 20:23:00,+886-904-743-007,"網路交友,要求儲值,點數卡",23,24363,大專院校,1
UID-17ea187b,2026-03-13 04:19:00,+886-903-885-034,"假投資,內線交易,VIP通道",20,2717202,上班族,1
UID-f123e22b,2026-03-13 01:19:00,+886-905-299-230,"債務不履行,退款延遲",1,0,50-69 中高齡,0
UID-33468aa3,2026-03-13 01:02:00,+886-904-496-082,"Threads廣告,假兼職",9,114190,上班族,1
UID-19965518,2026-03-13 05:29:00,+886-903-882-053,"假投資,保證獲利",10,4707920,上班族,1
UID-b11b1597,2026-03-12 19:16:00,+886-904-907-081,"網路交友,AI濾鏡假冒",6,933,大專院校,1
UID-e0f4c4e0,2026-03-12 09:56:00,+886-905-439-764,"一般客訴,服務態度",2,15000,上班族,0
UID-7a184c82,2026-03-12 22:45:00,+886-904-991-082,"Threads廣告,假兼職",5,92128,大專院校,1
UID-cf9c39fe,2026-03-12 10:39:00,+886-901-356-022,"網路購物詐騙,ATM操作",346,19276,大專院校,1
UID-e7b67544,2026-03-12 22:23:00,+886-905-126-663,"司法文書送達,正常公務",1,500,學生,0
UID-d896fd30,2026-03-12 13:39:00,+886-902-169-794,"假冒郵局,普發現金冒領",2,4006742,70+ 長者,1
UID-fead6ac3,2026-03-13 00:06:00,+886-901-876-014,"幽靈包裹,超商取貨",808,43373,學生,1
UID-c4afc0c9,2026-03-12 22:28:00,+886-904-273-042,"網路交友,AI濾鏡假冒",20,48958,上班族,1
UID-9f93fe8e,2026-03-12 17:06:00,+886-903-882-005,"假投資,資金盤",14,3600901,碩博士,1
UID-5ccd9cb8,2026-03-12 15:29:00,+886-903-880-012,"假投資,保證獲利",19,283158,碩博士,1
UID-68d54e64,2026-03-12 13:29:00,+886-905-567-452,"一般客訴,服務態度",1,15000,50-69 中高齡,0
UID-c4dc63a4,2026-03-12 11:18:00,+886-903-881-088,"假投資,保證獲利",5,2316060,碩博士,1
UID-9d3bf999,2026-03-12 10:32:00,+886-905-333-428,"債務不履行,退款延遲",2,15000,70+ 長者,0
UID-fd9c2903,2026-03-13 04:57:00,+886-901-516-010,"網路購物詐騙,ATM操作",152,22148,上班族,1
UID-351e9253,2026-03-13 08:23:00,+886-901-150-021,"幽靈包裹,超商取貨",168,2135,高中職以下,1
UID-f2a41180,2026-03-13 01:59:00,+886-903-887-008,"假投資,資金盤",18,226670,上班族,1
UID-b6ef0d1c,2026-03-12 19:20:00,+886-904-183-084,"殺豬盤,平台無法出金",14,120330,學生,1
UID-8ab27429,2026-03-13 03:30:00,+886-902-119-448,"假員警,偵查不公開",2,5975861,70+ 長者,1
UID-a4e80254,2026-03-12 14:13:00,+886-904-671-073,"Threads廣告,假兼職",28,52761,學生,1
UID-adb1c437,2026-03-12 12:39:00,+886-902-178-817,"假員警,偵查不公開",1,1917464,70+ 長者,1
UID-9b218a1d,2026-03-13 04:28:00,+886-902-141-139,"假檢警,監管帳戶",1,7849745,碩博士,1
UID-1d30327a,2026-03-13 02:16:00,+886-902-154-185,"假檢警,監管帳戶",2,5690494,70+ 長者,1
UID-81b68d7c,2026-03-13 03:09:00,+886-901-973-044,"幽靈包裹,超商取貨",174,30916,高中職以下,1
UID-4db21371,2026-03-12 18:43:00,+886-905-495-489,"司法文書送達,正常公務",2,0,大專院校,0
UID-22888bab,2026-03-12 18:27:00,+886-901-960-004,"網路購物詐騙,解除分期付款",167,14721,學生,1
UID-f9ea92d0,2026-03-12 14:56:00,+886-903-883-054,"假投資,資金盤",8,3649867,碩博士,1
UID-14b70f3a,2026-03-12 18:07:00,+886-903-883-064,"假投資,虛擬貨幣,高報酬",7,1094215,大專院校,1
UID-13018d5b,2026-03-12 11:26:00,+886-903-886-044,"假投資,內線交易,VIP通道",5,3012798,碩博士,1
UID-7cf55abc,2026-03-12 13:37:00,+886-901-732-027,"網路購物詐騙,ATM操作",150,31223,高中職以下,1
UID-3b2f66eb,2026-03-12 21:23:00,+886-904-703-036,"Threads廣告,假兼職",29,103210,學生,1
UID-b00d7152,2026-03-13 03:40:00,+886-902-189-890,"假扣押財產,面交黃金白銀",2,7862060,70+ 長者,1
UID-83631875,2026-03-13 01:29:00,+886-905-607-545,"司法文書送達,正常公務",2,0,大專院校,0
UID-d34a98ae,2026-03-12 13:05:00,+886-901-876-026,"網路購物詐騙,ATM操作",152,14121,高中職以下,1
UID-cd0f54b2,2026-03-12 11:11:00,+886-902-112-745,"假扣押財產,面交黃金白銀",1,2675085,70+ 長者,1
UID-db4c2265,2026-03-12 14:34:00,+886-905-294-197,"債務不履行,退款延遲",1,15000,學生,0
UID-255cd823,2026-03-13 02:59:00,+886-901-170-036,"網路購物詐騙,解除分期付款",311,40561,學生,1
UID-18ecf5f0,2026-03-12 18:18:00,+886-903-882-055,"假投資,保證獲利",17,816913,上班族,1
UID-7112f8a7,2026-03-12 22:03:00,+886-901-978-048,"幽靈包裹,超商取貨",154,16399,大專院校,1
UID-a582d54b,2026-03-12 20:24:00,+886-903-880-098,"假投資,虛擬貨幣,高報酬",15,2417212,上班族,1
UID-735fb9a6,2026-03-12 16:10:00,+886-903-888-013,"假投資,虛擬貨幣,高報酬",16,2905458,50-69 中高齡,1
UID-7019a591,2026-03-13 01:26:00,+886-903-889-023,"假投資,資金盤",10,309307,碩博士,1
UID-0f998ab6,2026-03-13 05:07:00,+886-905-990-701,"交易糾紛,商品瑕疵",2,0,70+ 長者,0
UID-a5079a14,2026-03-12 18:01:00,+886-905-954-693,"債務不履行,退款延遲",2,15000,碩博士,0
UID-a3aa566a,2026-03-13 01:32:00,+886-902-117-755,"假扣押財產,面交黃金白銀",3,2789431,50-69 中高齡,1
UID-a2ff6f48,2026-03-12 14:31:00,+886-903-889-005,"假投資,保證獲利",8,3718644,碩博士,1
UID-0c474762,2026-03-13 05:12:00,+886-903-889-023,"假投資,虛擬貨幣,高報酬",13,3490101,50-69 中高齡,1
UID-33af257f,2026-03-13 03:23:00,+886-904-127-028,"網路交友,要求儲值,點數卡",16,135646,大專院校,1
UID-4a2ab4ee,2026-03-13 06:14:00,+886-902-143-674,"假員警,偵查不公開",2,2020940,碩博士,1
UID-3ce4947d,2026-03-12 15:03:00,+886-903-883-071,"假投資,內線交易,VIP通道",7,2038291,碩博士,1
UID-ff42c63d,2026-03-13 01:43:00,+886-905-530-945,"交易糾紛,商品瑕疵",1,15000,70+ 長者,0
UID-6c23650e,2026-03-12 20:02:00,+886-903-889-055,"假投資,資金盤",16,1429922,50-69 中高齡,1
UID-c3e1ec22,2026-03-12 09:02:00,+886-903-889-005,"假投資,保證獲利",13,4934691,上班族,1
UID-3b158149,2026-03-12 17:51:00,+886-905-881-552,"交易糾紛,商品瑕疵",1,0,學生,0
UID-9d898cb9,2026-03-12 12:12:00,+886-905-261-873,"正常投資諮詢,理財規劃",1,0,學生,0
UID-924a0d31,2026-03-12 14:39:00,+886-901-127-025,"網路購物詐騙,假賣場",228,18261,大專院校,1
UID-a19f44fc,2026-03-12 13:21:00,+886-904-180-076,"殺豬盤,平台無法出金",13,77327,學生,1
UID-fe594f17,2026-03-13 07:04:00,+886-905-240-822,"正常投資諮詢,理財規劃",2,3000,碩博士,0
UID-9e4a4d99,2026-03-12 13:19:00,+886-902-152-144,"假扣押財產,面交黃金白銀",2,7048566,50-69 中高齡,1
UID-f191e6f4,2026-03-12 21:08:00,+886-904-304-060,"網路交友,要求儲值,點數卡",15,7489,上班族,1
UID-7e036153,2026-03-13 06:17:00,+886-903-888-014,"假投資,資金盤",7,4705855,上班族,1
UID-94d4427f,2026-03-12 17:53:00,+886-903-887-013,"假投資,資金盤",19,527701,碩博士,1
UID-1eebfecf,2026-03-12 10:46:00,+886-903-880-033,"假投資,虛擬貨幣,高報酬",6,2313953,上班族,1
UID-98bff158,2026-03-12 20:16:00,+886-901-202-025,"網路購物詐騙,假賣場",219,35555,高中職以下,1
UID-e8fc7ae9,2026-03-12 17:08:00,+886-902-105-928,"假冒郵局,普發現金冒領",2,7516686,70+ 長者,1
UID-6234ac2e,2026-03-12 14:52:00,+886-903-885-059,"假投資,虛擬貨幣,高報酬",5,938310,上班族,1
UID-cea730c9,2026-03-13 03:43:00,+886-902-175-734,"假冒郵局,普發現金冒領",3,4065829,50-69 中高齡,1
UID-cb54a078,2026-03-12 19:49:00,+886-904-215-089,"殺豬盤,平台無法出金",7,106850,學生,1
UID-c6aaadc8,2026-03-12 16:17:00,+886-904-869-084,"網路交友,AI濾鏡假冒",26,88000,上班族,1
UID-124d4604,2026-03-12 17:10:00,+886-905-186-888,"正常投資諮詢,理財規劃",1,3000,上班族,0
UID-7724e11f,2026-03-12 22:36:00,+886-903-883-069,"假投資,內線交易,VIP通道",17,1540639,碩博士,1
UID-9a510f94,2026-03-12 11:24:00,+886-903-881-013,"假投資,資金盤",10,1457863,碩博士,1
UID-d6e9af67,2026-03-13 08:07:00,+886-901-581-028,"網路購物詐騙,假賣場",323,21681,學生,1
UID-3d47c1dd,2026-03-12 22:38:00,+886-903-885-003,"假投資,保證獲利",20,4547759,50-69 中高齡,1
UID-d19ea74d,2026-03-12 14:26:00,+886-901-286-016,"網路購物詐騙,ATM操作",172,13714,上班族,1
UID-60d696d1,2026-03-12 16:39:00,+886-901-261-044,"網路購物詐騙,解除分期付款",184,23882,大專院校,1
UID-f02f34b5,2026-03-13 08:43:00,+886-903-888-098,"假投資,虛擬貨幣,高報酬",6,4927085,碩博士,1
UID-4c3be9fc,2026-03-12 17:19:00,+886-905-271-843,"交易糾紛,商品瑕疵",1,500,大專院校,0
UID-41559df2,2026-03-12 21:27:00,+886-905-426-672,"一般客訴,服務態度",2,3000,70+ 長者,0
UID-75498c39,2026-03-12 16:02:00,+886-903-885-040,"假投資,內線交易,VIP通道",9,2973377,上班族,1
UID-b1683ab6,2026-03-12 17:05:00,+886-902-165-587,"假扣押財產,面交黃金白銀",3,3975841,70+ 長者,1
UID-840acf92,2026-03-13 06:02:00,+886-901-725-030,"網路購物詐騙,解除分期付款",190,10226,學生,1
UID-f91878ce,2026-03-12 15:20:00,+886-905-609-963,"正常投資諮詢,理財規劃",1,3000,學生,0
UID-88b11cf9,2026-03-13 03:13:00,+886-905-386-201,"司法文書送達,正常公務",2,15000,學生,0
UID-3d693629,2026-03-13 06:57:00,+886-902-109-827,"假檢警,監管帳戶",2,7820006,70+ 長者,1
UID-8796cee1,2026-03-12 10:19:00,+886-901-775-049,"幽靈包裹,超商取貨",249,20709,大專院校,1
UID-a27ed2da,2026-03-12 13:55:00,+886-903-889-094,"假投資,內線交易,VIP通道",9,4144626,碩博士,1
UID-ecc91389,2026-03-13 02:57:00,+886-904-618-026,"Threads廣告,假兼職",27,10200,大專院校,1
UID-cb72c49a,2026-03-12 09:53:00,+886-901-131-037,"網路購物詐騙,ATM操作",216,44356,大專院校,1
UID-4be6d169,2026-03-12 12:42:00,+886-903-889-052,"假投資,保證獲利",10,2742142,碩博士,1
UID-db6983f6,2026-03-12 22:53:00,+886-905-931-344,"一般客訴,服務態度",2,500,碩博士,0
UID-18213a56,2026-03-12 10:10:00,+886-904-494-098,"殺豬盤,平台無法出金",23,147725,大專院校,1
UID-d2bccf13,2026-03-12 15:55:00,+886-904-272-009,"網路交友,AI濾鏡假冒",25,34551,學生,1
UID-911b2079,2026-03-12 16:46:00,+886-905-860-692,"交易糾紛,商品瑕疵",2,15000,大專院校,0
UID-c3242cba,2026-03-12 10:04:00,+886-901-989-019,"幽靈包裹,超商取貨",184,32646,大專院校,1
UID-c93e5b0e,2026-03-13 02:48:00,+886-904-172-043,"網路交友,要求儲值,點數卡",28,81259,大專院校,1
UID-1a12fe88,2026-03-12 20:17:00,+886-901-488-030,"網路購物詐騙,ATM操作",174,3633,高中職以下,1
UID-fa4a0483,2026-03-12 17:39:00,+886-905-224-756,"交易糾紛,商品瑕疵",1,15000,大專院校,0
UID-89193c5e,2026-03-13 06:05:00,+886-902-166-319,"假冒郵局,普發現金冒領",3,5343876,70+ 長者,1
UID-33e40253,2026-03-12 13:10:00,+886-902-151-101,"假檢警,監管帳戶",3,5903158,70+ 長者,1
UID-40d42b8f,2026-03-13 08:40:00,+886-905-688-765,"交易糾紛,商品瑕疵",2,15000,70+ 長者,0
UID-e5decbc8,2026-03-13 03:56:00,+886-905-310-759,"交易糾紛,商品瑕疵",2,3000,上班族,0
UID-05157159,2026-03-13 00:29:00,+886-901-469-012,"網路購物詐騙,解除分期付款",253,38130,大專院校,1
UID-51557464,2026-03-12 18:25:00,+886-904-400-073,"網路交友,AI濾鏡假冒",17,143300,碩博士,1
UID-2c2a0196,2026-03-12 13:16:00,+886-902-196-911,"假檢警,監管帳戶",3,5799826,碩博士,1
UID-4b7bc1c2,2026-03-12 20:56:00,+886-905-695-804,"交易糾紛,商品瑕疵",2,15000,碩博士,0
UID-176ce48a,2026-03-12 09:03:00,+886-905-392-789,"司法文書送達,正常公務",2,15000,學生,0
UID-884d80f5,2026-03-12 23:55:00,+886-903-885-096,"假投資,虛擬貨幣,高報酬",16,1647035,上班族,1
UID-e29d6fd0,2026-03-13 01:04:00,+886-901-312-043,"網路購物詐騙,解除分期付款",323,7490,高中職以下,1
UID-e3a74896,2026-03-13 00:45:00,+886-905-208-837,"交易糾紛,商品瑕疵",1,3000,70+ 長者,0
UID-176f994b,2026-03-12 15:48:00,+886-902-140-123,"假員警,偵查不公開",1,5031681,70+ 長者,1
UID-172d6faf,2026-03-12 18:02:00,+886-903-886-065,"假投資,虛擬貨幣,高報酬",18,2706819,50-69 中高齡,1
UID-a2725211,2026-03-12 14:50:00,+886-905-600-188,"正常投資諮詢,理財規劃",2,3000,碩博士,0
UID-8e097ca9,2026-03-13 04:29:00,+886-901-164-011,"網路購物詐騙,解除分期付款",197,11380,上班族,1
UID-ba9cb308,2026-03-12 12:44:00,+886-905-777-591,"債務不履行,退款延遲",2,500,碩博士,0
UID-ced332ce,2026-03-12 21:33:00,+886-903-887-083,"假投資,保證獲利",9,1989866,碩博士,1
UID-89be0787,2026-03-13 08:20:00,+886-902-103-738,"假檢警,監管帳戶",2,6354859,50-69 中高齡,1
UID-a4c53a18,2026-03-13 08:36:00,+886-901-340-047,"幽靈包裹,超商取貨",153,5390,上班族,1
UID-3d4eede3,2026-03-12 11:54:00,+886-904-363-091,"殺豬盤,平台無法出金",22,75393,大專院校,1
UID-943066fb,2026-03-13 02:28:00,+886-905-726-664,"債務不履行,退款延遲",2,0,碩博士,0
UID-6edda079,2026-03-13 03:56:00,+886-904-831-062,"網路交友,AI濾鏡假冒",20,46525,上班族,1
UID-69ec0b75,2026-03-13 08:01:00,+886-904-834-099,"殺豬盤,平台無法出金",28,135716,大專院校,1
UID-55a67708,2026-03-12 13:23:00,+886-902-146-117,"假扣押財產,面交黃金白銀",3,1265841,50-69 中高齡,1
UID-58c3ec6d,2026-03-13 01:38:00,+886-904-224-088,"網路交友,AI濾鏡假冒",20,96873,學生,1
UID-3b77b263,2026-03-12 11:01:00,+886-904-223-016,"網路交友,要求儲值,點數卡",5,142052,學生,1
UID-afa6db1e,2026-03-12 17:04:00,+886-905-735-766,"一般客訴,服務態度",1,500,大專院校,0
UID-a8c6a6ba,2026-03-12 14:15:00,+886-903-884-026,"假投資,虛擬貨幣,高報酬",8,2215838,碩博士,1
UID-30fd3ca5,2026-03-12 16:34:00,+886-903-888-049,"假投資,資金盤",19,3378959,碩博士,1
UID-3796af73,2026-03-12 17:39:00,+886-902-140-321,"假員警,偵查不公開",3,1677599,70+ 長者,1
UID-644dc173,2026-03-13 00:17:00,+886-902-185-253,"假檢警,監管帳戶",1,1908736,70+ 長者,1
UID-6867ade8,2026-03-13 07:49:00,+886-902-184-658,"假扣押財產,面交黃金白銀",1,6251148,70+ 長者,1
UID-05a9323b,2026-03-12 21:08:00,+886-903-888-003,"假投資,資金盤",14,1522659,50-69 中高齡,1
UID-65072bb0,2026-03-13 08:20:00,+886-903-889-017,"假投資,虛擬貨幣,高報酬",19,2916218,大專院校,1
UID-d655f22d,2026-03-13 03:01:00,+886-901-901-027,"網路購物詐騙,假賣場",265,43262,高中職以下,1
UID-05173548,2026-03-13 03:13:00,+886-905-795-467,"交易糾紛,商品瑕疵",1,0,碩博士,0
UID-753ff94b,2026-03-12 21:19:00,+886-902-177-172,"假檢警,監管帳戶",2,5770785,70+ 長者,1
UID-d85d206e,2026-03-12 17:25:00,+886-903-880-057,"假投資,資金盤",15,2779536,上班族,1
UID-76df9c50,2026-03-12 23:31:00,+886-903-880-030,"假投資,資金盤",10,2340716,上班族,1
UID-eb231a6a,2026-03-12 11:05:00,+886-905-355-221,"一般客訴,服務態度",1,500,70+ 長者,0
UID-0fb8595e,2026-03-13 08:54:00,+886-905-459-651,"一般客訴,服務態度",2,500,學生,0
UID-7b36b50e,2026-03-13 00:57:00,+886-905-645-109,"司法文書送達,正常公務",1,15000,大專院校,0
UID-7c31722d,2026-03-13 08:08:00,+886-905-927-150,"交易糾紛,商品瑕疵",2,3000,高中職以下,0
UID-e2f157a8,2026-03-13 01:46:00,+886-905-605-408,"司法文書送達,正常公務",2,500,高中職以下,0
UID-a169d7cb,2026-03-12 14:53:00,+886-905-392-206,"司法文書送達,正常公務",1,500,學生,0
UID-28022b65,2026-03-13 01:29:00,+886-903-884-088,"假投資,保證獲利",5,417618,碩博士,1
UID-13a44288,2026-03-13 01:11:00,+886-902-140-589,"假員警,偵查不公開",1,1405006,70+ 長者,1
UID-7ec8716b,2026-03-12 21:12:00,+886-903-887-021,"假投資,保證獲利",10,3951379,大專院校,1
UID-e71a8fbb,2026-03-12 10:14:00,+886-904-255-025,"Threads廣告,假兼職",18,44588,學生,1
UID-2293c36f,2026-03-12 09:34:00,+886-902-136-924,"假檢警,監管帳戶",3,2702200,碩博士,1
UID-616450f4,2026-03-12 13:04:00,+886-902-105-237,"假檢警,監管帳戶",3,1440679,70+ 長者,1
UID-ff969db9,2026-03-12 14:19:00,+886-904-460-081,"網路交友,AI濾鏡假冒",13,140571,大專院校,1
UID-ce810ea9,2026-03-12 18:00:00,+886-901-473-041,"網路購物詐騙,假賣場",153,20088,學生,1
UID-0258082c,2026-03-12 17:08:00,+886-901-105-047,"幽靈包裹,超商取貨",282,19127,高中職以下,1
UID-e8199338,2026-03-12 09:29:00,+886-904-260-080,"殺豬盤,平台無法出金",27,128824,學生,1
UID-71f30279,2026-03-13 06:54:00,+886-902-128-863,"假冒郵局,普發現金冒領",3,3264628,50-69 中高齡,1
UID-63d7dc98,2026-03-12 15:44:00,+886-902-142-980,"假冒郵局,普發現金冒領",1,3545750,70+ 長者,1
UID-798232c1,2026-03-13 02:31:00,+886-904-884-082,"Threads廣告,假兼職",29,134342,大專院校,1
UID-6e50168f,2026-03-12 16:21:00,+886-901-105-046,"網路購物詐騙,解除分期付款",294,31254,大專院校,1
UID-8d2c458d,2026-03-12 23:45:00,+886-905-389-178,"司法文書送達,正常公務",1,500,50-69 中高齡,0
UID-ec8b1d94,2026-03-13 00:32:00,+886-905-941-881,"正常投資諮詢,理財規劃",1,0,上班族,0
UID-a7c4fcbf,2026-03-12 18:54:00,+886-902-123-548,"假扣押財產,面交黃金白銀",3,7677481,70+ 長者,1
UID-4a0d11de,2026-03-12 15:51:00,+886-903-886-064,"假投資,內線交易,VIP通道",6,2073996,50-69 中高齡,1
UID-c5e7cccd,2026-03-13 01:06:00,+886-903-888-060,"假投資,內線交易,VIP通道",8,3203700,碩博士,1
UID-b28f35e5,2026-03-12 23:54:00,+886-904-571-063,"Threads廣告,假兼職",5,133055,上班族,1
UID-35bd25e4,2026-03-12 17:48:00,+886-903-880-025,"假投資,虛擬貨幣,高報酬",19,1856757,碩博士,1
UID-70aca192,2026-03-13 01:15:00,+886-903-884-027,"假投資,內線交易,VIP通道",17,2093355,上班族,1
UID-027053ae,2026-03-13 06:58:00,+886-905-627-740,"一般客訴,服務態度",1,500,大專院校,0
UID-d762119d,2026-03-13 06:53:00,+886-905-396-187,"債務不履行,退款延遲",1,500,碩博士,0
UID-d7a470a5,2026-03-12 10:12:00,+886-904-489-068,"殺豬盤,平台無法出金",20,149896,學生,1
UID-3da07e03,2026-03-12 10:26:00,+886-903-888-042,"假投資,內線交易,VIP通道",10,1007973,50-69 中高齡,1
UID-a2f5cb4a,2026-03-13 05:45:00,+886-903-886-087,"假投資,虛擬貨幣,高報酬",16,4061701,上班族,1
UID-cbe8b3a8,2026-03-13 05:20:00,+886-901-728-001,"幽靈包裹,超商取貨",200,29801,上班族,1
UID-dc27dd19,2026-03-13 07:06:00,+886-905-587-169,"司法文書送達,正常公務",2,500,學生,0
UID-5fbe9bbe,2026-03-12 15:13:00,+886-903-886-075,"假投資,保證獲利",19,2201271,碩博士,1
UID-6378fe6f,2026-03-13 01:29:00,+886-902-198-746,"假員警,偵查不公開",3,5919039,50-69 中高齡,1
UID-f081f246,2026-03-13 04:06:00,+886-902-164-577,"假冒郵局,普發現金冒領",1,3298559,碩博士,1
UID-c6d81131,2026-03-12 10:23:00,+886-903-886-015,"假投資,虛擬貨幣,高報酬",14,3796990,碩博士,1
UID-36b99333,2026-03-13 06:37:00,+886-901-559-024,"網路購物詐騙,解除分期付款",194,28155,上班族,1
UID-acbc10d8,2026-03-12 21:39:00,+886-905-310-155,"交易糾紛,商品瑕疵",2,3000,高中職以下,0
UID-bf8deefd,2026-03-12 16:10:00,+886-902-119-199,"假檢警,監管帳戶",1,6403584,碩博士,1
UID-9f7a8a97,2026-03-12 17:56:00,+886-902-154-537,"假檢警,監管帳戶",2,4504697,50-69 中高齡,1
UID-71164d4f,2026-03-13 05:04:00,+886-905-681-769,"交易糾紛,商品瑕疵",1,0,上班族,0
UID-9f319f9f,2026-03-12 18:52:00,+886-905-959-777,"交易糾紛,商品瑕疵",1,15000,上班族,0
UID-4f32d826,2026-03-12 19:54:00,+886-905-515-953,"正常投資諮詢,理財規劃",2,15000,學生,0
UID-83a81a74,2026-03-12 15:30:00,+886-905-718-620,"司法文書送達,正常公務",1,3000,碩博士,0
UID-b6ba20ac,2026-03-12 14:38:00,+886-905-623-230,"債務不履行,退款延遲",1,15000,碩博士,0
UID-9e80b209,2026-03-12 13:39:00,+886-905-260-698,"正常投資諮詢,理財規劃",1,500,學生,0
UID-4df74191,2026-03-12 21:14:00,+886-903-889-078,"假投資,保證獲利",5,672085,碩博士,1
UID-0f56997d,2026-03-12 19:53:00,+886-905-426-897,"交易糾紛,商品瑕疵",2,500,70+ 長者,0
UID-64ecfc91,2026-03-13 07:55:00,+886-902-199-637,"假員警,偵查不公開",2,3374082,50-69 中高齡,1
UID-a506879b,2026-03-13 06:01:00,+886-904-416-018,"殺豬盤,平台無法出金",27,65234,大專院校,1
UID-2f2ed6a2,2026-03-12 17:50:00,+886-905-682-485,"正常投資諮詢,理財規劃",2,500,學生,0
UID-dd5a2d37,2026-03-13 08:36:00,+886-905-923-888,"司法文書送達,正常公務",1,15000,上班族,0
UID-ee677081,2026-03-12 21:37:00,+886-905-755-845,"交易糾紛,商品瑕疵",2,3000,高中職以下,0
UID-ee0ee6f5,2026-03-12 23:39:00,+886-905-118-728,"一般客訴,服務態度",1,15000,碩博士,0
UID-19dbceb6,2026-03-12 18:16:00,+886-901-569-038,"網路購物詐騙,ATM操作",151,40283,上班族,1
UID-f0649418,2026-03-13 00:45:00,+886-905-340-332,"債務不履行,退款延遲",1,15000,50-69 中高齡,0
UID-ad6f4a6f,2026-03-12 17:46:00,+886-901-781-018,"網路購物詐騙,ATM操作",150,36800,高中職以下,1
UID-2748826a,2026-03-13 02:56:00,+886-905-536-613,"正常投資諮詢,理財規劃",1,500,碩博士,0
UID-da764a69,2026-03-13 07:30:00,+886-903-886-036,"假投資,資金盤",18,4282704,碩博士,1
UID-4d378e09,2026-03-12 23:51:00,+886-901-510-036,"網路購物詐騙,假賣場",205,18373,高中職以下,1
UID-27a4a599,2026-03-12 17:24:00,+886-904-679-034,"殺豬盤,平台無法出金",3,60243,大專院校,1
UID-1399fa51,2026-03-13 08:35:00,+886-904-625-065,"殺豬盤,平台無法出金",11,53686,上班族,1
UID-af1b6ec0,2026-03-13 04:44:00,+886-901-412-027,"網路購物詐騙,ATM操作",196,33145,大專院校,1
UID-a9a90de6,2026-03-12 21:59:00,+886-903-880-099,"假投資,虛擬貨幣,高報酬",12,4777363,上班族,1
UID-336d1540,2026-03-13 03:55:00,+886-903-888-001,"假投資,虛擬貨幣,高報酬",12,2264631,大專院校,1
UID-bc2c2d03,2026-03-13 05:19:00,+886-903-880-066,"假投資,保證獲利",16,1930594,大專院校,1
UID-4b7c3327,2026-03-13 01:58:00,+886-905-245-272,"交易糾紛,商品瑕疵",1,3000,碩博士,0
UID-9b311995,2026-03-13 01:20:00,+886-904-219-032,"Threads廣告,假兼職",14,7685,上班族,1
UID-9f2e6b3b,2026-03-13 03:22:00,+886-905-350-779,"交易糾紛,商品瑕疵",2,15000,學生,0
UID-37d2d0ce,2026-03-12 22:58:00,+886-903-885-048,"假投資,虛擬貨幣,高報酬",7,4030627,碩博士,1
UID-c9f3671b,2026-03-12 10:54:00,+886-902-136-638,"假員警,偵查不公開",1,3628862,50-69 中高齡,1
UID-c59265cd,2026-03-13 06:05:00,+886-902-170-415,"假扣押財產,面交黃金白銀",1,942168,70+ 長者,1
UID-6fc9a130,2026-03-13 05:54:00,+886-905-839-921,"司法文書送達,正常公務",2,0,高中職以下,0
UID-f924946c,2026-03-13 03:55:00,+886-905-996-806,"交易糾紛,商品瑕疵",2,0,70+ 長者,0
UID-26e8f175,2026-03-13 05:07:00,+886-905-499-595,"交易糾紛,商品瑕疵",2,0,50-69 中高齡,0
UID-4a1b5e41,2026-03-12 09:42:00,+886-905-348-711,"司法文書送達,正常公務",1,500,上班族,0
UID-8a424d5b,2026-03-13 00:29:00,+886-905-163-922,"債務不履行,退款延遲",2,0,上班族,0
UID-9901ab1f,2026-03-13 03:43:00,+886-904-711-086,"網路交友,要求儲值,點數卡",2,128792,學生,1
UID-af32bf47,2026-03-12 12:57:00,+886-902-118-734,"假員警,偵查不公開",1,7104421,70+ 長者,1
UID-89742385,2026-03-13 04:10:00,+886-901-707-025,"幽靈包裹,超商取貨",186,42409,大專院校,1
UID-97a88824,2026-03-12 10:48:00,+886-903-884-079,"假投資,保證獲利",13,2720367,上班族,1
UID-79291bc4,2026-03-12 15:14:00,+886-903-884-087,"假投資,保證獲利",10,3514041,碩博士,1
UID-010b8c4a,2026-03-12 17:28:00,+886-905-434-504,"正常投資諮詢,理財規劃",1,15000,大專院校,0
UID-0db515ff,2026-03-13 06:12:00,+886-902-193-528,"假檢警,監管帳戶",2,5150493,50-69 中高齡,1
UID-7de1a52a,2026-03-12 10:52:00,+886-904-352-008,"網路交友,AI濾鏡假冒",18,92454,學生,1
UID-0a5558b5,2026-03-12 12:14:00,+886-904-842-026,"Threads廣告,假兼職",19,18442,上班族,1
UID-1942fd06,2026-03-12 18:18:00,+886-903-882-036,"假投資,內線交易,VIP通道",18,2619731,上班族,1
UID-d16b7806,2026-03-12 19:08:00,+886-903-880-060,"假投資,保證獲利",20,4365888,50-69 中高齡,1
UID-ab5714f9,2026-03-13 04:22:00,+886-903-881-078,"假投資,保證獲利",8,3765666,大專院校,1
UID-2b3051db,2026-03-13 03:50:00,+886-905-393-648,"一般客訴,服務態度",2,15000,碩博士,0
UID-8b542c78,2026-03-12 09:42:00,+886-902-168-591,"假扣押財產,面交黃金白銀",2,7155287,70+ 長者,1
UID-093951d9,2026-03-12 18:57:00,+886-901-290-048,"網路購物詐騙,ATM操作",377,13630,上班族,1
UID-bdc63e08,2026-03-13 06:41:00,+886-902-150-816,"假扣押財產,面交黃金白銀",1,5739987,50-69 中高齡,1
UID-111887d6,2026-03-12 20:58:00,+886-902-105-604,"假扣押財產,面交黃金白銀",3,6970797,70+ 長者,1
UID-6430d75a,2026-03-13 05:58:00,+886-905-211-170,"債務不履行,退款延遲",1,15000,50-69 中高齡,0
UID-59a6d530,2026-03-12 09:27:00,+886-904-286-013,"網路交友,AI濾鏡假冒",18,86257,上班族,1
UID-f051b7d3,2026-03-12 22:37:00,+886-905-289-180,"交易糾紛,商品瑕疵",2,3000,70+ 長者,0
UID-78038318,2026-03-12 23:02:00,+886-905-203-621,"一般客訴,服務態度",2,3000,50-69 中高齡,0
UID-7de43a92,2026-03-13 01:16:00,+886-905-677-981,"一般客訴,服務態度",2,3000,上班族,0
UID-33e2051b,2026-03-12 12:59:00,+886-904-372-029,"殺豬盤,平台無法出金",14,68287,上班族,1
UID-9a1eb68b,2026-03-13 00:22:00,+886-902-189-533,"假檢警,監管帳戶",1,7827955,50-69 中高齡,1
UID-0ee7e9b4,2026-03-12 21:09:00,+886-905-291-322,"交易糾紛,商品瑕疵",2,500,70+ 長者,0
UID-6ff2725c,2026-03-12 13:41:00,+886-903-888-076,"假投資,資金盤",5,1110288,上班族,1
UID-17a0223c,2026-03-12 21:07:00,+886-904-172-063,"網路交友,要求儲值,點數卡",2,39626,上班族,1
UID-a593a972,2026-03-12 17:00:00,+886-901-800-043,"幽靈包裹,超商取貨",284,28720,高中職以下,1
UID-6ba10d5a,2026-03-13 04:35:00,+886-904-884-038,"網路交友,要求儲值,點數卡",3,120597,學生,1
UID-7fd59183,2026-03-12 13:59:00,+886-903-888-076,"假投資,資金盤",20,2923967,50-69 中高齡,1
UID-53ea795d,2026-03-12 11:43:00,+886-902-197-653,"假檢警,監管帳戶",2,5001841,70+ 長者,1
UID-d8d5d662,2026-03-12 21:59:00,+886-905-616-424,"債務不履行,退款延遲",1,0,學生,0
UID-0f9f232c,2026-03-13 01:46:00,+886-905-863-297,"交易糾紛,商品瑕疵",1,500,50-69 中高齡,0
UID-9ac1a2e5,2026-03-13 06:57:00,+886-905-382-608,"一般客訴,服務態度",2,500,學生,0
UID-4a6865c6,2026-03-12 12:58:00,+886-901-969-014,"幽靈包裹,超商取貨",533,25323,大專院校,1
UID-76273047,2026-03-12 18:50:00,+886-903-880-072,"假投資,內線交易,VIP通道",8,277077,大專院校,1
UID-001ded20,2026-03-12 17:05:00,+886-904-547-050,"Threads廣告,假兼職",11,68469,上班族,1
UID-3fa86c40,2026-03-12 18:28:00,+886-904-515-095,"殺豬盤,平台無法出金",15,71768,碩博士,1
UID-8c83fc90,2026-03-12 22:28:00,+886-905-609-127,"司法文書送達,正常公務",1,15000,高中職以下,0
UID-780324a6,2026-03-12 17:05:00,+886-903-886-031,"假投資,資金盤",18,1067544,大專院校,1
UID-a538ed2e,2026-03-13 06:52:00,+886-902-143-490,"假員警,偵查不公開",1,1326636,50-69 中高齡,1
UID-45afe345,2026-03-12 15:02:00,+886-905-564-363,"司法文書送達,正常公務",2,3000,大專院校,0
UID-178c5943,2026-03-13 04:32:00,+886-902-107-961,"假扣押財產,面交黃金白銀",3,7450443,50-69 中高齡,1
UID-457d8c64,2026-03-12 19:19:00,+886-904-162-097,"Threads廣告,假兼職",16,143375,上班族,1
UID-dd3dc34f,2026-03-12 19:09:00,+886-903-886-052,"假投資,虛擬貨幣,高報酬",7,266217,上班族,1
UID-823d0d1d,2026-03-13 07:49:00,+886-902-136-795,"假扣押財產,面交黃金白銀",2,6912195,碩博士,1
UID-7349004b,2026-03-12 15:03:00,+886-903-884-026,"假投資,資金盤",5,2464567,上班族,1
UID-95d8e9c0,2026-03-13 00:13:00,+886-903-886-017,"假投資,內線交易,VIP通道",19,2998750,上班族,1
UID-54ec181b,2026-03-12 10:33:00,+886-905-591-550,"正常投資諮詢,理財規劃",2,15000,高中職以下,0
UID-fbe23025,2026-03-13 06:14:00,+886-903-889-084,"假投資,保證獲利",6,1218417,碩博士,1
UID-334924b8,2026-03-12 16:22:00,+886-902-136-974,"假扣押財產,面交黃金白銀",3,7722296,70+ 長者,1
UID-f6d0c174,2026-03-12 23:09:00,+886-902-131-357,"假冒郵局,普發現金冒領",1,5375849,70+ 長者,1
UID-a4d2a261,2026-03-13 02:27:00,+886-903-888-037,"假投資,資金盤",16,3644487,碩博士,1
UID-8d7405c2,2026-03-12 11:54:00,+886-903-888-010,"假投資,內線交易,VIP通道",5,3065573,大專院校,1
UID-f2f1bcad,2026-03-12 20:48:00,+886-905-108-515,"債務不履行,退款延遲",1,500,70+ 長者,0
UID-a737ebae,2026-03-13 02:25:00,+886-901-834-041,"網路購物詐騙,ATM操作",160,19199,大專院校,1
UID-15751a41,2026-03-13 06:12:00,+886-904-899-013,"網路交友,要求儲值,點數卡",2,127987,學生,1
UID-6959268c,2026-03-13 00:20:00,+886-903-882-098,"假投資,虛擬貨幣,高報酬",14,3605101,碩博士,1
UID-773ebfb7,2026-03-13 02:51:00,+886-902-191-194,"假扣押財產,面交黃金白銀",1,3662000,70+ 長者,1
UID-a49e1073,2026-03-13 04:12:00,+886-903-887-021,"假投資,保證獲利",14,1735611,碩博士,1
UID-17dac25b,2026-03-12 17:00:00,+886-905-408-648,"交易糾紛,商品瑕疵",2,0,上班族,0
UID-2226cead,2026-03-13 05:45:00,+886-903-883-075,"假投資,內線交易,VIP通道",6,931695,碩博士,1
UID-37941b23,2026-03-13 08:58:00,+886-901-543-007,"網路購物詐騙,假賣場",193,6330,上班族,1
UID-d6c68581,2026-03-13 00:55:00,+886-905-791-619,"交易糾紛,商品瑕疵",1,0,上班族,0
UID-b1c2f049,2026-03-12 12:35:00,+886-902-141-252,"假冒郵局,普發現金冒領",1,6102408,70+ 長者,1
UID-cb42c27e,2026-03-13 06:09:00,+886-905-661-297,"司法文書送達,正常公務",2,3000,50-69 中高齡,0
UID-ec5ee9a0,2026-03-13 02:41:00,+886-902-142-775,"假檢警,監管帳戶",2,5181706,70+ 長者,1
UID-02f0f521,2026-03-12 21:30:00,+886-905-943-534,"債務不履行,退款延遲",1,3000,上班族,0
UID-b4900487,2026-03-12 11:05:00,+886-901-588-038,"幽靈包裹,超商取貨",451,13258,學生,1
UID-657fbaaa,2026-03-12 09:38:00,+886-905-184-692,"司法文書送達,正常公務",2,3000,大專院校,0
UID-1cbc5d75,2026-03-12 15:55:00,+886-904-423-077,"Threads廣告,假兼職",29,96634,學生,1
UID-ead3cae2,2026-03-13 07:13:00,+886-903-883-043,"假投資,內線交易,VIP通道",7,1955873,上班族,1
UID-ddc9773c,2026-03-12 17:36:00,+886-905-747-281,"正常投資諮詢,理財規劃",1,15000,大專院校,0
UID-024ed091,2026-03-12 23:39:00,+886-903-888-068,"假投資,內線交易,VIP通道",15,110481,碩博士,1
UID-d6e495f0,2026-03-12 12:45:00,+886-904-268-040,"網路交友,AI濾鏡假冒",30,148346,學生,1
UID-52f4b903,2026-03-13 00:51:00,+886-901-409-019,"網路購物詐騙,假賣場",295,43374,大專院校,1
UID-7c642e18,2026-03-12 16:44:00,+886-903-881-026,"假投資,內線交易,VIP通道",17,217331,碩博士,1
UID-4e3c3f04,2026-03-13 04:51:00,+886-902-148-132,"假檢警,監管帳戶",1,799674,50-69 中高齡,1
UID-bb1c664a,2026-03-13 05:55:00,+886-905-569-197,"交易糾紛,商品瑕疵",1,15000,高中職以下,0
UID-e5dc8a0d,2026-03-12 11:47:00,+886-905-179-971,"一般客訴,服務態度",1,500,大專院校,0
UID-2744cf6e,2026-03-13 03:49:00,+886-905-105-933,"司法文書送達,正常公務",1,15000,大專院校,0
UID-ae25a598,2026-03-12 21:25:00,+886-903-886-093,"假投資,保證獲利",11,395314,碩博士,1
UID-889cdd77,2026-03-12 22:51:00,+886-905-767-197,"債務不履行,退款延遲",2,0,上班族,0
UID-2843c9c6,2026-03-13 00:55:00,+886-902-182-187,"假扣押財產,面交黃金白銀",2,6297512,70+ 長者,1
UID-7f33a590,2026-03-13 04:35:00,+886-904-553-093,"網路交友,AI濾鏡假冒",7,91767,碩博士,1
UID-0bf05d43,2026-03-13 08:20:00,+886-901-172-006,"網路購物詐騙,ATM操作",228,38010,大專院校,1
UID-5f2af351,2026-03-13 01:57:00,+886-905-475-485,"交易糾紛,商品瑕疵",1,500,70+ 長者,0
UID-ff363ea6,2026-03-13 03:17:00,+886-904-421-006,"網路交友,要求儲值,點數卡",23,38534,碩博士,1
UID-c1cc6d0f,2026-03-12 09:27:00,+886-905-462-100,"一般客訴,服務態度",2,3000,大專院校,0
UID-7a395cb2,2026-03-13 04:42:00,+886-905-102-826,"正常投資諮詢,理財規劃",1,3000,50-69 中高齡,0
UID-f221c964,2026-03-13 03:09:00,+886-903-888-092,"假投資,虛擬貨幣,高報酬",12,2859382,上班族,1
UID-4f71f242,2026-03-13 08:15:00,+886-905-444-109,"債務不履行,退款延遲",2,500,70+ 長者,0
UID-20d66a6c,2026-03-12 16:06:00,+886-903-881-018,"假投資,資金盤",6,2365392,50-69 中高齡,1
UID-e8553f73,2026-03-12 14:30:00,+886-901-640-029,"網路購物詐騙,假賣場",166,25794,學生,1
UID-b7da688e,2026-03-12 19:19:00,+886-905-250-783,"司法文書送達,正常公務",2,0,70+ 長者,0
UID-d060e885,2026-03-12 17:00:00,+886-903-887-023,"假投資,保證獲利",11,4308519,上班族,1
UID-56ef374b,2026-03-12 18:30:00,+886-905-960-591,"債務不履行,退款延遲",2,3000,上班族,0
UID-1d1a54a3,2026-03-12 10:32:00,+886-904-731-057,"網路交友,要求儲值,點數卡",28,83127,學生,1
UID-93ff1269,2026-03-12 13:48:00,+886-902-104-303,"假員警,偵查不公開",2,5094294,70+ 長者,1
UID-c6ad8d64,2026-03-12 14:29:00,+886-902-153-672,"假檢警,監管帳戶",1,4938220,70+ 長者,1
UID-887e3b1f,2026-03-12 20:15:00,+886-902-168-448,"假檢警,監管帳戶",3,5474574,70+ 長者,1
UID-d3734356,2026-03-13 02:31:00,+886-902-149-253,"假員警,偵查不公開",3,1568144,50-69 中高齡,1
UID-47af0453,2026-03-13 03:52:00,+886-903-888-076,"假投資,保證獲利",14,1388851,上班族,1
UID-629f8436,2026-03-12 11:13:00,+886-903-883-035,"假投資,虛擬貨幣,高報酬",12,4026972,50-69 中高齡,1
UID-cb2be56f,2026-03-13 05:04:00,+886-902-163-221,"假員警,偵查不公開",3,1118181,70+ 長者,1
UID-c3e77bfd,2026-03-12 23:51:00,+886-903-882-026,"假投資,資金盤",12,4370826,碩博士,1
UID-5f09e3b4,2026-03-13 01:53:00,+886-905-898-742,"正常投資諮詢,理財規劃",1,15000,大專院校,0
UID-9de48be7,2026-03-12 20:24:00,+886-903-887-037,"假投資,內線交易,VIP通道",15,649196,碩博士,1
UID-8b34b851,2026-03-12 20:13:00,+886-903-884-004,"假投資,內線交易,VIP通道",11,2613775,碩博士,1
UID-3e161034,2026-03-12 12:42:00,+886-902-178-821,"假扣押財產,面交黃金白銀",1,1402004,50-69 中高齡,1
UID-2a00b3b5,2026-03-12 19:08:00,+886-904-511-065,"網路交友,AI濾鏡假冒",22,5580,上班族,1
UID-1d7717e4,2026-03-12 11:26:00,+886-905-380-553,"正常投資諮詢,理財規劃",2,500,碩博士,0
UID-5c931b10,2026-03-12 21:56:00,+886-902-109-281,"假扣押財產,面交黃金白銀",3,2054944,50-69 中高齡,1
UID-3fd0a3ec,2026-03-12 20:20:00,+886-901-141-012,"網路購物詐騙,假賣場",163,3575,高中職以下,1
UID-66a9a9c2,2026-03-13 02:42:00,+886-902-120-569,"假員警,偵查不公開",3,7486483,50-69 中高齡,1
UID-cb9d2501,2026-03-12 20:42:00,+886-903-883-029,"假投資,虛擬貨幣,高報酬",15,926186,碩博士,1
UID-97444b67,2026-03-13 03:26:00,+886-901-362-003,"網路購物詐騙,假賣場",287,16022,學生,1
UID-93880cc5,2026-03-13 07:53:00,+886-902-184-627,"假扣押財產,面交黃金白銀",2,1688189,碩博士,1
UID-7fa96508,2026-03-13 06:33:00,+886-905-791-721,"一般客訴,服務態度",1,3000,70+ 長者,0
UID-d6929b49,2026-03-12 22:52:00,+886-905-183-530,"一般客訴,服務態度",1,0,大專院校,0
UID-672f68ae,2026-03-13 07:58:00,+886-905-386-967,"一般客訴,服務態度",1,15000,上班族,0
UID-216a2f30,2026-03-13 06:35:00,+886-903-888-093,"假投資,保證獲利",20,4491656,碩博士,1
UID-3c24a354,2026-03-12 17:15:00,+886-902-160-526,"假檢警,監管帳戶",1,7802578,70+ 長者,1
UID-276471ac,2026-03-12 10:34:00,+886-903-880-069,"假投資,資金盤",13,2056414,上班族,1
UID-5217f0da,2026-03-12 12:22:00,+886-905-227-317,"正常投資諮詢,理財規劃",1,0,上班族,0
UID-aa8422c5,2026-03-13 01:32:00,+886-903-882-059,"假投資,保證獲利",19,636987,上班族,1
UID-74c09c58,2026-03-12 17:45:00,+886-904-541-026,"Threads廣告,假兼職",19,77606,大專院校,1
UID-25f736eb,2026-03-13 08:56:00,+886-903-889-090,"假投資,資金盤",11,4956720,上班族,1
UID-2ab81ac7,2026-03-13 05:45:00,+886-904-335-084,"網路交友,AI濾鏡假冒",21,122394,學生,1
UID-c9a4d134,2026-03-13 08:30:00,+886-905-981-449,"正常投資諮詢,理財規劃",2,0,碩博士,0
UID-76b8a28c,2026-03-12 16:51:00,+886-904-573-092,"Threads廣告,假兼職",26,77199,上班族,1
UID-a8c8051a,2026-03-12 14:49:00,+886-901-351-017,"幽靈包裹,超商取貨",155,7372,高中職以下,1
UID-145ebb63,2026-03-12 16:50:00,+886-902-105-811,"假檢警,監管帳戶",1,3229877,50-69 中高齡,1
UID-cf81d2c0,2026-03-12 22:22:00,+886-903-885-094,"假投資,虛擬貨幣,高報酬",18,4863681,大專院校,1
UID-6c32f3cc,2026-03-12 11:48:00,+886-905-484-197,"司法文書送達,正常公務",1,0,高中職以下,0
UID-6145ebee,2026-03-12 23:20:00,+886-903-884-076,"假投資,虛擬貨幣,高報酬",7,3519400,碩博士,1
UID-de03cf89,2026-03-12 14:49:00,+886-904-659-044,"網路交友,AI濾鏡假冒",22,93756,上班族,1
UID-12acba5b,2026-03-12 09:30:00,+886-905-255-333,"正常投資諮詢,理財規劃",2,0,學生,0
UID-7adc2b2b,2026-03-13 06:48:00,+886-905-568-727,"司法文書送達,正常公務",2,3000,70+ 長者,0
UID-f48ab8f7,2026-03-13 08:29:00,+886-905-488-503,"正常投資諮詢,理財規劃",2,500,碩博士,0
UID-b7189304,2026-03-13 07:02:00,+886-903-887-046,"假投資,虛擬貨幣,高報酬",5,744944,碩博士,1
UID-1fcef4b7,2026-03-13 04:04:00,+886-903-883-091,"假投資,資金盤",5,3319014,碩博士,1
UID-34d3a1f4,2026-03-13 02:13:00,+886-902-156-689,"假檢警,監管帳戶",1,7403305,70+ 長者,1
UID-c82aa852,2026-03-12 09:03:00,+886-902-157-166,"假扣押財產,面交黃金白銀",1,4171710,50-69 中高齡,1
UID-ca5d8ab1,2026-03-13 00:21:00,+886-901-367-025,"網路購物詐騙,解除分期付款",1373,24258,高中職以下,1
UID-b497a8b2,2026-03-12 16:45:00,+886-905-678-593,"司法文書送達,正常公務",1,15000,高中職以下,0
UID-8d7d3e31,2026-03-12 17:24:00,+886-902-141-907,"假員警,偵查不公開",3,7307827,70+ 長者,1
UID-6b40bcbc,2026-03-13 09:00:00,+886-905-625-912,"正常投資諮詢,理財規劃",2,500,50-69 中高齡,0
UID-66265cbb,2026-03-12 11:45:00,+886-901-833-031,"網路購物詐騙,假賣場",221,27952,高中職以下,1
UID-ccfc293a,2026-03-12 14:26:00,+886-901-702-022,"網路購物詐騙,ATM操作",194,27968,上班族,1
UID-38fd297c,2026-03-13 01:54:00,+886-904-201-041,"殺豬盤,平台無法出金",18,5933,上班族,1
UID-921e6e7c,2026-03-13 08:07:00,+886-901-464-016,"幽靈包裹,超商取貨",943,8526,大專院校,1
UID-a8614869,2026-03-12 15:48:00,+886-904-737-061,"殺豬盤,平台無法出金",30,126114,學生,1
UID-f0a77262,2026-03-12 10:25:00,+886-901-682-021,"網路購物詐騙,假賣場",194,11611,學生,1
UID-8320a41c,2026-03-13 02:48:00,+886-905-227-399,"司法文書送達,正常公務",2,3000,50-69 中高齡,0
UID-5e1bf451,2026-03-13 01:42:00,+886-903-882-077,"假投資,保證獲利",12,1051264,碩博士,1
UID-e923e8f3,2026-03-12 11:58:00,+886-901-817-019,"網路購物詐騙,解除分期付款",4034,4214,高中職以下,1
UID-e25d5793,2026-03-12 20:30:00,+886-901-148-027,"網路購物詐騙,ATM操作",275,34629,高中職以下,1
UID-22ddfe1d,2026-03-12 22:48:00,+886-905-440-398,"正常投資諮詢,理財規劃",1,15000,學生,0
UID-7216a18a,2026-03-13 07:34:00,+886-901-460-034,"網路購物詐騙,解除分期付款",316,39002,大專院校,1
UID-8190b94d,2026-03-12 12:44:00,+886-904-243-042,"網路交友,要求儲值,點數卡",21,88110,上班族,1
UID-7a623c1e,2026-03-13 02:01:00,+886-903-884-001,"假投資,資金盤",17,1100627,上班族,1
UID-79f8a90b,2026-03-13 05:46:00,+886-902-144-809,"假扣押財產,面交黃金白銀",3,6651484,70+ 長者,1
UID-2e1826f6,2026-03-13 08:51:00,+886-905-485-602,"債務不履行,退款延遲",1,3000,70+ 長者,0
UID-8ce37c10,2026-03-12 22:42:00,+886-905-131-384,"正常投資諮詢,理財規劃",2,15000,70+ 長者,0
UID-609bf5a1,2026-03-13 00:26:00,+886-903-885-015,"假投資,資金盤",9,2943398,碩博士,1
UID-3223e736,2026-03-13 02:49:00,+886-902-104-957,"假扣押財產,面交黃金白銀",2,6395501,70+ 長者,1
UID-175a7caa,2026-03-13 08:21:00,+886-905-332-294,"債務不履行,退款延遲",1,15000,高中職以下,0
UID-6dd24316,2026-03-12 10:44:00,+886-905-971-697,"司法文書送達,正常公務",1,15000,上班族,0
UID-715bd542,2026-03-12 15:58:00,+886-905-976-883,"司法文書送達,正常公務",1,15000,碩博士,0
UID-c9c6ff12,2026-03-13 06:55:00,+886-905-121-515,"正常投資諮詢,理財規劃",1,0,上班族,0
UID-48ca6e25,2026-03-12 22:27:00,+886-902-109-811,"假冒郵局,普發現金冒領",1,5321307,70+ 長者,1
UID-862ada38,2026-03-13 05:42:00,+886-902-176-154,"假檢警,監管帳戶",1,6855942,70+ 長者,1
UID-7abc13dd,2026-03-12 10:33:00,+886-902-153-581,"假檢警,監管帳戶",3,7446507,70+ 長者,1
UID-b9b84350,2026-03-13 06:17:00,+886-903-887-069,"假投資,保證獲利",10,580827,碩博士,1
UID-2bf4f2bb,2026-03-13 01:25:00,+886-904-558-070,"網路交友,AI濾鏡假冒",13,5702,碩博士,1
UID-39075f66,2026-03-12 22:28:00,+886-903-885-026,"假投資,資金盤",10,376129,50-69 中高齡,1
UID-4985d3e3,2026-03-12 12:04:00,+886-904-454-011,"網路交友,AI濾鏡假冒",20,112078,碩博士,1
UID-8f1bb0e5,2026-03-13 03:41:00,+886-905-830-811,"正常投資諮詢,理財規劃",1,3000,大專院校,0
UID-36337ac1,2026-03-12 12:58:00,+886-902-176-783,"假冒郵局,普發現金冒領",1,5543359,50-69 中高齡,1
UID-3916d0de,2026-03-12 16:06:00,+886-905-752-433,"一般客訴,服務態度",1,0,大專院校,0
UID-e6097755,2026-03-12 10:19:00,+886-903-886-030,"假投資,虛擬貨幣,高報酬",10,4259783,上班族,1
UID-f058c2b3,2026-03-13 03:36:00,+886-902-119-729,"假員警,偵查不公開",3,6742978,70+ 長者,1
UID-d042ef83,2026-03-13 06:06:00,+886-903-885-078,"假投資,資金盤",20,1574755,上班族,1
UID-dfc69717,2026-03-13 05:20:00,+886-905-549-690,"一般客訴,服務態度",2,3000,大專院校,0
UID-caa46390,2026-03-13 00:10:00,+886-905-859-819,"正常投資諮詢,理財規劃",1,0,上班族,0
UID-5b6b63d7,2026-03-12 15:47:00,+886-905-373-826,"正常投資諮詢,理財規劃",1,0,碩博士,0
UID-bc255514,2026-03-12 20:56:00,+886-905-297-323,"司法文書送達,正常公務",1,3000,學生,0
UID-78f0ad2b,2026-03-12 12:42:00,+886-904-205-043,"Threads廣告,假兼職",8,116092,碩博士,1
UID-e8eb372c,2026-03-12 12:50:00,+886-904-507-080,"網路交友,AI濾鏡假冒",19,140827,碩博士,1
UID-93365817,2026-03-12 22:17:00,+886-902-189-558,"假冒郵局,普發現金冒領",2,4391965,50-69 中高齡,1
UID-f4554b8a,2026-03-12 16:32:00,+886-905-571-497,"正常投資諮詢,理財規劃",1,0,學生,0
UID-dde2cabe,2026-03-13 07:45:00,+886-905-728-945,"交易糾紛,商品瑕疵",2,3000,上班族,0
UID-4d9680ee,2026-03-13 03:29:00,+886-902-145-744,"假冒郵局,普發現金冒領",2,1823827,50-69 中高齡,1
UID-093f4d10,2026-03-13 05:37:00,+886-901-167-028,"網路購物詐騙,假賣場",154,43570,大專院校,1
UID-e524ba34,2026-03-12 23:11:00,+886-902-145-383,"假員警,偵查不公開",1,1135278,70+ 長者,1
UID-546861a0,2026-03-12 10:57:00,+886-903-888-086,"假投資,內線交易,VIP通道",15,4079921,碩博士,1
UID-7b2e2538,2026-03-12 11:34:00,+886-901-171-045,"幽靈包裹,超商取貨",197,13352,學生,1
UID-1187580d,2026-03-12 22:14:00,+886-904-655-065,"網路交友,要求儲值,點數卡",18,142584,大專院校,1
UID-72e6ab41,2026-03-12 10:14:00,+886-902-118-672,"假冒郵局,普發現金冒領",2,5441301,70+ 長者,1
UID-996315b9,2026-03-12 20:05:00,+886-903-881-083,"假投資,內線交易,VIP通道",18,495203,碩博士,1
UID-db0f4cf5,2026-03-13 05:12:00,+886-904-915-082,"網路交友,AI濾鏡假冒",25,83345,上班族,1
UID-78377106,2026-03-12 22:07:00,+886-903-887-092,"假投資,資金盤",6,3050652,上班族,1
UID-d7fd67d3,2026-03-13 06:30:00,+886-903-881-031,"假投資,虛擬貨幣,高報酬",13,3071667,碩博士,1
UID-79b53354,2026-03-12 19:07:00,+886-905-940-442,"一般客訴,服務態度",1,15000,學生,0
UID-d2b016b0,2026-03-12 16:46:00,+886-903-887-055,"假投資,內線交易,VIP通道",8,890109,碩博士,1
UID-94ac7d30,2026-03-12 19:32:00,+886-902-101-263,"假員警,偵查不公開",2,7158127,70+ 長者,1
UID-528f09b9,2026-03-13 06:24:00,+886-904-638-052,"殺豬盤,平台無法出金",20,8855,上班族,1
UID-87dfd8ec,2026-03-12 23:17:00,+886-902-155-135,"假扣押財產,面交黃金白銀",3,3819801,70+ 長者,1
UID-af2f694e,2026-03-12 09:08:00,+886-999-999-999,"機器人測試,惡意灌水",10525,0,未知,0
UID-59f21b37,2026-03-13 02:03:00,+886-903-883-036,"假投資,內線交易,VIP通道",16,228326,上班族,1
UID-3c10dbf7,2026-03-12 12:02:00,+886-905-985-610,"交易糾紛,商品瑕疵",1,15000,上班族,0
UID-33c20891,2026-03-12 20:20:00,+886-904-987-027,"殺豬盤,平台無法出金",16,17504,大專院校,1
UID-3204d349,2026-03-12 12:39:00,+886-901-492-038,"網路購物詐騙,解除分期付款",170,19738,大專院校,1
UID-707166f2,2026-03-12 11:28:00,+886-902-188-988,"假檢警,監管帳戶",2,6298734,50-69 中高齡,1
UID-554ac337,2026-03-12 15:38:00,+886-903-889-085,"假投資,虛擬貨幣,高報酬",6,2384930,碩博士,1
UID-ddd0d4c4,2026-03-12 19:26:00,+886-902-192-749,"假冒郵局,普發現金冒領",2,3593715,70+ 長者,1
UID-87a271ae,2026-03-12 18:52:00,+886-903-887-057,"假投資,內線交易,VIP通道",20,4804353,上班族,1
UID-9fef41b0,2026-03-12 15:53:00,+886-903-881-018,"假投資,內線交易,VIP通道",8,2592516,碩博士,1
UID-3e79be1b,2026-03-12 22:51:00,+886-901-521-047,"網路購物詐騙,解除分期付款",1541,2455,高中職以下,1
UID-05fa19d3,2026-03-12 12:29:00,+886-901-127-034,"幽靈包裹,超商取貨",314,23544,大專院校,1
UID-7b7ddae4,2026-03-12 14:11:00,+886-901-318-044,"網路購物詐騙,ATM操作",557,9199,上班族,1
UID-b3c586f3,2026-03-13 04:47:00,+886-905-877-948,"司法文書送達,正常公務",1,15000,上班族,0
UID-68cfe3ca,2026-03-12 22:21:00,+886-901-907-031,"網路購物詐騙,解除分期付款",150,41111,學生,1
UID-74179a73,2026-03-12 18:37:00,+886-903-887-097,"假投資,資金盤",17,3647160,碩博士,1
UID-51477143,2026-03-13 07:17:00,+886-905-187-544,"司法文書送達,正常公務",2,0,50-69 中高齡,0
UID-5360f44b,2026-03-13 03:33:00,+886-905-837-603,"正常投資諮詢,理財規劃",2,500,50-69 中高齡,0
UID-0086c3f0,2026-03-12 09:07:00,+886-904-633-011,"殺豬盤,平台無法出金",22,44620,碩博士,1
UID-40292f05,2026-03-12 10:08:00,+886-902-122-729,"假檢警,監管帳戶",1,7375093,碩博士,1
UID-48350c1a,2026-03-12 12:32:00,+886-905-141-538,"司法文書送達,正常公務",2,15000,學生,0
UID-6af7332b,2026-03-12 09:37:00,+886-905-575-835,"司法文書送達,正常公務",1,0,碩博士,0
UID-532e010e,2026-03-13 06:55:00,+886-903-887-078,"假投資,虛擬貨幣,高報酬",16,2207117,50-69 中高齡,1
UID-c6b77151,2026-03-13 02:24:00,+886-901-802-014,"幽靈包裹,超商取貨",157,33909,大專院校,1
UID-37776786,2026-03-13 03:52:00,+886-903-885-014,"假投資,資金盤",19,3509505,上班族,1
UID-533f19b5,2026-03-13 05:43:00,+886-901-133-008,"網路購物詐騙,假賣場",308,32240,學生,1
UID-96e41e73,2026-03-12 15:19:00,+886-903-885-028,"假投資,虛擬貨幣,高報酬",12,2514114,上班族,1
UID-8a354759,2026-03-12 12:35:00,+886-901-384-031,"幽靈包裹,超商取貨",155,1779,學生,1
UID-f7f3321f,2026-03-13 05:28:00,+886-902-193-191,"假檢警,監管帳戶",2,7915377,50-69 中高齡,1
UID-c76bc704,2026-03-12 18:11:00,+886-905-908-580,"一般客訴,服務態度",1,500,70+ 長者,0
UID-495d161c,2026-03-13 00:57:00,+886-905-798-923,"正常投資諮詢,理財規劃",2,3000,碩博士,0
UID-fadaf4b1,2026-03-12 21:44:00,+886-901-225-035,"網路購物詐騙,假賣場",864,22119,高中職以下,1
UID-4d74d0cf,2026-03-12 15:19:00,+886-904-255-022,"Threads廣告,假兼職",7,55391,大專院校,1
UID-64ae6afc,2026-03-13 02:11:00,+886-904-267-080,"Threads廣告,假兼職",8,132003,上班族,1
UID-1497bb0f,2026-03-12 15:41:00,+886-905-269-676,"交易糾紛,商品瑕疵",1,500,學生,0
UID-58ab7657,2026-03-12 13:15:00,+886-903-886-023,"假投資,虛擬貨幣,高報酬",12,4936031,上班族,1
UID-3fe79c39,2026-03-12 12:49:00,+886-905-666-951,"交易糾紛,商品瑕疵",1,0,大專院校,0
UID-177fd94a,2026-03-12 09:49:00,+886-904-388-005,"網路交友,要求儲值,點數卡",2,148623,碩博士,1
UID-9421e4da,2026-03-13 02:22:00,+886-901-262-027,"網路購物詐騙,解除分期付款",155,41617,高中職以下,1
UID-8fd5d37e,2026-03-12 19:06:00,+886-905-212-740,"司法文書送達,正常公務",1,3000,高中職以下,0
UID-ffd209b3,2026-03-12 15:03:00,+886-905-334-309,"司法文書送達,正常公務",2,0,學生,0
UID-79bca25b,2026-03-12 10:55:00,+886-904-952-083,"網路交友,要求儲值,點數卡",26,148845,碩博士,1
UID-2299e4d1,2026-03-12 09:07:00,+886-999-999-999,"機器人測試,惡意灌水",14672,0,未知,0
UID-6ccf79d2,2026-03-12 17:06:00,+886-903-887-074,"假投資,虛擬貨幣,高報酬",17,4885475,碩博士,1
UID-a31fcd0a,2026-03-12 23:36:00,+886-904-713-009,"網路交友,AI濾鏡假冒",8,135768,上班族,1
UID-a8dbe7f5,2026-03-12 15:54:00,+886-904-245-058,"殺豬盤,平台無法出金",11,15489,大專院校,1
UID-2661e9c1,2026-03-12 21:32:00,+886-905-369-467,"一般客訴,服務態度",2,0,上班族,0
UID-7e65b3cd,2026-03-12 16:30:00,+886-903-885-055,"假投資,虛擬貨幣,高報酬",8,1224758,碩博士,1
UID-685083df,2026-03-12 15:48:00,+886-903-887-019,"假投資,內線交易,VIP通道",13,213515,50-69 中高齡,1
UID-85216b45,2026-03-12 23:06:00,+886-905-954-843,"正常投資諮詢,理財規劃",2,0,學生,0
UID-27111a32,2026-03-13 06:27:00,+886-903-885-067,"假投資,資金盤",15,3544526,上班族,1
UID-55521c44,2026-03-13 07:16:00,+886-905-795-942,"正常投資諮詢,理財規劃",2,0,高中職以下,0
UID-330cab3e,2026-03-13 05:49:00,+886-902-101-792,"假扣押財產,面交黃金白銀",2,713032,70+ 長者,1
UID-db3a430d,2026-03-12 17:18:00,+886-901-531-009,"網路購物詐騙,解除分期付款",152,32875,高中職以下,1
UID-746e3187,2026-03-12 23:09:00,+886-905-582-809,"一般客訴,服務態度",1,15000,50-69 中高齡,0
UID-75f41c1b,2026-03-12 18:03:00,+886-905-891-895,"交易糾紛,商品瑕疵",2,0,70+ 長者,0
UID-f8e7ab7c,2026-03-12 17:02:00,+886-905-283-981,"債務不履行,退款延遲",1,500,70+ 長者,0
UID-3d054ebf,2026-03-12 21:14:00,+886-902-108-519,"假檢警,監管帳戶",3,2422175,70+ 長者,1
UID-ff72c3e9,2026-03-13 02:10:00,+886-902-171-140,"假扣押財產,面交黃金白銀",1,6250435,50-69 中高齡,1
UID-27682e96,2026-03-12 18:07:00,+886-903-886-004,"假投資,虛擬貨幣,高報酬",11,1186866,上班族,1
UID-989b88fb,2026-03-13 04:36:00,+886-901-435-020,"幽靈包裹,超商取貨",161,8042,高中職以下,1
UID-9670ef74,2026-03-13 05:45:00,+886-904-922-091,"殺豬盤,平台無法出金",13,146698,學生,1
UID-9dda0e9b,2026-03-13 01:57:00,+886-905-190-245,"一般客訴,服務態度",2,500,70+ 長者,0
UID-98599c44,2026-03-12 18:56:00,+886-901-792-022,"網路購物詐騙,ATM操作",169,8564,高中職以下,1
UID-c21c7706,2026-03-12 16:19:00,+886-904-415-022,"殺豬盤,平台無法出金",26,145590,大專院校,1
UID-0dc3e0f7,2026-03-12 16:29:00,+886-902-104-257,"假員警,偵查不公開",1,4475761,70+ 長者,1
UID-1da2b096,2026-03-12 09:11:00,+886-901-563-043,"網路購物詐騙,假賣場",167,36998,大專院校,1
UID-ac08dea3,2026-03-13 04:09:00,+886-905-203-989,"司法文書送達,正常公務",2,500,大專院校,0
UID-2d00b9a2,2026-03-13 06:21:00,+886-902-198-190,"假員警,偵查不公開",2,3960987,70+ 長者,1
UID-e5364b05,2026-03-12 22:18:00,+886-903-882-068,"假投資,內線交易,VIP通道",6,2622358,50-69 中高齡,1
UID-a860f0b5,2026-03-12 17:20:00,+886-905-974-119,"交易糾紛,商品瑕疵",2,0,70+ 長者,0
UID-7a7d9c50,2026-03-13 00:45:00,+886-901-791-022,"網路購物詐騙,ATM操作",251,25102,高中職以下,1
UID-26b7f642,2026-03-12 11:38:00,+886-901-643-045,"網路購物詐騙,解除分期付款",156,35223,學生,1
UID-5cd39c70,2026-03-12 15:04:00,+886-904-686-017,"網路交友,AI濾鏡假冒",22,105791,碩博士,1
UID-d2750873,2026-03-13 01:54:00,+886-904-789-052,"殺豬盤,平台無法出金",7,122281,上班族,1
UID-f3f21604,2026-03-12 13:03:00,+886-901-471-037,"網路購物詐騙,ATM操作",158,28297,大專院校,1
UID-78e98042,2026-03-12 21:25:00,+886-905-489-195,"司法文書送達,正常公務",1,3000,碩博士,0
UID-7b8e8099,2026-03-13 01:07:00,+886-905-489-641,"債務不履行,退款延遲",1,0,學生,0
UID-f69c7bc7,2026-03-12 09:18:00,+886-901-668-035,"幽靈包裹,超商取貨",157,21767,高中職以下,1
UID-9c833946,2026-03-13 05:59:00,+886-904-635-095,"Threads廣告,假兼職",10,69401,大專院校,1
UID-e26097fa,2026-03-12 12:25:00,+886-905-955-351,"正常投資諮詢,理財規劃",2,3000,高中職以下,0
UID-5625f4fd,2026-03-12 10:31:00,+886-903-886-033,"假投資,內線交易,VIP通道",8,2426748,大專院校,1
UID-382fe123,2026-03-12 21:26:00,+886-903-887-063,"假投資,內線交易,VIP通道",6,2034338,50-69 中高齡,1
UID-81c08c57,2026-03-12 09:02:00,+886-999-999-999,"機器人測試,惡意灌水",11786,0,未知,0
UID-9c81477e,2026-03-13 03:55:00,+886-903-888-066,"假投資,資金盤",5,411995,碩博士,1
UID-0743cf8c,2026-03-12 18:10:00,+886-903-880-088,"假投資,虛擬貨幣,高報酬",12,4889944,碩博士,1
UID-e0260c62,2026-03-12 23:24:00,+886-905-726-231,"債務不履行,退款延遲",1,15000,學生,0
UID-d7338103,2026-03-13 03:32:00,+886-903-883-003,"假投資,內線交易,VIP通道",10,1008899,大專院校,1
UID-b5efd735,2026-03-13 05:15:00,+886-905-563-192,"交易糾紛,商品瑕疵",1,15000,上班族,0
UID-ea493fb3,2026-03-12 21:55:00,+886-903-888-020,"假投資,內線交易,VIP通道",19,1105454,碩博士,1
UID-6bea0001,2026-03-13 00:52:00,+886-903-880-013,"假投資,資金盤",17,2282297,碩博士,1
UID-510b6e15,2026-03-13 05:07:00,+886-903-889-038,"假投資,資金盤",20,2064202,50-69 中高齡,1
UID-c3ca2864,2026-03-12 10:26:00,+886-901-449-013,"幽靈包裹,超商取貨",595,1548,大專院校,1
UID-fde4689a,2026-03-12 09:51:00,+886-902-156-967,"假員警,偵查不公開",1,2037566,70+ 長者,1
UID-87908d21,2026-03-12 22:12:00,+886-905-704-348,"一般客訴,服務態度",1,15000,上班族,0
UID-2d8830fd,2026-03-12 10:02:00,+886-904-847-029,"網路交友,要求儲值,點數卡",13,47621,碩博士,1
UID-f92b5491,2026-03-13 08:29:00,+886-905-470-480,"正常投資諮詢,理財規劃",2,500,50-69 中高齡,0
UID-6684ed4e,2026-03-12 19:18:00,+886-903-882-057,"假投資,虛擬貨幣,高報酬",19,4323136,碩博士,1
UID-99458f31,2026-03-13 06:54:00,+886-905-867-412,"一般客訴,服務態度",1,0,大專院校,0
UID-33fc5d9e,2026-03-12 18:28:00,+886-903-880-088,"假投資,保證獲利",12,2359052,碩博士,1
UID-9474e1e6,2026-03-12 12:46:00,+886-904-266-038,"Threads廣告,假兼職",17,9265,學生,1
UID-c831e13f,2026-03-13 07:00:00,+886-904-171-020,"Threads廣告,假兼職",18,75989,上班族,1
UID-73e16144,2026-03-13 03:09:00,+886-903-888-001,"假投資,保證獲利",15,4125555,碩博士,1
UID-605fddf9,2026-03-12 14:32:00,+886-904-710-076,"網路交友,要求儲值,點數卡",29,35805,碩博士,1
UID-fc7375c1,2026-03-12 17:24:00,+886-902-117-363,"假扣押財產,面交黃金白銀",3,2211698,碩博士,1
UID-a3c1a144,2026-03-13 06:14:00,+886-905-257-539,"交易糾紛,商品瑕疵",1,3000,70+ 長者,0
UID-fd9ab190,2026-03-12 09:05:00,+886-905-642-892,"一般客訴,服務態度",1,15000,70+ 長者,0
UID-97283217,2026-03-12 20:05:00,+886-903-889-035,"假投資,內線交易,VIP通道",13,3443814,上班族,1
UID-208fe4b6,2026-03-12 11:06:00,+886-901-908-044,"幽靈包裹,超商取貨",155,33664,上班族,1
UID-c7aba709,2026-03-12 23:20:00,+886-903-884-076,"假投資,資金盤",18,1734803,50-69 中高齡,1
UID-a71d2e76,2026-03-13 02:06:00,+886-904-195-021,"殺豬盤,平台無法出金",11,105700,碩博士,1
UID-0ff4a582,2026-03-13 01:44:00,+886-902-123-349,"假扣押財產,面交黃金白銀",1,4620618,70+ 長者,1
UID-226dd33e,2026-03-12 14:53:00,+886-905-685-574,"債務不履行,退款延遲",2,15000,70+ 長者,0
UID-25400930,2026-03-13 05:25:00,+886-905-423-446,"債務不履行,退款延遲",1,0,上班族,0
UID-fdd9ee28,2026-03-12 23:49:00,+886-902-174-600,"假扣押財產,面交黃金白銀",2,1775822,70+ 長者,1
UID-4bec3a3e,2026-03-13 05:35:00,+886-903-882-064,"假投資,資金盤",19,4967981,上班族,1
UID-e97da2da,2026-03-12 19:45:00,+886-905-219-107,"一般客訴,服務態度",1,0,上班族,0
UID-2470c853,2026-03-13 08:46:00,+886-903-880-001,"假投資,內線交易,VIP通道",18,3263931,碩博士,1
UID-72718d8a,2026-03-12 23:16:00,+886-902-167-124,"假扣押財產,面交黃金白銀",2,7240707,50-69 中高齡,1
UID-b9f5758f,2026-03-12 14:27:00,+886-903-883-035,"假投資,資金盤",7,4434506,碩博士,1
UID-fdc3e00f,2026-03-12 11:48:00,+886-902-104-311,"假員警,偵查不公開",3,3233691,70+ 長者,1
UID-a7c805cf,2026-03-13 06:04:00,+886-901-461-006,"網路購物詐騙,ATM操作",267,28968,高中職以下,1
UID-7f1a8c1e,2026-03-13 07:16:00,+886-905-880-196,"交易糾紛,商品瑕疵",1,500,碩博士,0
UID-b81e344f,2026-03-12 21:03:00,+886-901-793-028,"網路購物詐騙,ATM操作",201,26698,高中職以下,1
UID-9864242a,2026-03-12 15:54:00,+886-903-884-060,"假投資,保證獲利",20,1578782,50-69 中高齡,1
UID-b3ee2d4c,2026-03-12 14:10:00,+886-905-264-494,"一般客訴,服務態度",2,15000,高中職以下,0
UID-0471c70c,2026-03-12 11:01:00,+886-902-171-383,"假冒郵局,普發現金冒領",2,1535877,50-69 中高齡,1
UID-47d1a85a,2026-03-12 21:18:00,+886-901-790-021,"網路購物詐騙,解除分期付款",202,28126,上班族,1
UID-2f77f302,2026-03-12 22:11:00,+886-901-449-042,"網路購物詐騙,假賣場",376,11902,大專院校,1
UID-bb10c6ef,2026-03-12 20:51:00,+886-902-200-600,"假冒郵局,普發現金冒領",2,2023319,70+ 長者,1
UID-212dfd7d,2026-03-13 03:56:00,+886-902-126-130,"假檢警,監管帳戶",3,3020640,50-69 中高齡,1
UID-cdbf8c7f,2026-03-13 06:36:00,+886-902-123-139,"假扣押財產,面交黃金白銀",3,1162525,碩博士,1
UID-0a5a42fd,2026-03-12 16:21:00,+886-905-220-712,"一般客訴,服務態度",1,3000,碩博士,0
UID-bdac31a2,2026-03-13 05:33:00,+886-904-998-025,"殺豬盤,平台無法出金",17,33117,碩博士,1
UID-426f7da7,2026-03-12 16:14:00,+886-904-689-025,"網路交友,AI濾鏡假冒",21,78555,大專院校,1
UID-7eeec8a0,2026-03-12 14:21:00,+886-902-157-167,"假扣押財產,面交黃金白銀",1,5517814,50-69 中高齡,1
UID-fe3edd45,2026-03-12 19:56:00,+886-905-288-206,"交易糾紛,商品瑕疵",1,0,70+ 長者,0
UID-b2357613,2026-03-13 01:07:00,+886-905-567-406,"司法文書送達,正常公務",1,3000,學生,0
UID-c11b2bb1,2026-03-13 01:35:00,+886-905-636-877,"交易糾紛,商品瑕疵",1,15000,大專院校,0
UID-1a28803d,2026-03-13 00:45:00,+886-905-577-654,"正常投資諮詢,理財規劃",2,3000,高中職以下,0
UID-af7c7005,2026-03-12 14:16:00,+886-903-885-078,"假投資,內線交易,VIP通道",14,3443697,碩博士,1
UID-328937e0,2026-03-12 18:39:00,+886-904-311-012,"Threads廣告,假兼職",26,57297,碩博士,1
UID-9703e341,2026-03-12 16:52:00,+886-904-449-010,"殺豬盤,平台無法出金",19,98903,碩博士,1
UID-ad4d8d4e,2026-03-13 05:52:00,+886-905-917-750,"一般客訴,服務態度",1,15000,碩博士,0
UID-7d61c59c,2026-03-12 19:13:00,+886-904-741-037,"網路交友,AI濾鏡假冒",3,144800,大專院校,1
UID-6978af1c,2026-03-12 21:05:00,+886-902-116-717,"假扣押財產,面交黃金白銀",3,4137652,70+ 長者,1
UID-5fc747a3,2026-03-12 16:24:00,+886-903-889-013,"假投資,資金盤",16,4837677,上班族,1
UID-ee750363,2026-03-13 05:23:00,+886-903-880-040,"假投資,資金盤",7,4301365,50-69 中高齡,1
UID-505be980,2026-03-12 14:24:00,+886-903-883-077,"假投資,資金盤",13,4938282,碩博士,1
UID-d3421e92,2026-03-12 18:57:00,+886-904-481-044,"網路交友,要求儲值,點數卡",8,79839,學生,1
UID-a87f019a,2026-03-13 06:22:00,+886-904-327-041,"Threads廣告,假兼職",10,43734,大專院校,1
UID-34bd0efc,2026-03-12 11:43:00,+886-903-888-050,"假投資,內線交易,VIP通道",8,1187743,50-69 中高齡,1
UID-6546264c,2026-03-12 15:55:00,+886-901-852-013,"網路購物詐騙,解除分期付款",163,21779,學生,1
UID-389b5af0,2026-03-12 18:40:00,+886-903-881-095,"假投資,內線交易,VIP通道",15,4586679,50-69 中高齡,1
UID-33df8532,2026-03-12 18:52:00,+886-901-728-010,"網路購物詐騙,解除分期付款",264,9085,學生,1
UID-c10450da,2026-03-13 08:03:00,+886-905-553-737,"債務不履行,退款延遲",1,0,大專院校,0
UID-8cad598c,2026-03-12 09:37:00,+886-904-141-058,"網路交友,AI濾鏡假冒",4,12231,學生,1
UID-c66099e3,2026-03-13 06:46:00,+886-905-281-151,"交易糾紛,商品瑕疵",1,3000,學生,0
UID-44f7e889,2026-03-13 01:14:00,+886-905-805-368,"交易糾紛,商品瑕疵",2,3000,上班族,0
UID-5159d0f1,2026-03-12 19:43:00,+886-903-885-006,"假投資,虛擬貨幣,高報酬",12,2171908,碩博士,1
UID-6250172c,2026-03-12 22:05:00,+886-904-766-073,"殺豬盤,平台無法出金",24,79634,大專院校,1
UID-ff757991,2026-03-12 09:12:00,+886-905-301-646,"債務不履行,退款延遲",1,15000,高中職以下,0
UID-cc582b43,2026-03-12 09:23:00,+886-901-779-028,"幽靈包裹,超商取貨",181,23025,大專院校,1
UID-61079a91,2026-03-13 00:33:00,+886-903-880-049,"假投資,內線交易,VIP通道",13,3014464,碩博士,1
UID-681a6564,2026-03-13 08:59:00,+886-903-887-096,"假投資,虛擬貨幣,高報酬",8,2457450,上班族,1
UID-2d730a35,2026-03-12 18:07:00,+886-905-370-591,"交易糾紛,商品瑕疵",1,500,上班族,0
UID-5fdeef4d,2026-03-12 09:03:00,+886-999-999-999,"機器人測試,惡意灌水",11310,0,未知,0
UID-866e89c2,2026-03-13 03:54:00,+886-901-626-041,"幽靈包裹,超商取貨",151,35297,大專院校,1
UID-d051aa3a,2026-03-12 20:17:00,+886-901-911-032,"網路購物詐騙,ATM操作",233,31567,高中職以下,1
UID-d7704b11,2026-03-13 01:28:00,+886-905-169-417,"司法文書送達,正常公務",2,500,碩博士,0
UID-a59ba717,2026-03-13 01:19:00,+886-904-716-002,"網路交友,要求儲值,點數卡",8,119611,上班族,1
UID-ebeb7d11,2026-03-12 22:33:00,+886-904-546-054,"網路交友,AI濾鏡假冒",15,147185,學生,1
UID-a82199fb,2026-03-13 01:59:00,+886-904-729-049,"網路交友,AI濾鏡假冒",7,147439,碩博士,1
UID-fad0dac0,2026-03-13 01:25:00,+886-905-916-635,"正常投資諮詢,理財規劃",2,3000,高中職以下,0
UID-637bebd5,2026-03-13 03:09:00,+886-902-126-351,"假員警,偵查不公開",1,7880338,70+ 長者,1
UID-46325e07,2026-03-12 14:43:00,+886-904-172-097,"殺豬盤,平台無法出金",24,65206,大專院校,1
UID-7ceb4e28,2026-03-12 19:38:00,+886-902-152-477,"假扣押財產,面交黃金白銀",3,3514230,70+ 長者,1
UID-107e79ac,2026-03-13 04:40:00,+886-903-883-097,"假投資,虛擬貨幣,高報酬",12,2506240,大專院校,1
UID-f53b7411,2026-03-13 05:21:00,+886-905-623-366,"司法文書送達,正常公務",2,3000,大專院校,0
UID-0b203b30,2026-03-12 22:27:00,+886-905-630-475,"正常投資諮詢,理財規劃",2,3000,高中職以下,0
UID-35c7004f,2026-03-12 20:45:00,+886-903-884-035,"假投資,保證獲利",11,2922852,大專院校,1
UID-5a9a571a,2026-03-13 04:29:00,+886-905-833-113,"司法文書送達,正常公務",2,3000,碩博士,0
UID-2bac81e4,2026-03-13 06:20:00,+886-902-145-998,"假扣押財產,面交黃金白銀",2,2406398,70+ 長者,1
UID-1df3a299,2026-03-13 07:41:00,+886-903-881-041,"假投資,虛擬貨幣,高報酬",17,1151322,上班族,1
UID-20a6d8d6,2026-03-12 13:57:00,+886-901-155-001,"網路購物詐騙,解除分期付款",157,22756,大專院校,1
UID-ac7ce013,2026-03-12 17:26:00,+886-903-886-086,"假投資,資金盤",9,156822,碩博士,1
UID-5d5919f1,2026-03-13 08:22:00,+886-902-129-937,"假檢警,監管帳戶",2,713334,50-69 中高齡,1
UID-6d7aa241,2026-03-12 11:21:00,+886-903-882-092,"假投資,內線交易,VIP通道",14,4709110,50-69 中高齡,1
UID-dd3144ac,2026-03-12 12:08:00,+886-903-883-030,"假投資,資金盤",11,843530,碩博士,1
UID-3c60a1e3,2026-03-13 02:39:00,+886-902-172-912,"假冒郵局,普發現金冒領",2,3642416,70+ 長者,1
UID-a17e9c95,2026-03-12 10:49:00,+886-905-488-110,"司法文書送達,正常公務",1,15000,高中職以下,0
UID-b873bed3,2026-03-12 11:54:00,+886-905-375-113,"一般客訴,服務態度",1,15000,碩博士,0
UID-b5377146,2026-03-13 01:58:00,+886-902-107-687,"假冒郵局,普發現金冒領",2,5781688,70+ 長者,1
UID-12963c90,2026-03-13 03:35:00,+886-903-888-031,"假投資,資金盤",7,2009894,碩博士,1
UID-0a9005a9,2026-03-13 00:22:00,+886-902-189-762,"假扣押財產,面交黃金白銀",2,4090757,70+ 長者,1
UID-14173938,2026-03-13 05:05:00,+886-905-488-384,"交易糾紛,商品瑕疵",1,0,大專院校,0
UID-3c05780f,2026-03-13 00:58:00,+886-905-190-580,"一般客訴,服務態度",2,500,上班族,0
UID-1032745c,2026-03-13 03:16:00,+886-904-129-023,"網路交友,AI濾鏡假冒",28,125628,學生,1
UID-10652fca,2026-03-13 07:24:00,+886-905-140-708,"正常投資諮詢,理財規劃",2,3000,70+ 長者,0
UID-c9129782,2026-03-13 03:57:00,+886-902-129-899,"假檢警,監管帳戶",3,6476692,50-69 中高齡,1
UID-b023e88f,2026-03-13 05:04:00,+886-904-924-057,"網路交友,AI濾鏡假冒",10,91079,學生,1
UID-a342f370,2026-03-13 00:59:00,+886-904-171-003,"網路交友,要求儲值,點數卡",26,4948,大專院校,1
UID-b14f52df,2026-03-12 09:11:00,+886-905-443-704,"正常投資諮詢,理財規劃",1,500,碩博士,0
UID-ed4a7016,2026-03-12 21:16:00,+886-904-228-082,"網路交友,要求儲值,點數卡",13,67484,碩博士,1
UID-ecbbfad9,2026-03-12 23:53:00,+886-903-888-038,"假投資,內線交易,VIP通道",12,3537121,碩博士,1
UID-6ffc8551,2026-03-12 11:40:00,+886-901-261-047,"網路購物詐騙,ATM操作",185,2338,高中職以下,1
UID-5a5aed83,2026-03-12 09:08:00,+886-999-999-999,"機器人測試,惡意灌水",13360,0,未知,0
UID-1f7b6be5,2026-03-13 01:40:00,+886-905-962-966,"交易糾紛,商品瑕疵",1,15000,高中職以下,0
UID-20b79658,2026-03-13 01:27:00,+886-905-565-882,"一般客訴,服務態度",1,15000,碩博士,0
UID-d36ef469,2026-03-12 14:07:00,+886-902-172-484,"假冒郵局,普發現金冒領",3,4694088,70+ 長者,1
UID-410845cd,2026-03-12 17:21:00,+886-904-142-013,"Threads廣告,假兼職",2,39685,上班族,1
UID-5e173a0b,2026-03-13 08:25:00,+886-901-389-018,"網路購物詐騙,解除分期付款",490,12073,學生,1
UID-75dc73f5,2026-03-12 16:21:00,+886-905-767-851,"司法文書送達,正常公務",1,0,50-69 中高齡,0
UID-d70b1a6e,2026-03-12 15:57:00,+886-903-885-090,"假投資,虛擬貨幣,高報酬",5,2026033,50-69 中高齡,1
UID-f4bcf6a8,2026-03-12 17:40:00,+886-905-992-131,"正常投資諮詢,理財規劃",2,3000,70+ 長者,0
UID-12c55fab,2026-03-12 22:36:00,+886-905-859-322,"債務不履行,退款延遲",2,15000,碩博士,0
UID-5600980e,2026-03-12 11:23:00,+886-902-108-125,"假扣押財產,面交黃金白銀",3,7979526,70+ 長者,1
UID-83417fe0,2026-03-12 16:17:00,+886-904-465-055,"殺豬盤,平台無法出金",17,51016,大專院校,1
UID-4413d018,2026-03-13 07:30:00,+886-901-540-037,"網路購物詐騙,解除分期付款",159,21111,大專院校,1
UID-c9a37d2f,2026-03-12 11:09:00,+886-903-889-012,"假投資,虛擬貨幣,高報酬",7,3332870,大專院校,1
UID-759c21e4,2026-03-12 18:25:00,+886-905-695-227,"司法文書送達,正常公務",2,15000,大專院校,0
UID-b3763684,2026-03-13 06:49:00,+886-902-147-808,"假冒郵局,普發現金冒領",2,2910540,70+ 長者,1
UID-5378f2a4,2026-03-13 05:48:00,+886-902-139-546,"假冒郵局,普發現金冒領",2,5996119,70+ 長者,1
UID-2ac4be84,2026-03-12 09:07:00,+886-999-999-999,"機器人測試,惡意灌水",9530,0,未知,0
UID-7f4863b9,2026-03-13 07:38:00,+886-905-807-844,"債務不履行,退款延遲",1,3000,70+ 長者,0
UID-24df9ff6,2026-03-12 15:09:00,+886-903-881-081,"假投資,虛擬貨幣,高報酬",17,1703802,50-69 中高齡,1
UID-0c0f8d97,2026-03-12 19:18:00,+886-901-683-022,"幽靈包裹,超商取貨",177,34356,上班族,1
UID-8c5a5127,2026-03-12 19:02:00,+886-902-132-608,"假員警,偵查不公開",1,5747526,70+ 長者,1
UID-1f994a62,2026-03-13 06:48:00,+886-904-992-064,"網路交友,要求儲值,點數卡",7,26464,上班族,1
UID-ae2a2144,2026-03-12 10:43:00,+886-903-880-047,"假投資,保證獲利",18,727707,碩博士,1
UID-d3a8c017,2026-03-13 08:20:00,+886-903-885-011,"假投資,內線交易,VIP通道",5,2501325,上班族,1
UID-d510e262,2026-03-12 11:20:00,+886-905-619-225,"司法文書送達,正常公務",1,0,50-69 中高齡,0
UID-61cbb12e,2026-03-13 00:26:00,+886-905-870-142,"司法文書送達,正常公務",2,3000,高中職以下,0
UID-963088bf,2026-03-12 12:15:00,+886-905-668-368,"債務不履行,退款延遲",2,15000,大專院校,0
UID-af611ecc,2026-03-12 12:03:00,+886-902-167-603,"假冒郵局,普發現金冒領",2,1887143,50-69 中高齡,1
UID-84273069,2026-03-12 18:01:00,+886-901-700-002,"網路購物詐騙,假賣場",152,18730,高中職以下,1
UID-856b36b0,2026-03-12 13:53:00,+886-901-410-022,"網路購物詐騙,ATM操作",242,40044,高中職以下,1
UID-9da1b5bb,2026-03-13 04:38:00,+886-903-885-058,"假投資,內線交易,VIP通道",17,4599753,大專院校,1
UID-9b8c6d4b,2026-03-13 04:30:00,+886-905-202-524,"一般客訴,服務態度",1,15000,高中職以下,0
UID-8e894f85,2026-03-12 10:54:00,+886-903-886-005,"假投資,保證獲利",7,3818338,碩博士,1
UID-442f5a61,2026-03-12 11:39:00,+886-904-656-042,"Threads廣告,假兼職",13,46060,上班族,1
UID-2e65e201,2026-03-13 04:07:00,+886-902-145-775,"假員警,偵查不公開",1,7625028,70+ 長者,1
UID-2de806c9,2026-03-12 21:05:00,+886-902-105-926,"假扣押財產,面交黃金白銀",3,5843234,70+ 長者,1
UID-87e9e288,2026-03-12 14:16:00,+886-903-883-044,"假投資,虛擬貨幣,高報酬",9,1334643,50-69 中高齡,1
UID-c64f54e3,2026-03-12 14:33:00,+886-901-373-011,"幽靈包裹,超商取貨",227,3324,高中職以下,1
UID-57b579fd,2026-03-12 23:22:00,+886-901-589-009,"網路購物詐騙,假賣場",169,43601,上班族,1
UID-18fe64c1,2026-03-12 09:54:00,+886-905-861-506,"司法文書送達,正常公務",1,500,大專院校,0
UID-40d9ce95,2026-03-12 13:53:00,+886-905-260-326,"正常投資諮詢,理財規劃",2,15000,學生,0
UID-c0ab772c,2026-03-12 21:20:00,+886-905-458-711,"交易糾紛,商品瑕疵",1,3000,高中職以下,0
UID-ad518a28,2026-03-12 10:47:00,+886-905-408-351,"債務不履行,退款延遲",1,500,高中職以下,0
UID-f2661ff4,2026-03-12 11:52:00,+886-905-621-129,"一般客訴,服務態度",1,15000,50-69 中高齡,0
UID-db0c940f,2026-03-12 11:40:00,+886-902-181-618,"假冒郵局,普發現金冒領",3,4988476,70+ 長者,1
UID-a585d07d,2026-03-12 19:35:00,+886-901-828-023,"網路購物詐騙,解除分期付款",343,2807,上班族,1
UID-af09b678,2026-03-12 10:44:00,+886-901-403-024,"網路購物詐騙,ATM操作",153,16049,上班族,1
UID-1943a0c4,2026-03-12 10:02:00,+886-902-140-906,"假員警,偵查不公開",3,1253759,碩博士,1
UID-5defdaa4,2026-03-12 15:20:00,+886-905-735-386,"一般客訴,服務態度",2,3000,碩博士,0
UID-4f002283,2026-03-13 04:22:00,+886-903-888-005,"假投資,內線交易,VIP通道",13,2276610,碩博士,1
UID-81a45212,2026-03-12 22:31:00,+886-904-580-025,"網路交友,AI濾鏡假冒",5,38904,上班族,1
UID-65915b93,2026-03-13 00:46:00,+886-902-193-787,"假員警,偵查不公開",2,1865472,70+ 長者,1
UID-fecdc619,2026-03-12 15:29:00,+886-903-882-075,"假投資,資金盤",7,2833513,上班族,1
UID-e05fa418,2026-03-12 12:43:00,+886-903-884-066,"假投資,資金盤",17,2641902,大專院校,1
UID-5ba08ab2,2026-03-12 15:43:00,+886-905-659-643,"司法文書送達,正常公務",2,15000,學生,0
UID-c253c261,2026-03-13 04:25:00,+886-901-438-050,"網路購物詐騙,ATM操作",153,41809,學生,1
UID-7821800d,2026-03-12 11:58:00,+886-904-231-051,"網路交友,要求儲值,點數卡",9,20285,碩博士,1
UID-99227d27,2026-03-12 11:15:00,+886-904-798-049,"網路交友,要求儲值,點數卡",19,118494,碩博士,1
UID-6d92a457,2026-03-12 21:50:00,+886-901-378-050,"網路購物詐騙,解除分期付款",164,33482,高中職以下,1
UID-dc452bfc,2026-03-12 14:38:00,+886-902-168-638,"假扣押財產,面交黃金白銀",1,6556736,50-69 中高齡,1
UID-d74396e7,2026-03-12 11:24:00,+886-903-887-076,"假投資,內線交易,VIP通道",14,2853029,上班族,1
UID-4e254bf7,2026-03-12 10:30:00,+886-903-889-094,"假投資,保證獲利",16,411614,50-69 中高齡,1
UID-f0bc71a7,2026-03-12 22:18:00,+886-905-136-835,"正常投資諮詢,理財規劃",1,0,70+ 長者,0
UID-756c9716,2026-03-12 19:33:00,+886-901-839-004,"網路購物詐騙,假賣場",193,15123,高中職以下,1
UID-b0c162b6,2026-03-12 15:16:00,+886-905-481-174,"債務不履行,退款延遲",1,3000,高中職以下,0
UID-81c9854c,2026-03-12 17:30:00,+886-904-519-058,"網路交友,要求儲值,點數卡",13,34936,碩博士,1
UID-709964a4,2026-03-12 16:47:00,+886-903-880-059,"假投資,內線交易,VIP通道",7,3419814,碩博士,1
UID-6c3a32d4,2026-03-12 21:18:00,+886-904-204-091,"殺豬盤,平台無法出金",5,42098,碩博士,1
UID-ac7f28dd,2026-03-13 07:42:00,+886-905-764-489,"交易糾紛,商品瑕疵",2,0,大專院校,0
UID-424cf914,2026-03-12 12:35:00,+886-903-881-080,"假投資,保證獲利",19,4487596,碩博士,1
UID-f7c81d15,2026-03-13 03:15:00,+886-901-627-016,"網路購物詐騙,假賣場",316,5673,高中職以下,1
UID-767f27ce,2026-03-13 00:11:00,+886-905-850-482,"債務不履行,退款延遲",2,500,大專院校,0
UID-3935d7d2,2026-03-13 02:10:00,+886-902-194-427,"假冒郵局,普發現金冒領",2,2022011,70+ 長者,1
UID-c7a80750,2026-03-12 17:29:00,+886-903-881-008,"假投資,虛擬貨幣,高報酬",14,2248880,50-69 中高齡,1
UID-130fe4e7,2026-03-12 14:55:00,+886-901-111-048,"網路購物詐騙,假賣場",158,33732,學生,1
UID-7c889f7a,2026-03-13 03:36:00,+886-903-889-085,"假投資,資金盤",12,2102425,碩博士,1
UID-320237fa,2026-03-12 14:18:00,+886-904-900-068,"網路交友,AI濾鏡假冒",8,25589,碩博士,1
UID-89ea7400,2026-03-12 22:47:00,+886-903-889-011,"假投資,保證獲利",20,3648713,碩博士,1
UID-c4eb323b,2026-03-12 12:12:00,+886-903-886-027,"假投資,保證獲利",12,1886236,碩博士,1
UID-8fbf2aaf,2026-03-13 01:13:00,+886-903-888-056,"假投資,保證獲利",16,1154711,上班族,1
UID-a7355326,2026-03-12 20:39:00,+886-904-626-049,"Threads廣告,假兼職",15,122424,碩博士,1
UID-51e6ce20,2026-03-12 15:24:00,+886-905-281-760,"交易糾紛,商品瑕疵",2,3000,學生,0
UID-ede3723b,2026-03-13 07:42:00,+886-902-131-946,"假扣押財產,面交黃金白銀",3,4582485,50-69 中高齡,1
UID-7e8268e9,2026-03-13 01:27:00,+886-902-143-927,"假冒郵局,普發現金冒領",3,7481264,70+ 長者,1
UID-f5bb886a,2026-03-13 07:21:00,+886-901-973-042,"網路購物詐騙,假賣場",298,14009,大專院校,1
UID-584b9b74,2026-03-12 10:03:00,+886-903-885-005,"假投資,資金盤",16,267090,碩博士,1
UID-88ce4d6d,2026-03-13 02:04:00,+886-901-610-005,"網路購物詐騙,假賣場",525,14404,大專院校,1
UID-41783c54,2026-03-13 07:52:00,+886-905-835-346,"債務不履行,退款延遲",2,3000,大專院校,0
UID-6ec8184c,2026-03-12 10:19:00,+886-905-272-388,"債務不履行,退款延遲",1,3000,碩博士,0
UID-f2084cb2,2026-03-12 22:45:00,+886-905-749-442,"債務不履行,退款延遲",1,15000,碩博士,0
UID-b99c3941,2026-03-12 13:12:00,+886-902-108-225,"假員警,偵查不公開",1,4796501,70+ 長者,1
UID-74cdfb34,2026-03-12 17:00:00,+886-904-524-044,"網路交友,AI濾鏡假冒",9,74164,上班族,1
UID-57be250f,2026-03-12 15:49:00,+886-903-880-032,"假投資,內線交易,VIP通道",6,4788791,碩博士,1
UID-109d8abd,2026-03-12 12:28:00,+886-903-888-099,"假投資,內線交易,VIP通道",17,4969149,50-69 中高齡,1
UID-8a6e13a2,2026-03-12 23:13:00,+886-905-233-197,"債務不履行,退款延遲",2,3000,學生,0
UID-4777f687,2026-03-12 09:08:00,+886-999-999-999,"機器人測試,惡意灌水",12529,0,未知,0
UID-af134ecb,2026-03-12 09:53:00,+886-901-784-002,"幽靈包裹,超商取貨",408,3618,學生,1
UID-36abcca2,2026-03-12 17:12:00,+886-902-155-921,"假冒郵局,普發現金冒領",2,2295879,碩博士,1
UID-61255b8e,2026-03-12 20:46:00,+886-903-883-078,"假投資,內線交易,VIP通道",18,1051527,50-69 中高齡,1
UID-71bc106b,2026-03-12 15:03:00,+886-903-885-095,"假投資,虛擬貨幣,高報酬",9,2228825,上班族,1
UID-367cef6f,2026-03-13 04:34:00,+886-905-869-578,"交易糾紛,商品瑕疵",1,0,50-69 中高齡,0
UID-03b1d6a5,2026-03-12 20:17:00,+886-905-185-391,"債務不履行,退款延遲",1,500,學生,0
UID-8f2c6dc1,2026-03-12 19:47:00,+886-905-860-709,"司法文書送達,正常公務",2,0,大專院校,0
UID-47765abc,2026-03-12 14:30:00,+886-902-144-675,"假扣押財產,面交黃金白銀",1,5276435,70+ 長者,1
UID-f83c54d8,2026-03-12 11:16:00,+886-903-886-052,"假投資,虛擬貨幣,高報酬",9,2186404,碩博士,1
UID-bfbfe720,2026-03-12 15:23:00,+886-903-884-036,"假投資,保證獲利",20,3683861,碩博士,1
UID-333f0486,2026-03-13 08:05:00,+886-905-913-820,"債務不履行,退款延遲",2,500,大專院校,0
UID-159e699b,2026-03-12 13:38:00,+886-905-917-751,"司法文書送達,正常公務",2,3000,50-69 中高齡,0
UID-41ff8e18,2026-03-12 09:07:00,+886-999-999-999,"機器人測試,惡意灌水",13216,0,未知,0
UID-34a5d0c0,2026-03-13 02:28:00,+886-902-148-190,"假冒郵局,普發現金冒領",1,3860428,70+ 長者,1
UID-da9b6119,2026-03-13 05:53:00,+886-903-884-040,"假投資,虛擬貨幣,高報酬",14,1753726,上班族,1
UID-48b229a2,2026-03-12 09:04:00,+886-903-880-095,"假投資,保證獲利",7,821097,上班族,1
UID-9fff43de,2026-03-12 11:55:00,+886-902-176-508,"假冒郵局,普發現金冒領",3,1029560,碩博士,1
UID-4307855d,2026-03-13 01:12:00,+886-905-290-143,"一般客訴,服務態度",2,3000,學生,0
UID-2594c100,2026-03-13 00:56:00,+886-905-960-948,"正常投資諮詢,理財規劃",2,500,碩博士,0
UID-7cc4021e,2026-03-13 05:28:00,+886-903-888-014,"假投資,虛擬貨幣,高報酬",13,1205883,碩博士,1
UID-7b650705,2026-03-12 23:19:00,+886-903-888-091,"假投資,資金盤",16,1964305,50-69 中高齡,1
UID-1885a2d4,2026-03-12 19:39:00,+886-901-305-039,"幽靈包裹,超商取貨",153,13865,上班族,1
UID-941b285a,2026-03-12 17:45:00,+886-904-306-030,"網路交友,AI濾鏡假冒",5,141243,學生,1
UID-42375843,2026-03-12 09:31:00,+886-901-851-014,"網路購物詐騙,解除分期付款",153,27980,高中職以下,1
UID-427d2bea,2026-03-13 03:01:00,+886-905-409-143,"債務不履行,退款延遲",1,500,高中職以下,0
UID-4022d6bd,2026-03-13 01:11:00,+886-905-343-477,"債務不履行,退款延遲",2,3000,碩博士,0
UID-8db87dbe,2026-03-12 22:15:00,+886-902-100-595,"假檢警,監管帳戶",2,3709599,70+ 長者,1
UID-6f3eb135,2026-03-12 19:37:00,+886-905-902-105,"交易糾紛,商品瑕疵",1,500,70+ 長者,0
UID-fa7ce50e,2026-03-12 12:20:00,+886-905-128-152,"一般客訴,服務態度",1,3000,上班族,0
UID-48a4b434,2026-03-12 17:08:00,+886-905-372-317,"交易糾紛,商品瑕疵",2,0,上班族,0
UID-b0e47bee,2026-03-12 17:44:00,+886-901-700-018,"網路購物詐騙,假賣場",153,4816,上班族,1
UID-2de2df55,2026-03-12 15:35:00,+886-903-889-017,"假投資,內線交易,VIP通道",10,4540434,大專院校,1
UID-d0513b1b,2026-03-13 01:04:00,+886-901-686-037,"網路購物詐騙,解除分期付款",215,37871,高中職以下,1
UID-0a54941a,2026-03-12 19:45:00,+886-903-880-086,"假投資,保證獲利",18,3410551,50-69 中高齡,1
UID-bf146213,2026-03-12 12:52:00,+886-903-887-032,"假投資,保證獲利",5,2255620,50-69 中高齡,1
UID-b8e49ce6,2026-03-12 13:35:00,+886-902-192-846,"假扣押財產,面交黃金白銀",1,668544,70+ 長者,1
UID-a72b94a9,2026-03-12 18:51:00,+886-904-875-031,"Threads廣告,假兼職",3,109518,碩博士,1
UID-e325d069,2026-03-12 09:11:00,+886-905-823-434,"債務不履行,退款延遲",2,15000,50-69 中高齡,0
UID-672932fc,2026-03-13 08:10:00,+886-905-606-548,"交易糾紛,商品瑕疵",2,500,碩博士,0
UID-c036d4aa,2026-03-13 00:12:00,+886-904-467-027,"網路交友,要求儲值,點數卡",26,142881,學生,1
UID-d225ebcd,2026-03-12 19:03:00,+886-904-623-065,"網路交友,AI濾鏡假冒",28,24967,大專院校,1
UID-0a7c0391,2026-03-13 03:39:00,+886-902-130-379,"假員警,偵查不公開",3,5756873,50-69 中高齡,1
UID-641c61b5,2026-03-12 21:54:00,+886-905-883-309,"債務不履行,退款延遲",1,500,大專院校,0
UID-96b80b0c,2026-03-12 09:18:00,+886-905-497-642,"債務不履行,退款延遲",2,0,學生,0
UID-edc8c349,2026-03-12 09:44:00,+886-901-938-016,"網路購物詐騙,解除分期付款",471,41979,大專院校,1
UID-1627e20d,2026-03-12 16:38:00,+886-901-300-045,"網路購物詐騙,ATM操作",215,25076,上班族,1
UID-ca029b85,2026-03-13 00:14:00,+886-903-883-076,"假投資,內線交易,VIP通道",6,1026745,碩博士,1
UID-1610b72a,2026-03-12 11:07:00,+886-902-187-554,"假員警,偵查不公開",3,5972194,70+ 長者,1
UID-1b6d688a,2026-03-13 06:40:00,+886-902-140-909,"假員警,偵查不公開",2,7667036,50-69 中高齡,1
UID-16485777,2026-03-12 23:32:00,+886-903-884-024,"假投資,虛擬貨幣,高報酬",10,1968696,碩博士,1
UID-63e71950,2026-03-13 06:20:00,+886-905-192-419,"債務不履行,退款延遲",2,3000,50-69 中高齡,0
UID-042a17bb,2026-03-12 22:02:00,+886-904-388-062,"網路交友,AI濾鏡假冒",18,83006,上班族,1
UID-16949874,2026-03-13 05:54:00,+886-903-888-055,"假投資,資金盤",15,2180795,上班族,1
UID-438c4f42,2026-03-13 07:39:00,+886-905-924-173,"債務不履行,退款延遲",1,3000,學生,0
UID-4505d731,2026-03-12 17:52:00,+886-902-167-218,"假檢警,監管帳戶",3,1136662,70+ 長者,1
UID-c6d7ef38,2026-03-13 00:36:00,+886-905-599-155,"債務不履行,退款延遲",1,0,上班族,0
UID-5d123d86,2026-03-12 21:26:00,+886-902-124-461,"假冒郵局,普發現金冒領",1,3097407,70+ 長者,1
UID-f33eefc7,2026-03-13 05:55:00,+886-904-960-025,"網路交友,AI濾鏡假冒",15,5762,學生,1
UID-2f50d311,2026-03-13 06:20:00,+886-905-134-778,"交易糾紛,商品瑕疵",1,0,50-69 中高齡,0
UID-75b3b445,2026-03-12 21:46:00,+886-903-885-047,"假投資,保證獲利",8,1675500,碩博士,1
UID-14e6a166,2026-03-12 23:44:00,+886-901-637-020,"網路購物詐騙,ATM操作",320,25090,學生,1
UID-84c6ac6f,2026-03-12 13:41:00,+886-903-887-082,"假投資,資金盤",18,1149823,50-69 中高齡,1
UID-5edfeb97,2026-03-13 02:37:00,+886-905-701-907,"交易糾紛,商品瑕疵",1,500,上班族,0
UID-f501dfeb,2026-03-12 22:36:00,+886-901-844-018,"網路購物詐騙,解除分期付款",160,5491,大專院校,1
UID-6088cc9e,2026-03-13 04:52:00,+886-902-103-837,"假員警,偵查不公開",3,4469225,50-69 中高齡,1
UID-b7511696,2026-03-12 11:24:00,+886-902-121-484,"假員警,偵查不公開",3,7789202,70+ 長者,1
UID-7b28d60e,2026-03-13 02:38:00,+886-903-882-016,"假投資,保證獲利",10,343879,上班族,1
UID-9214d10d,2026-03-13 01:22:00,+886-905-914-293,"交易糾紛,商品瑕疵",1,500,碩博士,0
UID-e13e7c4c,2026-03-13 07:13:00,+886-901-606-026,"網路購物詐騙,解除分期付款",151,33872,高中職以下,1
UID-227cc389,2026-03-12 14:01:00,+886-903-886-048,"假投資,資金盤",18,4418152,50-69 中高齡,1
UID-10cf9e00,2026-03-12 23:47:00,+886-901-834-023,"網路購物詐騙,解除分期付款",290,22162,學生,1
UID-eb530ae9,2026-03-12 22:14:00,+886-903-885-099,"假投資,資金盤",15,4417398,上班族,1
UID-2440f11a,2026-03-12 21:16:00,+886-904-222-083,"網路交友,要求儲值,點數卡",29,12,大專院校,1
UID-22b7d047,2026-03-12 19:24:00,+886-905-377-488,"正常投資諮詢,理財規劃",1,500,碩博士,0
UID-6ca28ee0,2026-03-12 09:04:00,+886-999-999-999,"機器人測試,惡意灌水",9784,0,未知,0
UID-db1c003b,2026-03-12 18:31:00,+886-905-936-971,"司法文書送達,正常公務",2,500,上班族,0
UID-059d2e2a,2026-03-13 04:15:00,+886-902-165-609,"假檢警,監管帳戶",1,6023196,70+ 長者,1
UID-ccabc06d,2026-03-13 03:24:00,+886-905-599-546,"司法文書送達,正常公務",2,500,學生,0
UID-a6824c55,2026-03-13 08:31:00,+886-905-872-901,"司法文書送達,正常公務",2,15000,70+ 長者,0
UID-0b2e9a1f,2026-03-13 01:34:00,+886-905-859-427,"交易糾紛,商品瑕疵",1,15000,50-69 中高齡,0
UID-c186e50c,2026-03-13 08:14:00,+886-902-163-586,"假冒郵局,普發現金冒領",3,6855955,70+ 長者,1
UID-b3163f6e,2026-03-13 01:40:00,+886-901-624-004,"網路購物詐騙,ATM操作",166,5999,大專院校,1
UID-8b4eb551,2026-03-12 21:48:00,+886-905-193-533,"債務不履行,退款延遲",2,500,70+ 長者,0
UID-224dc224,2026-03-13 00:06:00,+886-904-476-070,"Threads廣告,假兼職",12,139121,大專院校,1
UID-ecafaa02,2026-03-13 04:35:00,+886-903-889-021,"假投資,資金盤",18,3819474,50-69 中高齡,1
UID-00a8fc8c,2026-03-12 11:19:00,+886-903-883-061,"假投資,內線交易,VIP通道",7,1417375,碩博士,1
UID-0a366c48,2026-03-12 20:06:00,+886-905-690-228,"司法文書送達,正常公務",1,15000,大專院校,0
UID-84853abf,2026-03-12 14:07:00,+886-902-134-427,"假檢警,監管帳戶",2,4345705,碩博士,1
UID-34b9aab6,2026-03-13 00:04:00,+886-905-870-217,"債務不履行,退款延遲",1,3000,學生,0
UID-47815f29,2026-03-12 11:37:00,+886-901-348-044,"幽靈包裹,超商取貨",225,31869,大專院校,1
UID-52cc46be,2026-03-13 01:53:00,+886-903-887-081,"假投資,內線交易,VIP通道",9,4570663,50-69 中高齡,1
UID-5f3af58b,2026-03-12 10:32:00,+886-904-256-009,"網路交友,AI濾鏡假冒",15,87665,上班族,1
UID-3a524979,2026-03-13 06:54:00,+886-903-887-049,"假投資,虛擬貨幣,高報酬",18,778733,上班族,1
UID-2a957118,2026-03-13 02:00:00,+886-904-354-008,"Threads廣告,假兼職",20,72463,大專院校,1
UID-8860080d,2026-03-12 17:54:00,+886-903-882-025,"假投資,內線交易,VIP通道",18,3637010,50-69 中高齡,1
UID-557efeff,2026-03-12 19:22:00,+886-905-953-106,"一般客訴,服務態度",2,0,碩博士,0
UID-aab557b9,2026-03-12 23:52:00,+886-904-464-021,"Threads廣告,假兼職",27,34838,碩博士,1
UID-150dd356,2026-03-13 04:32:00,+886-905-828-250,"一般客訴,服務態度",2,3000,學生,0
UID-9f4dc145,2026-03-12 10:29:00,+886-902-178-283,"假檢警,監管帳戶",2,7580997,50-69 中高齡,1
UID-558753ed,2026-03-12 15:42:00,+886-902-182-409,"假冒郵局,普發現金冒領",3,6955276,70+ 長者,1
UID-81998fee,2026-03-12 16:57:00,+886-904-918-016,"Threads廣告,假兼職",24,114631,碩博士,1
UID-111e44e0,2026-03-12 22:20:00,+886-902-135-277,"假冒郵局,普發現金冒領",2,3463822,50-69 中高齡,1
UID-ebdd44f2,2026-03-12 10:37:00,+886-904-939-076,"網路交友,要求儲值,點數卡",8,103823,學生,1
UID-11146d79,2026-03-12 22:00:00,+886-903-882-047,"假投資,保證獲利",18,3906240,50-69 中高齡,1
UID-07143964,2026-03-12 23:30:00,+886-901-277-037,"網路購物詐騙,解除分期付款",158,3351,學生,1
UID-b0947ad3,2026-03-13 01:07:00,+886-903-884-067,"假投資,保證獲利",11,1555826,碩博士,1
UID-a44ee04a,2026-03-12 19:47:00,+886-902-109-572,"假檢警,監管帳戶",3,3090308,50-69 中高齡,1
UID-ad8b0e0d,2026-03-13 07:38:00,+886-903-888-079,"假投資,保證獲利",10,4929204,上班族,1
UID-10678338,2026-03-13 01:54:00,+886-904-337-022,"殺豬盤,平台無法出金",29,17162,碩博士,1
UID-ca7f970a,2026-03-13 08:27:00,+886-902-195-685,"假扣押財產,面交黃金白銀",2,6726421,70+ 長者,1
UID-f8257bfc,2026-03-13 05:16:00,+886-903-880-084,"假投資,保證獲利",19,4904114,碩博士,1
UID-a98f170b,2026-03-12 12:55:00,+886-902-115-566,"假扣押財產,面交黃金白銀",1,5853858,50-69 中高齡,1
UID-ff7cd97a,2026-03-12 20:57:00,+886-905-620-332,"正常投資諮詢,理財規劃",1,500,碩博士,0
UID-e82ff7f0,2026-03-12 16:35:00,+886-904-498-054,"殺豬盤,平台無法出金",23,107479,碩博士,1
UID-24b703a8,2026-03-12 12:10:00,+886-902-184-284,"假檢警,監管帳戶",1,6480726,70+ 長者,1
UID-77dce359,2026-03-12 21:09:00,+886-905-105-119,"債務不履行,退款延遲",1,0,碩博士,0
UID-1fc2d346,2026-03-12 09:57:00,+886-905-999-268,"債務不履行,退款延遲",1,3000,碩博士,0
UID-67775e72,2026-03-12 22:55:00,+886-905-838-121,"交易糾紛,商品瑕疵",2,3000,高中職以下,0
UID-b3c8b419,2026-03-12 20:04:00,+886-905-269-109,"債務不履行,退款延遲",1,15000,學生,0
UID-aef60231,2026-03-12 18:52:00,+886-905-496-142,"一般客訴,服務態度",1,15000,70+ 長者,0
UID-e7aaa9b1,2026-03-12 21:37:00,+886-903-885-020,"假投資,內線交易,VIP通道",8,447407,大專院校,1
UID-5ddb1a3a,2026-03-12 18:01:00,+886-905-431-796,"債務不履行,退款延遲",1,500,高中職以下,0
UID-511cbbff,2026-03-13 04:57:00,+886-905-787-956,"正常投資諮詢,理財規劃",1,500,50-69 中高齡,0
UID-07ce1ec0,2026-03-13 05:20:00,+886-902-110-815,"假員警,偵查不公開",2,3953801,70+ 長者,1
UID-c7ad6bf6,2026-03-12 14:59:00,+886-903-887-016,"假投資,虛擬貨幣,高報酬",14,1814807,上班族,1
UID-ff0ab063,2026-03-13 08:57:00,+886-904-522-043,"網路交友,要求儲值,點數卡",26,64420,上班族,1
UID-f6e0b0af,2026-03-12 22:39:00,+886-902-168-892,"假檢警,監管帳戶",3,5510626,50-69 中高齡,1
UID-87267a59,2026-03-12 19:40:00,+886-903-887-004,"假投資,保證獲利",17,401012,上班族,1
UID-ff064d89,2026-03-12 20:27:00,+886-902-178-624,"假扣押財產,面交黃金白銀",2,2974959,70+ 長者,1
UID-68bfd903,2026-03-13 03:56:00,+886-905-263-958,"債務不履行,退款延遲",1,500,上班族,0
UID-51a12bd9,2026-03-13 08:50:00,+886-902-171-438,"假檢警,監管帳戶",1,6762709,70+ 長者,1
UID-8557c3d1,2026-03-12 16:41:00,+886-904-346-040,"網路交友,AI濾鏡假冒",30,60501,上班族,1
UID-896c6982,2026-03-12 23:02:00,+886-901-188-025,"網路購物詐騙,假賣場",480,38360,學生,1
UID-e972485a,2026-03-12 12:24:00,+886-905-296-224,"正常投資諮詢,理財規劃",2,3000,70+ 長者,0
UID-1a98585f,2026-03-12 23:44:00,+886-905-174-938,"交易糾紛,商品瑕疵",2,3000,70+ 長者,0
UID-a18dd53e,2026-03-12 09:05:00,+886-999-999-999,"機器人測試,惡意灌水",14296,0,未知,0
UID-adedc0b7,2026-03-12 10:58:00,+886-903-884-005,"假投資,資金盤",7,173596,大專院校,1
UID-dde1b4cb,2026-03-12 11:18:00,+886-901-214-039,"網路購物詐騙,解除分期付款",452,21903,學生,1
UID-16e13459,2026-03-12 20:47:00,+886-901-123-041,"幽靈包裹,超商取貨",349,13222,學生,1
UID-89cfd88f,2026-03-12 21:33:00,+886-901-103-047,"網路購物詐騙,假賣場",156,42126,上班族,1
UID-3b0b33c0,2026-03-12 23:07:00,+886-901-421-041,"網路購物詐騙,ATM操作",169,18804,上班族,1
UID-d24338ae,2026-03-12 10:10:00,+886-905-661-507,"一般客訴,服務態度",2,3000,大專院校,0
UID-42ea4568,2026-03-13 02:41:00,+886-905-913-463,"交易糾紛,商品瑕疵",1,0,碩博士,0
UID-379a6ec1,2026-03-12 20:58:00,+886-904-102-034,"網路交友,AI濾鏡假冒",15,109998,學生,1
UID-795b2853,2026-03-12 15:52:00,+886-903-887-058,"假投資,保證獲利",16,1522939,上班族,1
UID-851b032a,2026-03-13 03:41:00,+886-904-498-008,"網路交友,AI濾鏡假冒",15,42592,碩博士,1
UID-c7d6cce5,2026-03-13 05:56:00,+886-904-992-039,"網路交友,要求儲值,點數卡",3,126483,碩博士,1
UID-763be375,2026-03-12 23:38:00,+886-901-322-033,"網路購物詐騙,ATM操作",319,17437,大專院校,1
UID-5ac1be45,2026-03-12 09:01:00,+886-999-999-999,"機器人測試,惡意灌水",12666,0,未知,0
UID-e1485110,2026-03-13 03:33:00,+886-904-823-046,"網路交友,要求儲值,點數卡",23,108550,上班族,1
UID-d00f43e6,2026-03-12 13:30:00,+886-902-101-359,"假檢警,監管帳戶",1,3721652,70+ 長者,1
UID-c4becd2b,2026-03-12 22:24:00,+886-903-887-079,"假投資,虛擬貨幣,高報酬",11,4598018,上班族,1
UID-7478f9ae,2026-03-13 00:26:00,+886-902-194-979,"假檢警,監管帳戶",1,5642641,70+ 長者,1
UID-03b1df79,2026-03-12 20:32:00,+886-903-884-055,"假投資,內線交易,VIP通道",10,122523,碩博士,1
UID-f795daf5,2026-03-12 16:13:00,+886-902-103-464,"假冒郵局,普發現金冒領",2,748826,70+ 長者,1
UID-34ef6863,2026-03-12 21:24:00,+886-902-197-941,"假冒郵局,普發現金冒領",1,5985323,70+ 長者,1
UID-0e2248ea,2026-03-13 07:51:00,+886-901-725-026,"網路購物詐騙,ATM操作",426,28480,高中職以下,1
UID-00505c55,2026-03-13 02:59:00,+886-904-183-092,"網路交友,AI濾鏡假冒",26,11053,碩博士,1
UID-22b90cea,2026-03-12 17:16:00,+886-905-707-760,"債務不履行,退款延遲",1,500,高中職以下,0
UID-af5a001d,2026-03-13 06:03:00,+886-903-886-026,"假投資,資金盤",17,2985762,50-69 中高齡,1
UID-343db4a2,2026-03-12 09:02:00,+886-902-130-428,"假冒郵局,普發現金冒領",2,5657207,70+ 長者,1
UID-5a7bdd59,2026-03-13 05:41:00,+886-901-521-013,"網路購物詐騙,解除分期付款",180,31426,高中職以下,1
UID-c290f830,2026-03-12 12:06:00,+886-901-669-044,"網路購物詐騙,ATM操作",185,35881,高中職以下,1
UID-308cf246,2026-03-12 20:13:00,+886-902-154-863,"假員警,偵查不公開",1,5654186,50-69 中高齡,1
UID-81d09bd8,2026-03-12 15:46:00,+886-902-141-328,"假檢警,監管帳戶",1,6893879,50-69 中高齡,1
UID-8ac9b873,2026-03-12 19:22:00,+886-903-883-063,"假投資,內線交易,VIP通道",8,997745,碩博士,1
UID-f3c93c67,2026-03-13 05:03:00,+886-902-188-655,"假冒郵局,普發現金冒領",3,5866184,70+ 長者,1
UID-6ebb8293,2026-03-12 16:31:00,+886-903-886-015,"假投資,內線交易,VIP通道",12,538330,碩博士,1
UID-17c45f1d,2026-03-13 05:09:00,+886-904-368-074,"網路交友,AI濾鏡假冒",10,49620,碩博士,1
UID-6aae017a,2026-03-12 16:52:00,+886-903-882-069,"假投資,保證獲利",10,2809758,碩博士,1
UID-7889e7ed,2026-03-12 21:21:00,+886-905-736-973,"正常投資諮詢,理財規劃",1,3000,70+ 長者,0
UID-8efb2d6e,2026-03-13 04:56:00,+886-904-539-038,"網路交友,AI濾鏡假冒",5,91605,上班族,1
UID-ccb8bbd2,2026-03-13 05:23:00,+886-903-885-043,"假投資,保證獲利",7,2565769,上班族,1
UID-de884e03,2026-03-12 09:18:00,+886-905-455-767,"司法文書送達,正常公務",1,0,學生,0
UID-7d0d9e1f,2026-03-12 13:40:00,+886-904-440-035,"殺豬盤,平台無法出金",11,103391,碩博士,1
UID-b258cbab,2026-03-12 11:53:00,+886-901-340-049,"網路購物詐騙,ATM操作",189,16848,學生,1
UID-1a7812cf,2026-03-12 20:38:00,+886-905-669-532,"一般客訴,服務態度",2,3000,上班族,0
UID-d7ce81c6,2026-03-13 05:02:00,+886-903-884-032,"假投資,保證獲利",18,3288404,碩博士,1
UID-ee0063d8,2026-03-12 16:47:00,+886-901-788-050,"網路購物詐騙,ATM操作",730,39205,大專院校,1
UID-4d8e97d0,2026-03-12 16:19:00,+886-905-685-994,"一般客訴,服務態度",2,0,學生,0
UID-cf3b17fe,2026-03-13 06:12:00,+886-905-558-558,"交易糾紛,商品瑕疵",1,0,大專院校,0
UID-836edfb0,2026-03-12 16:39:00,+886-903-888-059,"假投資,資金盤",17,4517568,50-69 中高齡,1
UID-f4d1ab0c,2026-03-12 22:44:00,+886-902-150-782,"假冒郵局,普發現金冒領",3,2448986,碩博士,1
UID-c1f2b13e,2026-03-12 15:27:00,+886-903-885-020,"假投資,虛擬貨幣,高報酬",10,489907,大專院校,1
UID-3d828b42,2026-03-12 18:07:00,+886-905-205-339,"司法文書送達,正常公務",1,3000,碩博士,0
UID-905194ff,2026-03-12 19:44:00,+886-901-153-022,"網路購物詐騙,假賣場",184,5839,學生,1
UID-f4d7c6b4,2026-03-13 07:49:00,+886-902-175-904,"假扣押財產,面交黃金白銀",3,7043700,70+ 長者,1
UID-308f0279,2026-03-13 05:59:00,+886-905-790-688,"交易糾紛,商品瑕疵",1,500,學生,0
UID-6d48fb7d,2026-03-12 23:39:00,+886-901-573-005,"網路購物詐騙,ATM操作",157,7615,大專院校,1
UID-ac8c1f82,2026-03-13 07:07:00,+886-905-402-421,"一般客訴,服務態度",2,15000,上班族,0
UID-a98420d6,2026-03-12 10:21:00,+886-904-688-066,"Threads廣告,假兼職",18,89040,碩博士,1
UID-e859a3c9,2026-03-12 14:00:00,+886-905-874-511,"司法文書送達,正常公務",2,500,70+ 長者,0
UID-ddd8b6f2,2026-03-12 22:15:00,+886-905-854-599,"交易糾紛,商品瑕疵",1,3000,學生,0
UID-905b2fdb,2026-03-12 17:24:00,+886-905-756-683,"司法文書送達,正常公務",1,0,高中職以下,0
UID-311d4621,2026-03-13 04:34:00,+886-905-667-723,"司法文書送達,正常公務",1,0,高中職以下,0
UID-ad7b4e96,2026-03-12 13:12:00,+886-904-190-087,"殺豬盤,平台無法出金",6,94761,上班族,1
UID-f7f51b56,2026-03-13 05:11:00,+886-903-880-064,"假投資,保證獲利",11,1523405,大專院校,1
UID-3b287e8f,2026-03-12 17:22:00,+886-905-483-492,"債務不履行,退款延遲",1,3000,學生,0
UID-7c2f81b3,2026-03-12 09:11:00,+886-905-530-580,"交易糾紛,商品瑕疵",2,500,學生,0
UID-1ab4fa77,2026-03-12 21:39:00,+886-901-203-031,"網路購物詐騙,解除分期付款",167,36816,大專院校,1
UID-2ed46616,2026-03-12 18:07:00,+886-905-707-857,"正常投資諮詢,理財規劃",1,0,上班族,0
UID-cefd18e5,2026-03-12 18:18:00,+886-905-651-368,"債務不履行,退款延遲",2,0,大專院校,0
UID-34158cbf,2026-03-12 18:34:00,+886-905-606-740,"司法文書送達,正常公務",1,3000,大專院校,0
UID-2fb40479,2026-03-13 01:59:00,+886-904-944-010,"網路交友,AI濾鏡假冒",10,113586,上班族,1
UID-bfa1768a,2026-03-12 11:16:00,+886-905-318-258,"一般客訴,服務態度",2,0,70+ 長者,0
UID-70a126fe,2026-03-13 01:43:00,+886-905-722-113,"一般客訴,服務態度",1,15000,50-69 中高齡,0
UID-d04320a2,2026-03-13 00:04:00,+886-902-188-353,"假員警,偵查不公開",3,5963744,50-69 中高齡,1
UID-164976d1,2026-03-13 04:51:00,+886-905-978-956,"交易糾紛,商品瑕疵",1,0,高中職以下,0
UID-aa8e5875,2026-03-12 18:57:00,+886-905-558-780,"債務不履行,退款延遲",2,3000,大專院校,0
UID-ed3dcf4e,2026-03-13 07:13:00,+886-903-880-080,"假投資,資金盤",16,1722756,大專院校,1
UID-49befdc5,2026-03-12 20:53:00,+886-902-123-666,"假檢警,監管帳戶",2,3824149,50-69 中高齡,1
UID-ef1eb5dc,2026-03-12 10:35:00,+886-904-810-011,"Threads廣告,假兼職",12,24438,學生,1
UID-b2c4edac,2026-03-13 04:16:00,+886-905-884-437,"正常投資諮詢,理財規劃",2,500,50-69 中高齡,0
UID-da36400a,2026-03-12 10:22:00,+886-902-153-477,"假冒郵局,普發現金冒領",2,533452,70+ 長者,1
UID-9f548f07,2026-03-12 11:34:00,+886-901-332-024,"網路購物詐騙,解除分期付款",180,26276,學生,1
UID-8160a602,2026-03-12 14:35:00,+886-903-881-064,"假投資,虛擬貨幣,高報酬",9,1936872,碩博士,1
UID-d96c53a9,2026-03-12 20:07:00,+886-905-346-670,"交易糾紛,商品瑕疵",1,0,碩博士,0
UID-6d2df054,2026-03-13 04:37:00,+886-903-880-064,"假投資,虛擬貨幣,高報酬",5,3931987,大專院校,1
UID-dbd4d5b3,2026-03-13 08:29:00,+886-903-889-029,"假投資,保證獲利",18,1191156,碩博士,1
UID-5d177156,2026-03-13 07:27:00,+886-904-852-060,"網路交友,要求儲值,點數卡",9,144239,大專院校,1
UID-fc1484c2,2026-03-12 16:12:00,+886-905-798-147,"司法文書送達,正常公務",1,3000,學生,0
UID-b3322267,2026-03-13 05:50:00,+886-903-882-017,"假投資,內線交易,VIP通道",18,1223343,碩博士,1
UID-d5f11734,2026-03-13 00:09:00,+886-901-662-034,"網路購物詐騙,ATM操作",1104,1843,上班族,1
UID-64bc57fb,2026-03-12 09:02:00,+886-999-999-999,"機器人測試,惡意灌水",13601,0,未知,0
UID-06d17322,2026-03-13 04:50:00,+886-905-788-630,"交易糾紛,商品瑕疵",1,500,碩博士,0
UID-fa773f55,2026-03-12 14:53:00,+886-902-172-472,"假員警,偵查不公開",2,4194138,50-69 中高齡,1
UID-2498beac,2026-03-12 23:38:00,+886-903-886-029,"假投資,虛擬貨幣,高報酬",13,1498929,碩博士,1
UID-8e4a9ca5,2026-03-12 13:38:00,+886-905-301-415,"司法文書送達,正常公務",2,0,50-69 中高齡,0
UID-573fb147,2026-03-12 12:41:00,+886-903-887-011,"假投資,保證獲利",15,3390488,大專院校,1
UID-e6e1ce4a,2026-03-12 09:07:00,+886-905-368-994,"債務不履行,退款延遲",1,500,70+ 長者,0
UID-523c56d6,2026-03-12 12:23:00,+886-902-120-573,"假檢警,監管帳戶",2,4219171,70+ 長者,1
UID-b0d4246e,2026-03-13 00:00:00,+886-905-160-158,"一般客訴,服務態度",1,15000,70+ 長者,0
UID-016eca77,2026-03-13 01:58:00,+886-904-313-053,"殺豬盤,平台無法出金",25,36244,學生,1
UID-4d46fd4a,2026-03-12 16:17:00,+886-905-803-286,"一般客訴,服務態度",2,15000,高中職以下,0
UID-f6ace49d,2026-03-12 15:59:00,+886-903-889-048,"假投資,資金盤",8,2329617,碩博士,1
UID-8f1c669a,2026-03-12 09:29:00,+886-902-147-456,"假檢警,監管帳戶",2,6753060,50-69 中高齡,1
UID-f0719935,2026-03-13 05:08:00,+886-903-884-066,"假投資,保證獲利",11,2552545,碩博士,1
UID-d0134876,2026-03-12 23:55:00,+886-903-889-036,"假投資,保證獲利",14,2115011,大專院校,1
UID-2484c559,2026-03-12 10:22:00,+886-903-880-091,"假投資,虛擬貨幣,高報酬",12,750598,碩博士,1
UID-aafdfa37,2026-03-12 15:57:00,+886-903-889-042,"假投資,內線交易,VIP通道",7,4966167,碩博士,1
UID-92fdb65b,2026-03-12 09:33:00,+886-905-947-116,"司法文書送達,正常公務",1,0,大專院校,0
UID-b3b5de9d,2026-03-12 09:32:00,+886-905-155-479,"正常投資諮詢,理財規劃",2,15000,上班族,0
UID-fcc94255,2026-03-12 18:49:00,+886-905-646-395,"交易糾紛,商品瑕疵",1,500,高中職以下,0
UID-49f55821,2026-03-12 20:00:00,+886-901-743-005,"網路購物詐騙,假賣場",394,28958,高中職以下,1
UID-b1ea9b8d,2026-03-13 04:18:00,+886-904-782-006,"網路交友,要求儲值,點數卡",23,55016,大專院校,1
UID-ec573d97,2026-03-12 12:34:00,+886-904-493-003,"網路交友,要求儲值,點數卡",5,37217,碩博士,1
UID-b4d7d7b3,2026-03-13 00:04:00,+886-903-882-071,"假投資,內線交易,VIP通道",5,4359849,碩博士,1
UID-02c222ad,2026-03-12 12:24:00,+886-905-169-709,"正常投資諮詢,理財規劃",2,15000,碩博士,0
UID-467ee61d,2026-03-13 04:30:00,+886-903-881-057,"假投資,虛擬貨幣,高報酬",18,2324835,上班族,1
UID-c160b1ee,2026-03-12 20:45:00,+886-905-547-853,"一般客訴,服務態度",2,3000,上班族,0
UID-8b59be1c,2026-03-13 02:03:00,+886-903-883-071,"假投資,內線交易,VIP通道",14,2508110,碩博士,1
UID-c53638af,2026-03-12 15:12:00,+886-903-882-054,"假投資,虛擬貨幣,高報酬",19,1965299,上班族,1
UID-2c6b1115,2026-03-12 12:54:00,+886-905-926-160,"交易糾紛,商品瑕疵",1,500,上班族,0
UID-9cc496bb,2026-03-13 04:20:00,+886-904-839-097,"網路交友,AI濾鏡假冒",14,137081,學生,1
UID-4a04be21,2026-03-13 02:30:00,+886-901-412-013,"網路購物詐騙,ATM操作",200,24612,高中職以下,1
UID-f91e67a3,2026-03-12 10:25:00,+886-902-106-538,"假扣押財產,面交黃金白銀",3,6162813,50-69 中高齡,1
UID-00abd361,2026-03-13 09:00:00,+886-904-399-099,"網路交友,要求儲值,點數卡",20,47191,上班族,1
UID-9d10c823,2026-03-13 07:51:00,+886-903-888-005,"假投資,資金盤",15,1220644,碩博士,1
UID-7c073594,2026-03-12 10:12:00,+886-902-151-231,"假檢警,監管帳戶",3,630315,70+ 長者,1
UID-ee4d1459,2026-03-12 09:37:00,+886-903-889-032,"假投資,虛擬貨幣,高報酬",17,3576450,碩博士,1
UID-f7e2a675,2026-03-13 02:40:00,+886-902-197-712,"假冒郵局,普發現金冒領",3,617218,碩博士,1
UID-5c750861,2026-03-12 10:04:00,+886-903-880-016,"假投資,保證獲利",17,1961356,碩博士,1
UID-28f115b7,2026-03-13 04:10:00,+886-905-561-382,"正常投資諮詢,理財規劃",2,500,50-69 中高齡,0
UID-21e8d7fb,2026-03-13 05:31:00,+886-905-746-290,"司法文書送達,正常公務",1,500,高中職以下,0
UID-87a9c152,2026-03-12 22:07:00,+886-905-102-847,"正常投資諮詢,理財規劃",1,15000,高中職以下,0
UID-18b84b70,2026-03-12 15:35:00,+886-904-885-017,"殺豬盤,平台無法出金",17,79665,上班族,1
UID-df0c960a,2026-03-12 18:03:00,+886-904-823-056,"網路交友,要求儲值,點數卡",18,66133,學生,1
UID-282a0c7a,2026-03-12 09:01:00,+886-999-999-999,"機器人測試,惡意灌水",12539,0,未知,0
UID-fa874cf4,2026-03-12 18:30:00,+886-904-860-031,"網路交友,要求儲值,點數卡",22,4087,上班族,1
UID-f5b97f29,2026-03-12 11:44:00,+886-903-880-040,"假投資,保證獲利",10,4014030,大專院校,1
UID-31c0966a,2026-03-13 01:26:00,+886-903-880-073,"假投資,資金盤",16,4378681,碩博士,1
UID-2d942aec,2026-03-12 22:58:00,+886-903-881-002,"假投資,資金盤",15,2464590,碩博士,1
UID-fe18f92e,2026-03-12 09:27:00,+886-903-888-027,"假投資,內線交易,VIP通道",16,2710794,上班族,1
UID-d191369a,2026-03-12 14:12:00,+886-902-156-146,"假檢警,監管帳戶",1,6495670,50-69 中高齡,1
UID-2472c0c6,2026-03-12 21:48:00,+886-905-485-933,"交易糾紛,商品瑕疵",1,0,上班族,0
UID-2f09909e,2026-03-12 17:20:00,+886-905-137-133,"一般客訴,服務態度",2,3000,高中職以下,0
UID-62d26592,2026-03-12 09:10:00,+886-999-999-999,"機器人測試,惡意灌水",13653,0,未知,0
UID-4f3fb6b8,2026-03-13 02:45:00,+886-904-745-026,"Threads廣告,假兼職",23,14953,大專院校,1
UID-46376a17,2026-03-12 16:59:00,+886-901-366-003,"幽靈包裹,超商取貨",182,23281,學生,1
UID-e81ae1cb,2026-03-12 16:50:00,+886-905-217-167,"司法文書送達,正常公務",1,3000,50-69 中高齡,0
UID-6550fe8c,2026-03-12 19:28:00,+886-905-564-995,"一般客訴,服務態度",1,0,高中職以下,0
UID-9dbf749c,2026-03-12 17:36:00,+886-903-889-082,"假投資,保證獲利",19,2404899,50-69 中高齡,1
UID-2fcdbda3,2026-03-13 02:30:00,+886-905-173-495,"交易糾紛,商品瑕疵",1,15000,高中職以下,0
UID-283cfbc7,2026-03-12 15:06:00,+886-903-881-034,"假投資,虛擬貨幣,高報酬",20,1544587,50-69 中高齡,1
UID-409fe8d3,2026-03-12 19:01:00,+886-903-884-014,"假投資,內線交易,VIP通道",12,1181312,碩博士,1
UID-fd57967d,2026-03-13 02:19:00,+886-905-669-843,"正常投資諮詢,理財規劃",1,3000,70+ 長者,0
UID-dd892272,2026-03-13 04:31:00,+886-905-763-241,"正常投資諮詢,理財規劃",2,0,學生,0
UID-596837a6,2026-03-13 01:33:00,+886-905-721-919,"交易糾紛,商品瑕疵",2,0,50-69 中高齡,0
UID-2d16841f,2026-03-13 05:23:00,+886-904-320-062,"殺豬盤,平台無法出金",5,109563,碩博士,1
UID-7ca715ba,2026-03-12 14:20:00,+886-904-340-019,"Threads廣告,假兼職",9,70919,碩博士,1
UID-6d2ae5f1,2026-03-12 17:40:00,+886-904-322-056,"殺豬盤,平台無法出金",26,130184,上班族,1
UID-ef7c2c25,2026-03-12 12:22:00,+886-901-604-016,"網路購物詐騙,假賣場",2322,29182,高中職以下,1
UID-c909cfa6,2026-03-13 00:19:00,+886-905-483-890,"一般客訴,服務態度",1,0,大專院校,0
UID-fd2abbd2,2026-03-13 02:38:00,+886-903-888-056,"假投資,保證獲利",15,1790213,碩博士,1
UID-c5c9ab62,2026-03-13 01:26:00,+886-902-186-789,"假員警,偵查不公開",3,1564085,50-69 中高齡,1
UID-76cbbe88,2026-03-12 20:47:00,+886-901-748-010,"網路購物詐騙,假賣場",201,37473,學生,1
UID-19d9c016,2026-03-13 05:27:00,+886-902-178-439,"假扣押財產,面交黃金白銀",3,868773,50-69 中高齡,1
UID-420e8bd6,2026-03-12 20:31:00,+886-905-667-210,"司法文書送達,正常公務",2,3000,碩博士,0
UID-f01c2c77,2026-03-12 11:27:00,+886-905-626-886,"一般客訴,服務態度",2,3000,50-69 中高齡,0
UID-f7aec241,2026-03-12 16:34:00,+886-902-104-520,"假冒郵局,普發現金冒領",3,6561410,50-69 中高齡,1
UID-7203e9b7,2026-03-12 11:17:00,+886-905-731-945,"司法文書送達,正常公務",2,15000,學生,0
UID-6012fad2,2026-03-12 18:35:00,+886-901-858-017,"網路購物詐騙,假賣場",323,33014,學生,1
UID-4c03e337,2026-03-13 00:19:00,+886-903-884-046,"假投資,虛擬貨幣,高報酬",11,2370261,上班族,1
UID-c2b59a49,2026-03-12 22:54:00,+886-904-671-018,"網路交友,要求儲值,點數卡",18,36120,上班族,1
UID-d2a9971b,2026-03-12 20:21:00,+886-903-889-056,"假投資,資金盤",5,2253622,上班族,1
UID-96a85451,2026-03-13 01:42:00,+886-905-467-783,"一般客訴,服務態度",2,3000,上班族,0
UID-95566456,2026-03-12 15:39:00,+886-905-200-967,"債務不履行,退款延遲",2,15000,大專院校,0
UID-ec1f9e47,2026-03-13 07:27:00,+886-904-186-084,"網路交友,AI濾鏡假冒",9,67044,學生,1
UID-9781acae,2026-03-12 20:54:00,+886-904-605-090,"Threads廣告,假兼職",21,106902,上班族,1
UID-bb1734b6,2026-03-12 18:24:00,+886-905-627-638,"司法文書送達,正常公務",2,15000,學生,0
UID-09f54398,2026-03-12 23:24:00,+886-905-779-642,"正常投資諮詢,理財規劃",1,0,上班族,0
UID-96ae7d88,2026-03-13 07:57:00,+886-905-740-522,"一般客訴,服務態度",1,0,碩博士,0
UID-30ac32e5,2026-03-12 15:11:00,+886-903-887-097,"假投資,資金盤",18,4049652,碩博士,1
UID-d32e7b5e,2026-03-12 11:24:00,+886-901-883-046,"幽靈包裹,超商取貨",591,3427,高中職以下,1
UID-d14048ff,2026-03-12 10:36:00,+886-905-780-114,"司法文書送達,正常公務",1,0,大專院校,0
UID-b3965553,2026-03-12 13:00:00,+886-904-275-009,"Threads廣告,假兼職",9,17211,碩博士,1
UID-569afca5,2026-03-12 15:58:00,+886-905-287-886,"司法文書送達,正常公務",2,15000,大專院校,0
UID-63c90a9f,2026-03-13 07:40:00,+886-904-716-074,"網路交友,要求儲值,點數卡",3,91,大專院校,1
UID-62af3209,2026-03-13 01:25:00,+886-902-195-457,"假員警,偵查不公開",3,1477009,70+ 長者,1
UID-a74b62dd,2026-03-12 22:37:00,+886-904-662-079,"網路交友,要求儲值,點數卡",28,48705,碩博士,1
UID-284f514a,2026-03-12 16:27:00,+886-903-888-091,"假投資,保證獲利",15,1362819,碩博士,1
UID-81fc72e7,2026-03-12 17:24:00,+886-903-889-024,"假投資,虛擬貨幣,高報酬",9,545840,上班族,1
UID-39a93751,2026-03-12 22:17:00,+886-901-240-002,"網路購物詐騙,解除分期付款",252,17434,學生,1
UID-910dda58,2026-03-13 01:02:00,+886-901-536-026,"網路購物詐騙,解除分期付款",212,32918,學生,1
UID-c7b07840,2026-03-12 23:08:00,+886-904-600-042,"網路交友,要求儲值,點數卡",18,72394,上班族,1
UID-6ddb1d6c,2026-03-13 07:34:00,+886-903-883-070,"假投資,保證獲利",10,4051661,碩博士,1
UID-2c12e87d,2026-03-13 07:44:00,+886-905-455-244,"司法文書送達,正常公務",2,15000,學生,0
UID-35eba44d,2026-03-12 23:15:00,+886-903-880-086,"假投資,保證獲利",9,1145181,碩博士,1
UID-93eff5d7,2026-03-12 20:20:00,+886-905-528-508,"司法文書送達,正常公務",2,500,學生,0
UID-18f7ca20,2026-03-12 16:05:00,+886-902-184-151,"假檢警,監管帳戶",2,2433316,50-69 中高齡,1
UID-713a6d7f,2026-03-13 06:25:00,+886-904-591-014,"網路交友,AI濾鏡假冒",15,117188,學生,1
UID-9077b815,2026-03-13 06:25:00,+886-904-572-029,"Threads廣告,假兼職",6,68727,學生,1
UID-2872f45f,2026-03-12 13:45:00,+886-903-883-035,"假投資,資金盤",15,3577345,上班族,1
UID-afae518f,2026-03-12 10:33:00,+886-905-859-813,"司法文書送達,正常公務",1,3000,碩博士,0
UID-bd4e1d54,2026-03-13 08:47:00,+886-901-472-002,"網路購物詐騙,假賣場",161,35354,大專院校,1
UID-8092c618,2026-03-12 10:51:00,+886-904-724-012,"網路交友,AI濾鏡假冒",27,26962,大專院校,1
UID-e84fb673,2026-03-13 05:05:00,+886-905-905-745,"債務不履行,退款延遲",1,500,學生,0
UID-60e99f7c,2026-03-12 15:20:00,+886-901-815-034,"幽靈包裹,超商取貨",166,15841,大專院校,1
UID-377905fa,2026-03-13 08:35:00,+886-901-585-036,"網路購物詐騙,ATM操作",188,41580,大專院校,1
UID-2a176840,2026-03-12 15:42:00,+886-905-820-260,"債務不履行,退款延遲",2,0,50-69 中高齡,0
UID-95a6334f,2026-03-13 03:58:00,+886-903-888-042,"假投資,內線交易,VIP通道",17,1467491,50-69 中高齡,1
UID-4aa979a3,2026-03-12 15:43:00,+886-904-573-049,"Threads廣告,假兼職",8,140391,碩博士,1
UID-637f1ddc,2026-03-13 00:28:00,+886-901-447-036,"網路購物詐騙,ATM操作",161,30026,學生,1
UID-528b604e,2026-03-13 08:00:00,+886-905-360-429,"一般客訴,服務態度",1,500,高中職以下,0
UID-279c6198,2026-03-13 05:55:00,+886-902-196-899,"假員警,偵查不公開",3,4731409,50-69 中高齡,1
UID-0ece25c5,2026-03-13 08:20:00,+886-904-372-096,"殺豬盤,平台無法出金",23,39743,學生,1
UID-93ea075b,2026-03-12 18:12:00,+886-905-424-868,"交易糾紛,商品瑕疵",2,3000,大專院校,0
UID-57f6fbea,2026-03-12 10:10:00,+886-905-249-247,"正常投資諮詢,理財規劃",2,0,學生,0
UID-27c378e1,2026-03-13 02:48:00,+886-901-527-006,"網路購物詐騙,ATM操作",221,42515,大專院校,1
UID-23576b9c,2026-03-13 02:22:00,+886-903-881-078,"假投資,內線交易,VIP通道",6,4870390,上班族,1
UID-6d0d9e6f,2026-03-12 23:55:00,+886-902-146-739,"假員警,偵查不公開",1,4482017,70+ 長者,1
UID-79a7af8c,2026-03-13 01:22:00,+886-905-435-725,"債務不履行,退款延遲",2,500,碩博士,0
UID-7df000db,2026-03-13 06:14:00,+886-904-293-095,"Threads廣告,假兼職",5,94802,上班族,1
UID-18820c54,2026-03-13 03:45:00,+886-903-886-032,"假投資,資金盤",19,1691552,碩博士,1
UID-87ad7ea5,2026-03-13 06:28:00,+886-904-203-016,"殺豬盤,平台無法出金",2,112692,上班族,1
UID-4e3d6b57,2026-03-13 04:19:00,+886-903-887-065,"假投資,資金盤",14,319292,50-69 中高齡,1
UID-91eca6de,2026-03-13 02:30:00,+886-903-885-044,"假投資,資金盤",15,575434,50-69 中高齡,1
UID-5e7a49bb,2026-03-12 14:20:00,+886-903-883-025,"假投資,虛擬貨幣,高報酬",7,4516133,50-69 中高齡,1
UID-4499e178,2026-03-12 09:29:00,+886-901-606-025,"網路購物詐騙,假賣場",364,38465,大專院校,1
UID-446e1369,2026-03-12 20:59:00,+886-905-298-447,"交易糾紛,商品瑕疵",2,500,學生,0
UID-d28973f7,2026-03-12 16:58:00,+886-904-722-012,"網路交友,要求儲值,點數卡",17,80818,學生,1
UID-5c5abb1c,2026-03-12 22:35:00,+886-903-884-008,"假投資,保證獲利",20,4059723,大專院校,1
UID-bd87e11c,2026-03-13 05:07:00,+886-904-608-041,"網路交友,AI濾鏡假冒",26,36365,上班族,1
UID-acbd4775,2026-03-12 11:31:00,+886-903-880-002,"假投資,虛擬貨幣,高報酬",20,693220,50-69 中高齡,1
UID-c8e1d65e,2026-03-12 10:32:00,+886-905-964-646,"債務不履行,退款延遲",1,500,70+ 長者,0
UID-fd5f713f,2026-03-12 11:10:00,+886-903-881-006,"假投資,保證獲利",14,601983,碩博士,1
UID-1c972f63,2026-03-12 11:50:00,+886-905-976-305,"正常投資諮詢,理財規劃",1,500,大專院校,0
UID-a825cc2e,2026-03-12 11:55:00,+886-904-175-066,"殺豬盤,平台無法出金",22,89344,碩博士,1
UID-1de1e61e,2026-03-12 10:02:00,+886-903-889-029,"假投資,內線交易,VIP通道",20,970030,上班族,1
UID-6abce38e,2026-03-13 03:24:00,+886-902-192-830,"假冒郵局,普發現金冒領",3,6607844,70+ 長者,1
UID-605aba68,2026-03-12 18:39:00,+886-901-723-040,"幽靈包裹,超商取貨",166,28367,大專院校,1
UID-2523ceab,2026-03-13 02:06:00,+886-905-344-934,"一般客訴,服務態度",2,0,上班族,0
UID-02d3d68e,2026-03-12 19:44:00,+886-902-178-580,"假冒郵局,普發現金冒領",3,762921,50-69 中高齡,1
UID-df478c16,2026-03-12 09:07:00,+886-999-999-999,"機器人測試,惡意灌水",8484,0,未知,0
UID-cbecdfdf,2026-03-13 08:15:00,+886-903-880-073,"假投資,虛擬貨幣,高報酬",20,3240666,50-69 中高齡,1
UID-ab14deaa,2026-03-12 17:24:00,+886-903-888-063,"假投資,虛擬貨幣,高報酬",16,4698537,碩博士,1
UID-58e0dc2a,2026-03-12 22:21:00,+886-905-954-354,"一般客訴,服務態度",1,0,碩博士,0
UID-7f6a4748,2026-03-12 09:32:00,+886-903-883-083,"假投資,虛擬貨幣,高報酬",8,1705250,50-69 中高齡,1
UID-30824a29,2026-03-12 10:45:00,+886-901-675-007,"網路購物詐騙,解除分期付款",188,32460,大專院校,1
UID-fe6914ba,2026-03-12 17:39:00,+886-903-887-053,"假投資,虛擬貨幣,高報酬",9,3197048,碩博士,1
UID-e32b0d37,2026-03-12 11:05:00,+886-902-152-542,"假檢警,監管帳戶",3,7771906,70+ 長者,1
UID-0bd6be75,2026-03-13 05:12:00,+886-901-904-019,"網路購物詐騙,假賣場",161,1267,學生,1
UID-0f709524,2026-03-12 10:12:00,+886-905-839-511,"正常投資諮詢,理財規劃",2,0,上班族,0
UID-67a684b2,2026-03-12 09:49:00,+886-901-677-040,"網路購物詐騙,假賣場",249,1247,學生,1
UID-88a6c773,2026-03-13 03:13:00,+886-904-682-029,"網路交友,AI濾鏡假冒",21,47047,上班族,1
UID-be679980,2026-03-12 16:28:00,+886-903-886-071,"假投資,虛擬貨幣,高報酬",7,2273999,50-69 中高齡,1
UID-a2e6ed97,2026-03-13 05:15:00,+886-905-157-762,"一般客訴,服務態度",1,3000,70+ 長者,0
UID-2c57d22f,2026-03-12 09:03:00,+886-904-480-016,"Threads廣告,假兼職",13,146439,上班族,1
UID-e3daca81,2026-03-12 12:58:00,+886-901-650-048,"網路購物詐騙,假賣場",153,44725,上班族,1
UID-1a358221,2026-03-12 16:32:00,+886-905-864-563,"正常投資諮詢,理財規劃",2,3000,50-69 中高齡,0
UID-65a50530,2026-03-12 20:33:00,+886-903-881-053,"假投資,虛擬貨幣,高報酬",11,4547538,碩博士,1
UID-ee8a103f,2026-03-12 23:53:00,+886-901-108-048,"網路購物詐騙,解除分期付款",200,37683,高中職以下,1
UID-83843d74,2026-03-13 00:55:00,+886-902-197-169,"假冒郵局,普發現金冒領",2,701108,50-69 中高齡,1
UID-fd216d60,2026-03-12 18:36:00,+886-905-166-148,"債務不履行,退款延遲",2,500,50-69 中高齡,0
UID-f0ab1f33,2026-03-12 11:51:00,+886-905-236-988,"債務不履行,退款延遲",2,3000,碩博士,0
UID-a94b475c,2026-03-12 18:07:00,+886-903-887-061,"假投資,虛擬貨幣,高報酬",18,780534,50-69 中高齡,1
UID-c058254c,2026-03-13 01:08:00,+886-902-119-554,"假員警,偵查不公開",2,721263,50-69 中高齡,1
UID-ecf5ddf9,2026-03-12 22:42:00,+886-905-454-907,"司法文書送達,正常公務",2,0,學生,0
UID-ec1e391d,2026-03-12 23:28:00,+886-901-985-028,"網路購物詐騙,解除分期付款",1467,44834,學生,1
UID-e5fcd049,2026-03-12 09:25:00,+886-904-382-024,"殺豬盤,平台無法出金",26,17789,碩博士,1
UID-fa083071,2026-03-13 06:02:00,+886-904-125-086,"網路交友,AI濾鏡假冒",11,49921,上班族,1
UID-c0953220,2026-03-13 08:15:00,+886-904-399-013,"網路交友,要求儲值,點數卡",3,73353,碩博士,1
UID-a63d8cee,2026-03-12 17:54:00,+886-903-884-074,"假投資,虛擬貨幣,高報酬",18,4971382,碩博士,1
UID-144743fc,2026-03-13 02:19:00,+886-901-163-014,"幽靈包裹,超商取貨",265,1728,學生,1
UID-f1aff381,2026-03-12 11:30:00,+886-903-882-087,"假投資,資金盤",10,837772,碩博士,1
UID-4e64e3d8,2026-03-12 20:42:00,+886-903-886-090,"假投資,資金盤",18,3335488,碩博士,1
UID-776df7d2,2026-03-12 14:29:00,+886-905-212-434,"正常投資諮詢,理財規劃",1,3000,大專院校,0
UID-6e505404,2026-03-12 19:27:00,+886-905-394-387,"交易糾紛,商品瑕疵",2,500,大專院校,0
UID-22d578e9,2026-03-13 08:16:00,+886-903-880-067,"假投資,資金盤",20,4546049,上班族,1
UID-62b15db5,2026-03-12 09:24:00,+886-902-107-201,"假員警,偵查不公開",2,1346764,70+ 長者,1
UID-1c33b995,2026-03-12 15:07:00,+886-902-136-412,"假員警,偵查不公開",1,6539488,50-69 中高齡,1
UID-eba3f7ca,2026-03-12 18:28:00,+886-901-547-035,"網路購物詐騙,假賣場",256,14046,學生,1
UID-90033e65,2026-03-12 20:16:00,+886-905-759-862,"債務不履行,退款延遲",2,500,上班族,0
UID-0dca0508,2026-03-12 18:46:00,+886-905-652-513,"司法文書送達,正常公務",2,500,70+ 長者,0
UID-3dadd6a8,2026-03-12 18:07:00,+886-902-132-259,"假冒郵局,普發現金冒領",3,3652335,70+ 長者,1
UID-931f9ec3,2026-03-12 23:49:00,+886-904-413-038,"網路交友,要求儲值,點數卡",17,87584,碩博士,1
UID-efce2cea,2026-03-12 18:29:00,+886-905-751-244,"正常投資諮詢,理財規劃",1,15000,碩博士,0
UID-ca0b3040,2026-03-13 07:40:00,+886-903-889-089,"假投資,虛擬貨幣,高報酬",12,1430097,上班族,1
UID-be03e86b,2026-03-12 12:12:00,+886-901-549-042,"網路購物詐騙,解除分期付款",313,43238,學生,1
UID-408bfd2f,2026-03-13 02:17:00,+886-903-884-074,"假投資,內線交易,VIP通道",18,4453374,碩博士,1
UID-22fb5a07,2026-03-13 00:37:00,+886-902-197-999,"假員警,偵查不公開",3,6909474,70+ 長者,1
UID-62a53cfc,2026-03-12 20:20:00,+886-901-249-023,"網路購物詐騙,ATM操作",276,29731,大專院校,1
UID-a3580fb5,2026-03-12 11:07:00,+886-902-192-625,"假員警,偵查不公開",2,4152796,50-69 中高齡,1
UID-08a6df78,2026-03-12 17:10:00,+886-903-883-041,"假投資,保證獲利",20,2711321,碩博士,1
UID-bb3f1257,2026-03-13 06:20:00,+886-903-881-020,"假投資,內線交易,VIP通道",17,3947928,50-69 中高齡,1
UID-767326a5,2026-03-12 12:23:00,+886-905-144-240,"交易糾紛,商品瑕疵",2,3000,70+ 長者,0
UID-b3c15117,2026-03-13 04:40:00,+886-901-993-001,"幽靈包裹,超商取貨",162,26215,上班族,1
UID-be62fc4d,2026-03-12 11:27:00,+886-903-886-008,"假投資,資金盤",12,4190238,上班族,1
UID-e6aeca73,2026-03-13 08:46:00,+886-903-885-033,"假投資,虛擬貨幣,高報酬",7,3191187,碩博士,1
UID-020dd9c9,2026-03-13 05:55:00,+886-903-881-093,"假投資,資金盤",5,1980264,碩博士,1
UID-0bf07707,2026-03-12 21:25:00,+886-904-481-060,"網路交友,AI濾鏡假冒",24,56942,上班族,1
UID-d9ef6c66,2026-03-13 06:12:00,+886-905-195-277,"一般客訴,服務態度",1,500,70+ 長者,0
UID-5e254a03,2026-03-13 07:53:00,+886-905-264-155,"正常投資諮詢,理財規劃",1,15000,高中職以下,0
UID-9b9bed45,2026-03-12 11:03:00,+886-905-560-848,"債務不履行,退款延遲",2,15000,學生,0
UID-9ef9e528,2026-03-13 07:26:00,+886-901-597-008,"幽靈包裹,超商取貨",514,23396,高中職以下,1
UID-b3041664,2026-03-13 05:43:00,+886-901-642-048,"網路購物詐騙,假賣場",191,4330,上班族,1
UID-83b0705d,2026-03-12 15:28:00,+886-902-115-846,"假檢警,監管帳戶",3,5119986,50-69 中高齡,1
UID-2c94a1f0,2026-03-12 10:15:00,+886-903-883-021,"假投資,內線交易,VIP通道",18,1640595,上班族,1
UID-0128caf9,2026-03-12 10:28:00,+886-905-889-835,"一般客訴,服務態度",2,3000,碩博士,0
UID-eda92f7c,2026-03-12 19:23:00,+886-905-648-728,"交易糾紛,商品瑕疵",2,3000,高中職以下,0
UID-b39ff6b3,2026-03-12 09:22:00,+886-905-202-408,"一般客訴,服務態度",2,0,學生,0
UID-f447303a,2026-03-12 13:40:00,+886-902-151-411,"假檢警,監管帳戶",1,4644507,70+ 長者,1
UID-9c28c223,2026-03-13 05:11:00,+886-905-433-925,"司法文書送達,正常公務",1,3000,70+ 長者,0
UID-5e443f79,2026-03-13 05:23:00,+886-905-555-671,"一般客訴,服務態度",1,3000,高中職以下,0
UID-dc289450,2026-03-13 01:39:00,+886-902-149-853,"假扣押財產,面交黃金白銀",3,4460490,50-69 中高齡,1
UID-4611fdc5,2026-03-12 11:35:00,+886-904-513-008,"殺豬盤,平台無法出金",3,117286,學生,1
UID-f9667b66,2026-03-12 12:48:00,+886-903-884-058,"假投資,虛擬貨幣,高報酬",14,4744197,碩博士,1
UID-672972b8,2026-03-12 13:41:00,+886-904-749-091,"Threads廣告,假兼職",4,35910,學生,1
UID-81c6240c,2026-03-12 23:14:00,+886-905-108-354,"正常投資諮詢,理財規劃",1,500,高中職以下,0
UID-d39a4f84,2026-03-13 00:56:00,+886-905-828-492,"一般客訴,服務態度",2,15000,高中職以下,0
UID-360f3305,2026-03-13 06:04:00,+886-905-436-838,"一般客訴,服務態度",1,3000,大專院校,0
UID-2865b933,2026-03-12 10:59:00,+886-905-809-773,"正常投資諮詢,理財規劃",2,15000,高中職以下,0
UID-4dc15703,2026-03-12 11:29:00,+886-901-481-021,"網路購物詐騙,假賣場",162,40994,上班族,1
UID-1364d3c6,2026-03-12 14:41:00,+886-901-476-028,"網路購物詐騙,ATM操作",3907,36185,高中職以下,1
UID-f04b2103,2026-03-13 04:17:00,+886-904-332-061,"網路交友,要求儲值,點數卡",5,18687,上班族,1
UID-90ac3628,2026-03-12 13:46:00,+886-905-263-952,"一般客訴,服務態度",1,0,高中職以下,0
UID-ec504ac5,2026-03-12 11:33:00,+886-901-584-038,"網路購物詐騙,ATM操作",182,16111,學生,1
UID-13060dc1,2026-03-12 19:49:00,+886-903-885-054,"假投資,保證獲利",11,4464012,50-69 中高齡,1
UID-313a4738,2026-03-13 02:59:00,+886-901-177-002,"網路購物詐騙,假賣場",177,16728,大專院校,1
UID-ce47c7f4,2026-03-12 11:40:00,+886-902-129-597,"假扣押財產,面交黃金白銀",2,1169349,50-69 中高齡,1
UID-5befca18,2026-03-12 10:03:00,+886-902-115-527,"假冒郵局,普發現金冒領",3,7606424,70+ 長者,1
UID-c2a9408b,2026-03-12 20:34:00,+886-902-130-174,"假員警,偵查不公開",1,1008093,70+ 長者,1
UID-3939b657,2026-03-13 06:06:00,+886-901-897-006,"網路購物詐騙,解除分期付款",171,20272,上班族,1
UID-dd345575,2026-03-12 18:49:00,+886-903-881-033,"假投資,虛擬貨幣,高報酬",12,2926402,碩博士,1
UID-4c135312,2026-03-12 22:03:00,+886-903-886-086,"假投資,保證獲利",11,1608460,碩博士,1
UID-3ab27cc5,2026-03-12 18:45:00,+886-902-126-926,"假冒郵局,普發現金冒領",3,1347430,碩博士,1
UID-4949240d,2026-03-13 01:21:00,+886-903-889-063,"假投資,虛擬貨幣,高報酬",14,3023161,上班族,1
UID-c978203d,2026-03-12 13:35:00,+886-905-129-751,"交易糾紛,商品瑕疵",2,15000,高中職以下,0
UID-5123fd57,2026-03-13 00:19:00,+886-905-119-123,"一般客訴,服務態度",1,3000,高中職以下,0
UID-f35cd868,2026-03-13 07:28:00,+886-901-369-018,"網路購物詐騙,解除分期付款",251,41063,學生,1
UID-a438c57d,2026-03-12 17:08:00,+886-903-889-082,"假投資,資金盤",10,1751217,上班族,1
UID-7b21c492,2026-03-12 15:00:00,+886-905-501-418,"交易糾紛,商品瑕疵",1,3000,大專院校,0
UID-176b8101,2026-03-13 02:08:00,+886-902-144-380,"假檢警,監管帳戶",2,5329123,70+ 長者,1
UID-6fbc0c4e,2026-03-12 23:16:00,+886-905-530-805,"司法文書送達,正常公務",1,500,學生,0
UID-920b4a76,2026-03-12 11:31:00,+886-905-134-559,"債務不履行,退款延遲",2,3000,上班族,0
UID-38564515,2026-03-12 18:18:00,+886-902-152-830,"假員警,偵查不公開",2,6036039,碩博士,1
UID-9cf54452,2026-03-12 20:43:00,+886-901-459-023,"網路購物詐騙,解除分期付款",161,6565,上班族,1
UID-7cc71bd0,2026-03-12 18:19:00,+886-905-336-709,"正常投資諮詢,理財規劃",2,500,70+ 長者,0
UID-23e7950e,2026-03-12 22:02:00,+886-905-782-812,"正常投資諮詢,理財規劃",1,500,大專院校,0
UID-77e65b44,2026-03-12 09:20:00,+886-905-608-816,"司法文書送達,正常公務",1,15000,高中職以下,0
UID-2b7d77d8,2026-03-12 15:36:00,+886-903-880-046,"假投資,保證獲利",16,3849618,碩博士,1
UID-575e44ec,2026-03-13 06:11:00,+886-901-849-036,"網路購物詐騙,假賣場",156,3559,高中職以下,1
UID-f8106a00,2026-03-12 20:46:00,+886-905-548-529,"正常投資諮詢,理財規劃",1,500,高中職以下,0
UID-887b2e04,2026-03-13 03:47:00,+886-905-679-138,"債務不履行,退款延遲",2,0,學生,0
UID-5f797db7,2026-03-12 21:31:00,+886-905-488-598,"正常投資諮詢,理財規劃",2,500,大專院校,0
UID-9f31a06d,2026-03-13 00:12:00,+886-901-270-024,"網路購物詐騙,假賣場",176,17388,學生,1
UID-1854013e,2026-03-13 03:16:00,+886-901-628-005,"幽靈包裹,超商取貨",350,16046,學生,1
UID-b7bafa99,2026-03-12 09:52:00,+886-902-194-901,"假檢警,監管帳戶",2,2851579,碩博士,1
UID-935f5afb,2026-03-12 21:47:00,+886-902-143-590,"假員警,偵查不公開",1,4007820,50-69 中高齡,1
UID-c81cd2eb,2026-03-12 12:42:00,+886-902-170-485,"假扣押財產,面交黃金白銀",1,3145223,70+ 長者,1
UID-0c0e35f5,2026-03-13 07:30:00,+886-904-666-035,"Threads廣告,假兼職",11,43999,上班族,1
UID-34c2a1a1,2026-03-12 13:40:00,+886-902-163-947,"假員警,偵查不公開",3,5144310,70+ 長者,1
UID-b9f55e91,2026-03-12 21:35:00,+886-904-704-079,"Threads廣告,假兼職",26,4108,上班族,1
UID-227bed4e,2026-03-13 03:18:00,+886-901-811-017,"網路購物詐騙,假賣場",236,36476,學生,1
UID-0f34059b,2026-03-13 07:19:00,+886-905-256-764,"債務不履行,退款延遲",2,3000,學生,0
UID-20567473,2026-03-12 16:23:00,+886-902-122-531,"假扣押財產,面交黃金白銀",3,5636647,70+ 長者,1
UID-d3c48d4e,2026-03-12 15:19:00,+886-905-217-312,"債務不履行,退款延遲",2,0,70+ 長者,0
UID-4bd4d7e4,2026-03-13 00:00:00,+886-905-416-492,"司法文書送達,正常公務",1,3000,學生,0
UID-60942da2,2026-03-12 14:19:00,+886-905-650-140,"司法文書送達,正常公務",1,500,上班族,0
UID-8a3bc638,2026-03-12 19:03:00,+886-902-152-671,"假扣押財產,面交黃金白銀",2,6542162,70+ 長者,1
UID-7c62de4b,2026-03-13 08:21:00,+886-905-159-966,"交易糾紛,商品瑕疵",1,0,上班族,0
UID-f6f49aea,2026-03-13 02:23:00,+886-904-532-065,"Threads廣告,假兼職",29,27574,大專院校,1
UID-0854ea97,2026-03-13 03:12:00,+886-902-115-202,"假員警,偵查不公開",2,844950,70+ 長者,1
UID-9370aa79,2026-03-13 06:09:00,+886-901-621-006,"幽靈包裹,超商取貨",172,8682,高中職以下,1
UID-a66d9eae,2026-03-13 06:59:00,+886-903-882-074,"假投資,內線交易,VIP通道",5,417009,50-69 中高齡,1
UID-1f1ea324,2026-03-13 00:32:00,+886-901-692-038,"網路購物詐騙,解除分期付款",310,5080,上班族,1
UID-db7ba7cd,2026-03-12 17:39:00,+886-903-883-048,"假投資,虛擬貨幣,高報酬",5,1782330,50-69 中高齡,1
UID-ca101180,2026-03-13 08:54:00,+886-903-881-089,"假投資,資金盤",16,1679150,碩博士,1
UID-782b388a,2026-03-12 10:46:00,+886-905-865-533,"債務不履行,退款延遲",2,3000,上班族,0
UID-6dbdaa97,2026-03-13 03:00:00,+886-902-165-137,"假檢警,監管帳戶",3,4199276,70+ 長者,1
UID-b763362e,2026-03-12 10:40:00,+886-905-826-866,"債務不履行,退款延遲",2,3000,70+ 長者,0
UID-390216bd,2026-03-12 19:35:00,+886-905-614-376,"交易糾紛,商品瑕疵",1,15000,70+ 長者,0
UID-d0bce0c5,2026-03-12 13:19:00,+886-904-568-028,"網路交友,AI濾鏡假冒",13,2293,大專院校,1
UID-9d481ef1,2026-03-12 09:57:00,+886-903-881-097,"假投資,資金盤",15,3609963,碩博士,1
UID-aa565a42,2026-03-12 17:20:00,+886-901-606-039,"幽靈包裹,超商取貨",152,22031,高中職以下,1
UID-4e2f13c4,2026-03-12 20:03:00,+886-903-885-030,"假投資,虛擬貨幣,高報酬",15,4743651,上班族,1
UID-e449ded5,2026-03-13 00:08:00,+886-902-140-247,"假檢警,監管帳戶",1,1041791,碩博士,1
UID-cb3fe407,2026-03-13 08:18:00,+886-901-512-033,"網路購物詐騙,假賣場",152,10016,上班族,1
UID-c3408d35,2026-03-12 23:32:00,+886-903-886-011,"假投資,保證獲利",20,206029,大專院校,1
UID-80ebeb34,2026-03-12 10:23:00,+886-905-946-410,"交易糾紛,商品瑕疵",2,15000,學生,0
UID-232049f4,2026-03-13 02:58:00,+886-903-888-069,"假投資,資金盤",7,1954391,上班族,1
UID-194f3bbb,2026-03-13 07:47:00,+886-903-888-059,"假投資,保證獲利",11,1288353,50-69 中高齡,1
UID-dc9358fc,2026-03-12 14:18:00,+886-905-859-215,"債務不履行,退款延遲",2,3000,上班族,0
UID-21cb1bb2,2026-03-12 12:35:00,+886-904-271-006,"殺豬盤,平台無法出金",24,69312,學生,1
UID-9f1f4ca1,2026-03-12 21:45:00,+886-904-351-049,"網路交友,要求儲值,點數卡",22,75366,大專院校,1
UID-c429a717,2026-03-12 09:44:00,+886-901-397-011,"網路購物詐騙,解除分期付款",1020,25314,學生,1
UID-5abbee5f,2026-03-12 09:50:00,+886-904-691-028,"殺豬盤,平台無法出金",16,37381,學生,1
UID-84401458,2026-03-12 13:20:00,+886-904-893-024,"網路交友,AI濾鏡假冒",15,40323,學生,1
UID-ece80a3e,2026-03-12 12:37:00,+886-901-476-014,"網路購物詐騙,假賣場",197,6935,上班族,1
UID-7ac43061,2026-03-12 15:04:00,+886-903-886-084,"假投資,虛擬貨幣,高報酬",16,4520297,大專院校,1
UID-1ac11d40,2026-03-13 07:24:00,+886-905-626-543,"司法文書送達,正常公務",1,0,大專院校,0
UID-65db743b,2026-03-13 05:09:00,+886-902-189-812,"假扣押財產,面交黃金白銀",1,2544914,50-69 中高齡,1
UID-3fc1ca04,2026-03-12 23:22:00,+886-905-708-462,"一般客訴,服務態度",1,3000,50-69 中高齡,0
UID-7fe432fb,2026-03-12 13:23:00,+886-903-881-039,"假投資,資金盤",14,4818357,上班族,1
UID-824153b5,2026-03-12 12:31:00,+886-903-884-028,"假投資,虛擬貨幣,高報酬",17,4364141,上班族,1
UID-4b78d6a0,2026-03-12 19:03:00,+886-903-881-084,"假投資,保證獲利",10,3491970,上班族,1
UID-7512c531,2026-03-12 13:34:00,+886-903-884-003,"假投資,保證獲利",15,2584776,上班族,1
UID-5220d9b6,2026-03-12 13:29:00,+886-904-517-079,"殺豬盤,平台無法出金",4,144318,學生,1
UID-2dfb0c48,2026-03-12 12:03:00,+886-905-784-568,"交易糾紛,商品瑕疵",1,0,碩博士,0
UID-4451bd8e,2026-03-13 01:50:00,+886-902-185-278,"假冒郵局,普發現金冒領",3,6308008,70+ 長者,1
UID-2a9178a0,2026-03-13 07:32:00,+886-902-106-517,"假冒郵局,普發現金冒領",2,4550807,70+ 長者,1
UID-cb236869,2026-03-12 19:10:00,+886-902-141-577,"假檢警,監管帳戶",1,3332340,70+ 長者,1
UID-8ddfc5aa,2026-03-13 02:15:00,+886-903-887-035,"假投資,虛擬貨幣,高報酬",18,3438088,碩博士,1
UID-9b0e11b5,2026-03-13 00:54:00,+886-904-839-043,"殺豬盤,平台無法出金",26,130957,上班族,1
UID-42ed57f8,2026-03-13 01:00:00,+886-903-887-051,"假投資,資金盤",6,2277280,50-69 中高齡,1
UID-27ae2d82,2026-03-12 10:39:00,+886-905-239-862,"債務不履行,退款延遲",1,15000,大專院校,0
UID-a3265ba8,2026-03-12 18:13:00,+886-902-167-469,"假冒郵局,普發現金冒領",2,7290119,50-69 中高齡,1
UID-aed698e9,2026-03-12 23:56:00,+886-903-882-003,"假投資,虛擬貨幣,高報酬",7,2094779,碩博士,1
UID-ba7e0291,2026-03-12 14:42:00,+886-901-737-039,"網路購物詐騙,解除分期付款",632,23963,學生,1
UID-cffc2464,2026-03-12 12:27:00,+886-904-110-076,"Threads廣告,假兼職",21,131598,大專院校,1
UID-3fbd7ba4,2026-03-12 18:40:00,+886-902-135-992,"假扣押財產,面交黃金白銀",2,1109259,70+ 長者,1
UID-c99e1ff1,2026-03-12 12:32:00,+886-903-887-038,"假投資,虛擬貨幣,高報酬",20,1089024,50-69 中高齡,1
UID-c4460af4,2026-03-12 12:30:00,+886-905-372-103,"司法文書送達,正常公務",1,15000,大專院校,0
UID-0f93ecca,2026-03-13 04:12:00,+886-903-885-011,"假投資,保證獲利",6,3013330,大專院校,1
UID-c2f88ae5,2026-03-12 09:09:00,+886-999-999-999,"機器人測試,惡意灌水",9420,0,未知,0
UID-86f93eba,2026-03-12 14:13:00,+886-903-885-004,"假投資,保證獲利",10,1801675,上班族,1
UID-8562ae2d,2026-03-12 17:28:00,+886-902-162-782,"假檢警,監管帳戶",2,5842034,70+ 長者,1
UID-18c4d42f,2026-03-12 15:51:00,+886-905-789-671,"交易糾紛,商品瑕疵",1,500,50-69 中高齡,0
UID-0dd7545c,2026-03-13 06:10:00,+886-902-143-527,"假冒郵局,普發現金冒領",1,5606947,碩博士,1
UID-110642a7,2026-03-12 16:55:00,+886-902-105-886,"假扣押財產,面交黃金白銀",2,6763483,70+ 長者,1
UID-e3acfe49,2026-03-13 03:09:00,+886-901-240-026,"幽靈包裹,超商取貨",240,37025,高中職以下,1
UID-099f48f8,2026-03-13 00:46:00,+886-904-887-024,"網路交友,AI濾鏡假冒",23,133236,上班族,1
UID-a63c9eef,2026-03-12 19:44:00,+886-905-599-164,"司法文書送達,正常公務",2,3000,50-69 中高齡,0
UID-907c655d,2026-03-12 14:46:00,+886-901-931-015,"幽靈包裹,超商取貨",166,2534,學生,1
UID-bd7f5bfa,2026-03-12 20:58:00,+886-904-272-033,"Threads廣告,假兼職",14,78393,碩博士,1
UID-93a36b07,2026-03-13 02:58:00,+886-904-148-065,"殺豬盤,平台無法出金",22,86129,碩博士,1
UID-62a99a82,2026-03-12 17:45:00,+886-901-312-032,"網路購物詐騙,假賣場",231,31065,大專院校,1
UID-5723bcbb,2026-03-13 02:15:00,+886-902-166-320,"假檢警,監管帳戶",1,3635251,50-69 中高齡,1
UID-d191168a,2026-03-12 22:21:00,+886-905-784-864,"一般客訴,服務態度",1,500,50-69 中高齡,0
UID-669b7e2a,2026-03-12 19:59:00,+886-903-889-027,"假投資,保證獲利",14,4743324,上班族,1
UID-5af5caa8,2026-03-12 23:51:00,+886-902-164-267,"假冒郵局,普發現金冒領",1,5684854,70+ 長者,1
UID-1edd08f8,2026-03-12 14:53:00,+886-904-585-058,"網路交友,要求儲值,點數卡",18,18612,學生,1
UID-f811fa52,2026-03-13 08:16:00,+886-903-887-064,"假投資,虛擬貨幣,高報酬",11,1711270,大專院校,1
UID-e009a920,2026-03-13 07:44:00,+886-903-881-051,"假投資,內線交易,VIP通道",8,2049065,碩博士,1
UID-934cbbb3,2026-03-12 15:23:00,+886-904-481-088,"殺豬盤,平台無法出金",25,46909,碩博士,1
UID-18f633be,2026-03-12 21:21:00,+886-901-654-042,"幽靈包裹,超商取貨",296,23243,上班族,1
UID-336e3d52,2026-03-12 18:38:00,+886-904-419-084,"網路交友,要求儲值,點數卡",12,127728,上班族,1
UID-42f53aec,2026-03-13 06:32:00,+886-902-167-236,"假冒郵局,普發現金冒領",3,5122572,50-69 中高齡,1
UID-22ecd07c,2026-03-13 04:05:00,+886-904-820-050,"Threads廣告,假兼職",18,53057,碩博士,1
UID-ed1d4cbd,2026-03-12 12:05:00,+886-903-881-029,"假投資,資金盤",5,2501227,50-69 中高齡,1
UID-1ebe4d43,2026-03-12 21:56:00,+886-904-148-053,"殺豬盤,平台無法出金",8,133519,上班族,1
UID-0a1ef09d,2026-03-12 18:47:00,+886-904-237-090,"網路交友,要求儲值,點數卡",25,106641,大專院校,1
UID-65f72e55,2026-03-12 21:04:00,+886-905-857-358,"正常投資諮詢,理財規劃",1,15000,學生,0
UID-f32b2841,2026-03-13 06:24:00,+886-901-732-017,"網路購物詐騙,ATM操作",167,2487,學生,1
UID-7ed7b12c,2026-03-12 09:58:00,+886-905-747-299,"交易糾紛,商品瑕疵",1,0,上班族,0
UID-ca95b11f,2026-03-12 09:03:00,+886-999-999-999,"機器人測試,惡意灌水",13954,0,未知,0
UID-77aff0d3,2026-03-12 09:02:00,+886-905-395-502,"債務不履行,退款延遲",1,0,碩博士,0
UID-d5f47e19,2026-03-12 09:50:00,+886-905-785-422,"交易糾紛,商品瑕疵",2,0,大專院校,0
UID-786ab8ef,2026-03-12 22:53:00,+886-903-884-039,"假投資,資金盤",11,237348,上班族,1
UID-f0829b06,2026-03-13 01:14:00,+886-905-603-286,"債務不履行,退款延遲",1,500,70+ 長者,0
UID-c6f082c9,2026-03-12 23:25:00,+886-904-176-065,"Threads廣告,假兼職",24,56794,上班族,1
UID-8cbab4be,2026-03-13 00:26:00,+886-904-322-070,"網路交友,要求儲值,點數卡",7,102256,學生,1
UID-3fc10728,2026-03-12 19:39:00,+886-905-100-166,"一般客訴,服務態度",1,15000,學生,0
UID-4fa97585,2026-03-12 14:59:00,+886-905-987-789,"交易糾紛,商品瑕疵",1,500,高中職以下,0
UID-7d17fa2e,2026-03-12 16:04:00,+886-905-545-300,"交易糾紛,商品瑕疵",1,0,高中職以下,0
UID-03f7a725,2026-03-12 14:33:00,+886-905-308-298,"交易糾紛,商品瑕疵",2,15000,高中職以下,0
UID-bc97401e,2026-03-13 09:00:00,+886-901-142-004,"網路購物詐騙,解除分期付款",188,20527,上班族,1
UID-04b27d1e,2026-03-12 14:12:00,+886-902-183-151,"假員警,偵查不公開",2,1298003,70+ 長者,1
UID-6f57e4db,2026-03-12 13:03:00,+886-901-984-048,"網路購物詐騙,解除分期付款",162,16726,上班族,1
UID-60396a2b,2026-03-12 23:32:00,+886-902-169-197,"假扣押財產,面交黃金白銀",1,6394696,70+ 長者,1
UID-153d7ffd,2026-03-13 04:49:00,+886-905-438-584,"債務不履行,退款延遲",2,15000,大專院校,0
UID-4fdb5ff3,2026-03-12 19:33:00,+886-903-889-049,"假投資,保證獲利",10,165375,碩博士,1
UID-72fed9ed,2026-03-12 17:40:00,+886-905-804-473,"司法文書送達,正常公務",1,3000,大專院校,0
UID-a791c902,2026-03-12 12:09:00,+886-903-882-076,"假投資,虛擬貨幣,高報酬",17,237934,碩博士,1
UID-ddbdb081,2026-03-13 01:28:00,+886-904-223-024,"Threads廣告,假兼職",13,123403,大專院校,1
UID-eea5ef20,2026-03-13 03:04:00,+886-905-671-283,"司法文書送達,正常公務",1,500,50-69 中高齡,0
UID-9fce486e,2026-03-12 16:54:00,+886-903-881-095,"假投資,保證獲利",15,4960321,上班族,1
UID-9ce47b10,2026-03-13 00:36:00,+886-905-928-714,"正常投資諮詢,理財規劃",1,3000,50-69 中高齡,0
UID-192525fb,2026-03-12 09:28:00,+886-902-151-587,"假員警,偵查不公開",1,5759851,70+ 長者,1
UID-5e602daa,2026-03-12 20:02:00,+886-905-398-795,"司法文書送達,正常公務",1,15000,碩博士,0
UID-8ffbf2df,2026-03-13 01:06:00,+886-901-976-011,"幽靈包裹,超商取貨",222,12754,大專院校,1
UID-682ffe2a,2026-03-12 10:10:00,+886-902-120-783,"假員警,偵查不公開",2,568825,70+ 長者,1
UID-99655f43,2026-03-12 12:58:00,+886-905-410-273,"正常投資諮詢,理財規劃",1,3000,大專院校,0
UID-a7823161,2026-03-12 09:17:00,+886-901-192-014,"網路購物詐騙,ATM操作",188,34368,高中職以下,1
UID-f91ea2b2,2026-03-12 10:38:00,+886-901-955-003,"網路購物詐騙,解除分期付款",249,13591,上班族,1
UID-7d2ddbe7,2026-03-12 09:10:00,+886-999-999-999,"機器人測試,惡意灌水",12701,0,未知,0
UID-029d0495,2026-03-13 04:36:00,+886-905-706-131,"司法文書送達,正常公務",2,500,學生,0
UID-7e1c5dbc,2026-03-12 23:54:00,+886-905-612-627,"司法文書送達,正常公務",1,3000,碩博士,0
UID-68aaebad,2026-03-12 21:04:00,+886-901-649-008,"網路購物詐騙,ATM操作",160,32779,學生,1
UID-5844ffe6,2026-03-13 00:05:00,+886-905-735-695,"正常投資諮詢,理財規劃",2,15000,上班族,0
UID-cfe4338f,2026-03-12 23:28:00,+886-902-114-628,"假員警,偵查不公開",3,5509052,70+ 長者,1
UID-e307f670,2026-03-12 21:26:00,+886-901-479-012,"幽靈包裹,超商取貨",165,42608,高中職以下,1
UID-0861f768,2026-03-12 16:09:00,+886-904-361-074,"Threads廣告,假兼職",13,97220,大專院校,1
UID-77339eca,2026-03-12 09:53:00,+886-902-134-107,"假檢警,監管帳戶",1,7271306,70+ 長者,1
UID-f4aa4352,2026-03-12 23:44:00,+886-902-153-165,"假冒郵局,普發現金冒領",2,2283067,碩博士,1
UID-7e763719,2026-03-12 09:22:00,+886-904-315-015,"網路交友,要求儲值,點數卡",20,103577,碩博士,1
UID-15c2d10f,2026-03-12 16:50:00,+886-901-585-004,"幽靈包裹,超商取貨",352,41498,上班族,1
UID-0dfad80b,2026-03-13 07:18:00,+886-905-635-898,"正常投資諮詢,理財規劃",2,3000,大專院校,0
UID-729f8ce4,2026-03-13 04:31:00,+886-901-711-050,"網路購物詐騙,ATM操作",280,35341,高中職以下,1
UID-8890b02b,2026-03-13 07:15:00,+886-905-163-251,"一般客訴,服務態度",1,15000,上班族,0
UID-f76cbd00,2026-03-13 00:50:00,+886-905-345-724,"債務不履行,退款延遲",1,0,高中職以下,0
UID-30aad037,2026-03-13 01:51:00,+886-905-704-771,"正常投資諮詢,理財規劃",1,3000,大專院校,0
UID-9b80461c,2026-03-12 20:55:00,+886-902-188-741,"假檢警,監管帳戶",1,5515853,70+ 長者,1
UID-770814a3,2026-03-12 17:27:00,+886-904-167-034,"殺豬盤,平台無法出金",10,52330,上班族,1
UID-6d55f287,2026-03-13 07:30:00,+886-901-135-012,"網路購物詐騙,ATM操作",242,38728,上班族,1
UID-a5b4b46d,2026-03-13 03:51:00,+886-904-691-008,"網路交友,AI濾鏡假冒",2,29169,學生,1
UID-37e0f9c1,2026-03-13 01:15:00,+886-901-301-014,"網路購物詐騙,假賣場",186,2040,高中職以下,1
UID-9c356398,2026-03-12 16:05:00,+886-903-880-065,"假投資,虛擬貨幣,高報酬",9,2256025,碩博士,1
UID-43254ead,2026-03-13 02:37:00,+886-901-235-036,"幽靈包裹,超商取貨",309,44869,上班族,1
UID-307a4362,2026-03-12 12:34:00,+886-901-505-037,"網路購物詐騙,解除分期付款",284,36974,上班族,1
UID-b3465366,2026-03-13 02:57:00,+886-905-160-338,"債務不履行,退款延遲",2,15000,上班族,0
UID-f98021dc,2026-03-12 11:38:00,+886-902-163-324,"假扣押財產,面交黃金白銀",2,5115819,50-69 中高齡,1
UID-8b463a63,2026-03-12 15:28:00,+886-905-616-281,"交易糾紛,商品瑕疵",2,0,70+ 長者,0
UID-abadd8f7,2026-03-12 21:45:00,+886-903-883-049,"假投資,資金盤",18,2885139,上班族,1
UID-f29facb9,2026-03-12 13:47:00,+886-905-339-392,"正常投資諮詢,理財規劃",1,15000,碩博士,0
UID-62026497,2026-03-13 06:38:00,+886-902-118-686,"假扣押財產,面交黃金白銀",2,7896190,70+ 長者,1
UID-f47e2f02,2026-03-12 11:24:00,+886-905-903-482,"交易糾紛,商品瑕疵",2,15000,大專院校,0
UID-646f86ba,2026-03-12 19:05:00,+886-903-886-023,"假投資,資金盤",9,3160559,碩博士,1
UID-f2300b41,2026-03-13 08:35:00,+886-905-827-575,"司法文書送達,正常公務",2,15000,50-69 中高齡,0
UID-98d386d5,2026-03-12 23:51:00,+886-902-174-324,"假扣押財產,面交黃金白銀",3,6025694,70+ 長者,1
UID-03f57bd1,2026-03-13 00:07:00,+886-904-325-089,"殺豬盤,平台無法出金",10,39758,碩博士,1
UID-2575b4fc,2026-03-13 03:47:00,+886-905-461-471,"正常投資諮詢,理財規劃",2,0,70+ 長者,0
UID-e9b52f29,2026-03-12 15:14:00,+886-903-884-072,"假投資,資金盤",20,2023370,50-69 中高齡,1
UID-afca880b,2026-03-12 11:51:00,+886-905-491-696,"交易糾紛,商品瑕疵",1,15000,70+ 長者,0
UID-11fd45e7,2026-03-12 15:21:00,+886-905-329-890,"債務不履行,退款延遲",1,15000,70+ 長者,0
UID-b6307d15,2026-03-12 21:55:00,+886-903-881-027,"假投資,保證獲利",14,2815128,碩博士,1
UID-25df6fb4,2026-03-13 00:21:00,+886-905-933-935,"債務不履行,退款延遲",2,500,碩博士,0
UID-61a97224,2026-03-13 05:00:00,+886-902-138-799,"假檢警,監管帳戶",1,7330467,70+ 長者,1
UID-385d7367,2026-03-12 21:21:00,+886-903-889-077,"假投資,資金盤",10,1648564,上班族,1
UID-572a057f,2026-03-12 14:26:00,+886-903-880-081,"假投資,虛擬貨幣,高報酬",13,1814659,上班族,1
UID-c4e6e9b9,2026-03-13 05:59:00,+886-901-530-003,"網路購物詐騙,假賣場",275,22933,大專院校,1
UID-e0314212,2026-03-13 07:40:00,+886-905-394-400,"一般客訴,服務態度",2,500,上班族,0
UID-da0d3071,2026-03-12 18:41:00,+886-903-888-036,"假投資,虛擬貨幣,高報酬",9,2705657,上班族,1
UID-858b839a,2026-03-12 20:25:00,+886-904-328-090,"網路交友,AI濾鏡假冒",5,108274,大專院校,1
UID-69809f53,2026-03-12 14:25:00,+886-905-471-492,"正常投資諮詢,理財規劃",1,3000,70+ 長者,0
UID-1caadc42,2026-03-12 17:03:00,+886-904-533-011,"Threads廣告,假兼職",15,44653,學生,1
UID-dad60e31,2026-03-12 16:36:00,+886-901-348-041,"網路購物詐騙,解除分期付款",368,37375,上班族,1
UID-5d122fb4,2026-03-12 22:34:00,+886-903-880-024,"假投資,虛擬貨幣,高報酬",17,644413,碩博士,1
UID-a807fb06,2026-03-12 10:57:00,+886-905-917-586,"正常投資諮詢,理財規劃",2,15000,上班族,0
UID-abc0c1aa,2026-03-12 15:41:00,+886-905-169-732,"司法文書送達,正常公務",2,500,70+ 長者,0
UID-b994ccdb,2026-03-12 15:26:00,+886-903-881-078,"假投資,資金盤",7,993505,碩博士,1
UID-ae09b5b2,2026-03-13 07:06:00,+886-901-835-031,"幽靈包裹,超商取貨",177,4839,高中職以下,1
UID-6610f2f9,2026-03-12 19:54:00,+886-903-886-073,"假投資,內線交易,VIP通道",18,4528261,上班族,1
UID-2d0247f2,2026-03-12 11:46:00,+886-901-910-029,"幽靈包裹,超商取貨",379,2823,大專院校,1
UID-bf204d07,2026-03-13 04:43:00,+886-901-627-039,"網路購物詐騙,假賣場",195,40534,大專院校,1
UID-ac201a83,2026-03-12 17:49:00,+886-905-199-546,"一般客訴,服務態度",1,15000,上班族,0
UID-01c0d040,2026-03-12 22:07:00,+886-903-880-046,"假投資,虛擬貨幣,高報酬",14,1359061,上班族,1
UID-81f5da50,2026-03-12 12:58:00,+886-901-796-045,"網路購物詐騙,ATM操作",375,28429,高中職以下,1
UID-933a2f77,2026-03-13 00:08:00,+886-903-883-055,"假投資,內線交易,VIP通道",14,1992701,碩博士,1
UID-6f9a7e55,2026-03-13 04:21:00,+886-905-192-401,"一般客訴,服務態度",2,500,70+ 長者,0
UID-1d157bc0,2026-03-13 05:11:00,+886-902-133-791,"假冒郵局,普發現金冒領",3,787560,碩博士,1
UID-7f9f3d22,2026-03-12 19:18:00,+886-905-396-124,"司法文書送達,正常公務",2,3000,70+ 長者,0
UID-47de29f7,2026-03-12 12:53:00,+886-903-881-059,"假投資,保證獲利",10,202397,50-69 中高齡,1
UID-66373113,2026-03-13 05:42:00,+886-903-887-043,"假投資,虛擬貨幣,高報酬",16,3028434,上班族,1
UID-596d0ae8,2026-03-12 18:18:00,+886-904-807-010,"Threads廣告,假兼職",25,147201,學生,1
UID-cf999b11,2026-03-13 06:04:00,+886-903-883-014,"假投資,資金盤",15,907782,上班族,1
UID-1bfa79e1,2026-03-12 13:05:00,+886-903-885-057,"假投資,資金盤",12,3434869,碩博士,1
UID-21d92bd1,2026-03-12 13:16:00,+886-901-436-027,"網路購物詐騙,假賣場",178,33605,高中職以下,1
UID-a47650f3,2026-03-12 16:48:00,+886-902-143-926,"假扣押財產,面交黃金白銀",2,7898550,70+ 長者,1
UID-2883bbad,2026-03-13 02:36:00,+886-904-972-039,"網路交友,AI濾鏡假冒",2,13277,大專院校,1
UID-df2615ed,2026-03-12 11:58:00,+886-905-151-482,"正常投資諮詢,理財規劃",1,0,50-69 中高齡,0
UID-eb3f3170,2026-03-13 03:52:00,+886-905-516-878,"交易糾紛,商品瑕疵",2,15000,上班族,0
UID-9a86b6fd,2026-03-13 08:06:00,+886-903-880-092,"假投資,保證獲利",18,1485758,大專院校,1
UID-b5ac3f76,2026-03-12 09:09:00,+886-999-999-999,"機器人測試,惡意灌水",10214,0,未知,0
UID-056c161b,2026-03-13 07:57:00,+886-905-175-972,"債務不履行,退款延遲",1,3000,上班族,0
UID-a6f24709,2026-03-12 10:36:00,+886-903-885-069,"假投資,資金盤",20,2556100,上班族,1
UID-f97771dd,2026-03-13 00:09:00,+886-905-495-179,"交易糾紛,商品瑕疵",1,0,大專院校,0
UID-7d097be3,2026-03-13 03:25:00,+886-903-880-053,"假投資,內線交易,VIP通道",6,4209455,碩博士,1
UID-6ac9160b,2026-03-12 19:28:00,+886-901-525-040,"網路購物詐騙,ATM操作",183,20516,上班族,1
UID-376beeca,2026-03-12 14:21:00,+886-902-200-419,"假檢警,監管帳戶",3,7160158,碩博士,1
UID-5eb43478,2026-03-12 23:21:00,+886-903-881-018,"假投資,保證獲利",7,434404,上班族,1
UID-2addba29,2026-03-12 15:00:00,+886-903-883-042,"假投資,內線交易,VIP通道",14,3432910,上班族,1
UID-767fcb4d,2026-03-13 06:21:00,+886-903-881-028,"假投資,虛擬貨幣,高報酬",16,1934124,上班族,1
UID-abb20bd8,2026-03-12 21:11:00,+886-903-880-037,"假投資,保證獲利",18,4327028,碩博士,1
UID-1d05649a,2026-03-12 16:38:00,+886-901-215-034,"網路購物詐騙,假賣場",200,3124,學生,1
UID-8a033294,2026-03-13 07:36:00,+886-901-244-048,"網路購物詐騙,解除分期付款",344,36598,大專院校,1
UID-bdc4fa26,2026-03-13 05:57:00,+886-903-885-006,"假投資,內線交易,VIP通道",11,2706882,碩博士,1
UID-b240dc42,2026-03-12 18:37:00,+886-901-403-018,"網路購物詐騙,ATM操作",162,4606,上班族,1
UID-6843d1ea,2026-03-12 14:08:00,+886-903-889-009,"假投資,資金盤",5,2416034,50-69 中高齡,1
UID-f6f659f2,2026-03-12 22:44:00,+886-903-885-011,"假投資,內線交易,VIP通道",7,3422739,碩博士,1
UID-41fbcb8b,2026-03-12 13:34:00,+886-901-239-047,"網路購物詐騙,解除分期付款",182,3612,上班族,1
UID-71e4ed69,2026-03-12 14:53:00,+886-902-150-582,"假扣押財產,面交黃金白銀",2,1533305,70+ 長者,1
UID-eb241d33,2026-03-12 19:34:00,+886-905-426-949,"一般客訴,服務態度",2,500,大專院校,0
UID-f9c4ed36,2026-03-13 08:08:00,+886-901-560-020,"幽靈包裹,超商取貨",466,31519,大專院校,1
UID-b5504dc0,2026-03-12 14:12:00,+886-905-376-533,"交易糾紛,商品瑕疵",1,15000,碩博士,0
UID-9cb5b39a,2026-03-12 13:48:00,+886-901-561-031,"幽靈包裹,超商取貨",203,23914,大專院校,1
UID-362fecc4,2026-03-12 11:29:00,+886-904-325-020,"殺豬盤,平台無法出金",16,88312,大專院校,1
UID-376311c9,2026-03-12 21:46:00,+886-905-825-178,"交易糾紛,商品瑕疵",1,15000,上班族,0
UID-36eb8e20,2026-03-13 05:51:00,+886-901-943-033,"網路購物詐騙,ATM操作",229,33276,大專院校,1
UID-d94d1e7c,2026-03-13 05:02:00,+886-905-152-324,"司法文書送達,正常公務",2,15000,學生,0
UID-1f186e0c,2026-03-12 17:41:00,+886-905-575-605,"交易糾紛,商品瑕疵",1,15000,高中職以下,0
UID-eb201535,2026-03-13 07:50:00,+886-903-885-064,"假投資,資金盤",18,3241539,碩博士,1
UID-3e5901b0,2026-03-12 09:41:00,+886-904-759-050,"殺豬盤,平台無法出金",15,44936,學生,1
UID-fb2e0e22,2026-03-13 01:06:00,+886-903-881-072,"假投資,資金盤",10,4737824,上班族,1
UID-cd748b99,2026-03-12 10:22:00,+886-904-706-040,"網路交友,AI濾鏡假冒",5,28717,大專院校,1
UID-3a5a0867,2026-03-12 12:40:00,+886-905-403-889,"交易糾紛,商品瑕疵",2,15000,50-69 中高齡,0
UID-ba9ee7f1,2026-03-13 05:08:00,+886-905-925-835,"債務不履行,退款延遲",1,15000,學生,0
UID-7cb6c00a,2026-03-12 19:07:00,+886-904-183-027,"網路交友,要求儲值,點數卡",5,89947,碩博士,1
UID-39b18d55,2026-03-12 19:55:00,+886-904-754-087,"網路交友,AI濾鏡假冒",4,119521,大專院校,1
UID-e3d54946,2026-03-12 11:17:00,+886-903-888-018,"假投資,資金盤",7,4519653,上班族,1
UID-333fd27f,2026-03-12 21:44:00,+886-904-859-005,"Threads廣告,假兼職",22,116752,上班族,1
UID-aea180ee,2026-03-12 21:06:00,+886-903-881-021,"假投資,資金盤",15,1442301,大專院校,1
UID-d426390d,2026-03-13 07:03:00,+886-902-198-933,"假員警,偵查不公開",2,7708169,70+ 長者,1
UID-741d4684,2026-03-12 12:07:00,+886-904-362-007,"殺豬盤,平台無法出金",10,54604,上班族,1
UID-95d9c86b,2026-03-12 10:15:00,+886-901-275-020,"網路購物詐騙,解除分期付款",2770,20284,上班族,1
UID-6c2f5b0f,2026-03-12 22:05:00,+886-905-106-614,"正常投資諮詢,理財規劃",2,500,大專院校,0
UID-a4698178,2026-03-12 15:16:00,+886-903-882-079,"假投資,資金盤",5,3600778,上班族,1
UID-9af528c1,2026-03-12 11:51:00,+886-902-160-574,"假冒郵局,普發現金冒領",2,1586278,70+ 長者,1
UID-90fa0b2b,2026-03-12 18:55:00,+886-905-403-543,"一般客訴,服務態度",1,0,高中職以下,0
UID-b11db280,2026-03-13 06:53:00,+886-901-234-027,"網路購物詐騙,ATM操作",182,24522,大專院校,1
UID-86bb865d,2026-03-12 13:14:00,+886-901-456-019,"網路購物詐騙,ATM操作",156,2911,大專院校,1
UID-bfdad565,2026-03-12 15:47:00,+886-901-584-008,"網路購物詐騙,解除分期付款",685,8850,學生,1
UID-ee1d71d5,2026-03-13 03:40:00,+886-904-458-012,"網路交友,AI濾鏡假冒",9,82351,碩博士,1
UID-2cf18a98,2026-03-12 09:53:00,+886-903-888-023,"假投資,資金盤",15,3388623,50-69 中高齡,1
UID-1c7461ae,2026-03-12 15:31:00,+886-903-884-045,"假投資,資金盤",5,2331995,50-69 中高齡,1
UID-b847785f,2026-03-12 13:03:00,+886-905-499-994,"交易糾紛,商品瑕疵",2,3000,上班族,0
UID-2b72eb64,2026-03-13 03:36:00,+886-905-289-516,"債務不履行,退款延遲",2,0,大專院校,0
UID-5f94af0b,2026-03-12 11:31:00,+886-902-186-205,"假冒郵局,普發現金冒領",3,6583359,70+ 長者,1
UID-f04a0413,2026-03-13 02:57:00,+886-904-813-080,"殺豬盤,平台無法出金",24,54785,大專院校,1
UID-c4befd5a,2026-03-12 09:25:00,+886-903-886-082,"假投資,資金盤",7,4369811,碩博士,1
UID-e5e56f44,2026-03-13 08:43:00,+886-902-142-516,"假冒郵局,普發現金冒領",1,7107412,70+ 長者,1
UID-581752dc,2026-03-12 10:56:00,+886-902-195-759,"假員警,偵查不公開",2,7609569,70+ 長者,1
UID-15ae71be,2026-03-12 20:12:00,+886-905-781-958,"正常投資諮詢,理財規劃",1,3000,50-69 中高齡,0
UID-df6aef08,2026-03-13 00:03:00,+886-901-960-017,"網路購物詐騙,ATM操作",721,28214,學生,1
UID-714c7cc0,2026-03-12 16:36:00,+886-902-192-891,"假員警,偵查不公開",1,3472267,70+ 長者,1
UID-e188689d,2026-03-12 13:09:00,+886-902-159-621,"假檢警,監管帳戶",3,1937344,50-69 中高齡,1
UID-275ceb4a,2026-03-13 02:32:00,+886-904-477-067,"Threads廣告,假兼職",23,95750,學生,1
UID-065f0bb5,2026-03-12 20:00:00,+886-903-887-053,"假投資,虛擬貨幣,高報酬",10,3826854,50-69 中高齡,1
UID-07a1d4df,2026-03-12 18:06:00,+886-901-119-003,"網路購物詐騙,ATM操作",559,5576,高中職以下,1
UID-d6a60296,2026-03-12 10:59:00,+886-902-193-973,"假扣押財產,面交黃金白銀",1,901514,50-69 中高齡,1
UID-7e3d7206,2026-03-12 19:58:00,+886-903-883-091,"假投資,虛擬貨幣,高報酬",6,1639315,碩博士,1
UID-1bb9bc4d,2026-03-12 20:08:00,+886-904-830-083,"Threads廣告,假兼職",23,33742,學生,1
UID-ea73d174,2026-03-13 01:09:00,+886-904-469-091,"Threads廣告,假兼職",22,24159,大專院校,1
UID-3d2bc741,2026-03-12 21:52:00,+886-902-122-177,"假扣押財產,面交黃金白銀",2,5281351,70+ 長者,1
UID-32ef70b3,2026-03-12 17:01:00,+886-903-886-068,"假投資,資金盤",16,227523,上班族,1
UID-8a23d4af,2026-03-13 05:23:00,+886-905-845-509,"債務不履行,退款延遲",1,15000,50-69 中高齡,0
UID-d1bcd35d,2026-03-12 15:20:00,+886-901-170-001,"網路購物詐騙,解除分期付款",202,20874,學生,1
UID-bc0aec39,2026-03-13 07:15:00,+886-901-979-005,"幽靈包裹,超商取貨",173,40845,學生,1
UID-0923894a,2026-03-12 09:05:00,+886-905-253-243,"交易糾紛,商品瑕疵",1,3000,70+ 長者,0
UID-959285a1,2026-03-13 04:57:00,+886-904-319-059,"網路交友,要求儲值,點數卡",24,29801,學生,1
UID-1fa16718,2026-03-13 02:26:00,+886-901-369-015,"網路購物詐騙,ATM操作",664,2925,上班族,1
UID-bba399d3,2026-03-12 13:01:00,+886-905-169-863,"一般客訴,服務態度",1,500,學生,0
UID-4e721a96,2026-03-12 14:36:00,+886-903-882-041,"假投資,資金盤",20,1484068,50-69 中高齡,1
UID-e18c9be9,2026-03-12 10:05:00,+886-903-884-078,"假投資,內線交易,VIP通道",16,115496,50-69 中高齡,1
UID-2bfa40e0,2026-03-13 05:45:00,+886-902-126-667,"假冒郵局,普發現金冒領",1,4618914,50-69 中高齡,1
UID-56712eb1,2026-03-13 00:33:00,+886-902-177-985,"假檢警,監管帳戶",1,868381,70+ 長者,1
UID-3a9b8efc,2026-03-12 16:57:00,+886-903-883-059,"假投資,保證獲利",9,2995414,碩博士,1
UID-fd7a3ae6,2026-03-13 04:39:00,+886-903-889-073,"假投資,虛擬貨幣,高報酬",16,3667121,大專院校,1
UID-1f87742e,2026-03-12 17:28:00,+886-904-651-022,"網路交友,要求儲值,點數卡",16,102199,碩博士,1
UID-fb1f7e54,2026-03-12 15:49:00,+886-901-476-024,"網路購物詐騙,假賣場",224,25451,上班族,1
UID-40610134,2026-03-12 11:38:00,+886-901-591-016,"幽靈包裹,超商取貨",171,13001,大專院校,1
UID-f96b1484,2026-03-13 04:32:00,+886-904-423-084,"網路交友,AI濾鏡假冒",13,114315,碩博士,1
UID-6de308f8,2026-03-13 05:49:00,+886-902-170-888,"假冒郵局,普發現金冒領",2,5596718,70+ 長者,1
UID-253b5a75,2026-03-12 15:36:00,+886-904-400-017,"Threads廣告,假兼職",22,120397,學生,1
UID-9fe71a32,2026-03-12 15:29:00,+886-905-738-849,"債務不履行,退款延遲",2,500,上班族,0
UID-177fc98f,2026-03-12 22:16:00,+886-901-513-024,"網路購物詐騙,解除分期付款",169,15301,學生,1
UID-2b8e4868,2026-03-13 06:25:00,+886-905-968-806,"正常投資諮詢,理財規劃",2,3000,學生,0
UID-21d838a5,2026-03-12 09:01:00,+886-999-999-999,"機器人測試,惡意灌水",13225,0,未知,0
UID-e41dd874,2026-03-12 18:59:00,+886-901-130-047,"網路購物詐騙,解除分期付款",221,24768,學生,1
UID-0c9ca81d,2026-03-13 06:48:00,+886-901-724-047,"幽靈包裹,超商取貨",197,13660,學生,1
UID-5cb80bf1,2026-03-12 19:48:00,+886-904-580-048,"網路交友,AI濾鏡假冒",7,44301,碩博士,1
UID-143fa786,2026-03-13 06:38:00,+886-903-883-087,"假投資,保證獲利",16,2029181,大專院校,1
UID-cb524b88,2026-03-13 08:23:00,+886-901-425-045,"網路購物詐騙,解除分期付款",157,3037,大專院校,1
UID-b6c99203,2026-03-13 02:09:00,+886-902-154-391,"假檢警,監管帳戶",1,7672235,70+ 長者,1
UID-9328eb90,2026-03-13 01:41:00,+886-905-251-955,"交易糾紛,商品瑕疵",1,500,上班族,0
UID-c7ed6f05,2026-03-13 05:07:00,+886-901-276-010,"幽靈包裹,超商取貨",165,26934,高中職以下,1
UID-82df1902,2026-03-12 12:44:00,+886-905-235-518,"交易糾紛,商品瑕疵",1,3000,上班族,0
UID-364dd89e,2026-03-12 15:19:00,+886-905-279-935,"債務不履行,退款延遲",1,15000,學生,0
UID-be50e0ca,2026-03-13 06:59:00,+886-901-127-016,"網路購物詐騙,ATM操作",232,20696,大專院校,1
UID-b30dd97e,2026-03-12 16:10:00,+886-905-497-239,"債務不履行,退款延遲",2,15000,碩博士,0
UID-b3f51081,2026-03-12 13:12:00,+886-905-420-208,"正常投資諮詢,理財規劃",1,0,高中職以下,0
UID-b6196efb,2026-03-12 17:56:00,+886-903-889-076,"假投資,資金盤",6,3180792,碩博士,1
UID-0000130b,2026-03-12 23:41:00,+886-905-733-904,"正常投資諮詢,理財規劃",2,15000,70+ 長者,0
UID-bf41e58a,2026-03-13 04:55:00,+886-902-197-650,"假檢警,監管帳戶",2,1025417,50-69 中高齡,1
UID-3fb7c934,2026-03-12 21:55:00,+886-903-886-096,"假投資,虛擬貨幣,高報酬",7,2766416,上班族,1
UID-784d70aa,2026-03-12 20:06:00,+886-905-499-141,"交易糾紛,商品瑕疵",1,0,大專院校,0
UID-dd4adadb,2026-03-12 15:40:00,+886-905-371-435,"交易糾紛,商品瑕疵",2,500,大專院校,0
UID-a3f096c3,2026-03-12 16:44:00,+886-901-633-046,"網路購物詐騙,解除分期付款",440,27398,高中職以下,1
UID-21414898,2026-03-13 02:35:00,+886-901-900-014,"網路購物詐騙,解除分期付款",171,34461,大專院校,1
UID-384773f7,2026-03-12 15:50:00,+886-902-181-271,"假扣押財產,面交黃金白銀",1,1873807,70+ 長者,1
UID-e1fdf39c,2026-03-12 15:10:00,+886-904-614-018,"網路交友,AI濾鏡假冒",29,54204,學生,1
UID-6b43795b,2026-03-12 12:25:00,+886-902-129-224,"假檢警,監管帳戶",2,6434866,70+ 長者,1
UID-2d70218b,2026-03-12 14:52:00,+886-903-883-057,"假投資,資金盤",10,1769601,碩博士,1
UID-ff688ccd,2026-03-13 06:30:00,+886-902-135-508,"假檢警,監管帳戶",3,2937098,70+ 長者,1
UID-a2860603,2026-03-13 04:42:00,+886-903-885-084,"假投資,資金盤",15,4490641,碩博士,1
UID-26400fed,2026-03-12 18:11:00,+886-905-970-130,"一般客訴,服務態度",1,0,50-69 中高齡,0
UID-07c222e4,2026-03-12 16:49:00,+886-901-435-045,"網路購物詐騙,假賣場",204,10960,大專院校,1
UID-1d5ecda0,2026-03-12 15:08:00,+886-901-751-031,"網路購物詐騙,解除分期付款",177,2857,學生,1
UID-04f2b3f8,2026-03-13 03:06:00,+886-904-586-040,"網路交友,要求儲值,點數卡",23,99959,學生,1
UID-e9303101,2026-03-13 01:53:00,+886-901-485-044,"幽靈包裹,超商取貨",819,32477,大專院校,1
UID-4f2f0967,2026-03-12 21:55:00,+886-905-244-274,"交易糾紛,商品瑕疵",2,500,大專院校,0
UID-f965b6b9,2026-03-12 12:24:00,+886-902-100-727,"假員警,偵查不公開",1,6874000,50-69 中高齡,1
UID-7c0df230,2026-03-13 04:00:00,+886-901-820-022,"網路購物詐騙,解除分期付款",2057,24485,學生,1
UID-1e3235f8,2026-03-12 17:02:00,+886-901-167-013,"幽靈包裹,超商取貨",289,11507,上班族,1
UID-fcbbc981,2026-03-12 22:11:00,+886-901-252-012,"網路購物詐騙,解除分期付款",359,32362,上班族,1
UID-c1c87102,2026-03-12 16:53:00,+886-905-121-595,"交易糾紛,商品瑕疵",1,0,上班族,0
UID-cd67914a,2026-03-12 21:11:00,+886-903-884-068,"假投資,內線交易,VIP通道",12,970540,50-69 中高齡,1
UID-2597346b,2026-03-12 13:49:00,+886-903-881-098,"假投資,保證獲利",6,271666,碩博士,1
UID-93e02ab6,2026-03-13 02:29:00,+886-905-997-371,"債務不履行,退款延遲",2,0,50-69 中高齡,0
UID-e82a1b35,2026-03-12 19:22:00,+886-903-888-093,"假投資,虛擬貨幣,高報酬",17,1976347,碩博士,1
UID-3fb30f29,2026-03-12 17:12:00,+886-904-497-008,"網路交友,要求儲值,點數卡",5,134831,學生,1
UID-2283f76e,2026-03-12 19:05:00,+886-903-886-001,"假投資,內線交易,VIP通道",17,1440688,上班族,1
UID-d6065332,2026-03-13 01:39:00,+886-905-215-789,"一般客訴,服務態度",2,0,高中職以下,0
UID-1e75d719,2026-03-13 06:13:00,+886-901-889-035,"網路購物詐騙,解除分期付款",196,13578,上班族,1
UID-a353541b,2026-03-12 20:03:00,+886-903-882-076,"假投資,資金盤",12,2428979,碩博士,1
UID-50e93c4d,2026-03-12 20:59:00,+886-903-884-074,"假投資,保證獲利",12,1760429,碩博士,1
UID-b162c379,2026-03-12 23:52:00,+886-905-881-165,"一般客訴,服務態度",1,15000,50-69 中高齡,0
UID-a2315678,2026-03-12 15:10:00,+886-903-882-083,"假投資,內線交易,VIP通道",16,1705488,上班族,1
UID-02257298,2026-03-12 09:39:00,+886-903-886-094,"假投資,虛擬貨幣,高報酬",19,2836169,碩博士,1
UID-216c87e2,2026-03-12 23:19:00,+886-901-934-036,"網路購物詐騙,假賣場",212,2895,學生,1
UID-99d89d48,2026-03-13 04:25:00,+886-901-953-019,"幽靈包裹,超商取貨",158,10145,上班族,1
UID-31995f50,2026-03-12 12:00:00,+886-902-129-442,"假扣押財產,面交黃金白銀",2,1176540,70+ 長者,1
UID-bfb03413,2026-03-13 02:23:00,+886-901-650-040,"幽靈包裹,超商取貨",242,18122,大專院校,1
UID-5a2aed6d,2026-03-12 12:12:00,+886-903-882-015,"假投資,虛擬貨幣,高報酬",11,3097361,上班族,1
UID-ee5de438,2026-03-12 12:53:00,+886-905-583-925,"交易糾紛,商品瑕疵",1,3000,大專院校,0
UID-8b40ba62,2026-03-12 09:06:00,+886-999-999-999,"機器人測試,惡意灌水",9046,0,未知,0
UID-1fbd7fc7,2026-03-12 20:41:00,+886-903-882-029,"假投資,虛擬貨幣,高報酬",13,4916513,上班族,1
UID-16ae297a,2026-03-12 18:57:00,+886-905-554-109,"交易糾紛,商品瑕疵",2,0,碩博士,0
UID-ba91f9bf,2026-03-13 05:38:00,+886-901-420-015,"網路購物詐騙,ATM操作",527,26883,大專院校,1
UID-3b15fd60,2026-03-12 21:42:00,+886-905-849-512,"交易糾紛,商品瑕疵",2,15000,學生,0
UID-dcd971ca,2026-03-12 09:46:00,+886-903-881-022,"假投資,保證獲利",14,1836608,50-69 中高齡,1
UID-3869dc6f,2026-03-12 21:19:00,+886-905-912-885,"一般客訴,服務態度",1,3000,學生,0
UID-77377cd1,2026-03-12 21:52:00,+886-901-467-033,"網路購物詐騙,假賣場",936,3897,學生,1
UID-d5d86509,2026-03-12 21:44:00,+886-901-996-035,"網路購物詐騙,假賣場",159,8820,學生,1
UID-ac66b1b8,2026-03-12 18:37:00,+886-905-431-922,"一般客訴,服務態度",1,500,大專院校,0
UID-6fa6567a,2026-03-12 17:37:00,+886-903-886-048,"假投資,保證獲利",16,3745700,大專院校,1
UID-c0ba547b,2026-03-12 10:25:00,+886-903-887-006,"假投資,保證獲利",9,4195381,50-69 中高齡,1
UID-72b691c4,2026-03-12 17:51:00,+886-903-884-081,"假投資,內線交易,VIP通道",17,4583124,大專院校,1
UID-0c9bcfce,2026-03-13 05:32:00,+886-904-830-011,"網路交友,AI濾鏡假冒",17,103166,學生,1
UID-33deb24f,2026-03-12 19:34:00,+886-905-250-523,"正常投資諮詢,理財規劃",2,15000,上班族,0
UID-52910ce3,2026-03-12 16:35:00,+886-905-178-553,"司法文書送達,正常公務",2,15000,大專院校,0
UID-2af69808,2026-03-12 17:06:00,+886-904-196-066,"Threads廣告,假兼職",9,115982,大專院校,1
UID-21b7c5df,2026-03-13 03:12:00,+886-903-885-072,"假投資,保證獲利",20,4525215,50-69 中高齡,1
UID-d3ef32c1,2026-03-13 08:14:00,+886-905-903-522,"交易糾紛,商品瑕疵",2,15000,高中職以下,0
UID-2a84655a,2026-03-13 03:07:00,+886-903-888-042,"假投資,保證獲利",17,4406091,上班族,1
UID-5d4fd770,2026-03-12 09:34:00,+886-902-104-912,"假檢警,監管帳戶",2,5195849,50-69 中高齡,1
UID-fee4aa5f,2026-03-12 09:58:00,+886-905-164-369,"交易糾紛,商品瑕疵",2,15000,碩博士,0
UID-7bf96247,2026-03-12 09:35:00,+886-904-104-056,"網路交友,要求儲值,點數卡",20,90713,大專院校,1
UID-096d17b9,2026-03-13 05:11:00,+886-905-396-275,"債務不履行,退款延遲",2,500,50-69 中高齡,0
UID-9053cab6,2026-03-12 21:34:00,+886-905-391-234,"正常投資諮詢,理財規劃",1,500,50-69 中高齡,0
UID-0aa5fab1,2026-03-12 09:51:00,+886-905-177-931,"交易糾紛,商品瑕疵",1,3000,學生,0
UID-19e43ede,2026-03-13 06:35:00,+886-901-372-026,"網路購物詐騙,ATM操作",453,31449,大專院校,1
UID-ac9c165c,2026-03-12 09:04:00,+886-999-999-999,"機器人測試,惡意灌水",14408,0,未知,0
UID-5e9f1c01,2026-03-12 17:25:00,+886-903-881-007,"假投資,保證獲利",8,3482367,碩博士,1
UID-10473ab6,2026-03-13 06:33:00,+886-903-886-029,"假投資,內線交易,VIP通道",8,2848109,50-69 中高齡,1
UID-ffe3c794,2026-03-12 20:38:00,+886-905-735-978,"債務不履行,退款延遲",1,0,上班族,0
UID-04c0b67e,2026-03-13 02:46:00,+886-905-238-333,"一般客訴,服務態度",1,15000,50-69 中高齡,0
UID-91fc38cb,2026-03-12 16:21:00,+886-902-189-426,"假員警,偵查不公開",1,4116945,50-69 中高齡,1
UID-e1cbd56d,2026-03-12 18:10:00,+886-902-154-886,"假員警,偵查不公開",2,2745854,70+ 長者,1
UID-ea3f308b,2026-03-13 08:08:00,+886-904-754-046,"網路交友,要求儲值,點數卡",14,111119,碩博士,1
UID-647e7259,2026-03-13 08:27:00,+886-905-605-346,"司法文書送達,正常公務",1,15000,50-69 中高齡,0
UID-04a3eff0,2026-03-12 22:49:00,+886-901-865-035,"網路購物詐騙,ATM操作",282,19226,大專院校,1
UID-e11cb86a,2026-03-12 12:47:00,+886-905-109-984,"交易糾紛,商品瑕疵",2,15000,學生,0
UID-76f0d0fe,2026-03-13 00:26:00,+886-904-120-083,"Threads廣告,假兼職",9,637,上班族,1
UID-f60e81a1,2026-03-13 08:28:00,+886-905-266-807,"司法文書送達,正常公務",1,3000,大專院校,0
UID-7f729eb8,2026-03-13 05:16:00,+886-901-295-043,"幽靈包裹,超商取貨",169,27963,學生,1
UID-bff367da,2026-03-12 16:08:00,+886-903-885-086,"假投資,虛擬貨幣,高報酬",20,4489010,碩博士,1
UID-99aa49ff,2026-03-12 15:29:00,+886-903-886-012,"假投資,內線交易,VIP通道",15,694778,50-69 中高齡,1
UID-1defe694,2026-03-12 15:32:00,+886-903-884-065,"假投資,虛擬貨幣,高報酬",16,462229,碩博士,1
UID-0c8eca00,2026-03-12 19:07:00,+886-905-112-459,"一般客訴,服務態度",2,0,高中職以下,0
UID-a5e5f639,2026-03-12 20:32:00,+886-905-826-729,"正常投資諮詢,理財規劃",2,0,碩博士,0
UID-3473c12e,2026-03-12 12:55:00,+886-903-888-035,"假投資,資金盤",12,2162070,上班族,1
UID-4c39825b,2026-03-13 00:43:00,+886-903-880-076,"假投資,保證獲利",13,4104819,碩博士,1
UID-835ed8d9,2026-03-12 16:13:00,+886-903-882-007,"假投資,資金盤",7,2502862,碩博士,1
UID-ffa6643e,2026-03-12 23:53:00,+886-902-195-839,"假檢警,監管帳戶",3,7649457,70+ 長者,1
UID-4ba8bf43,2026-03-12 19:47:00,+886-903-886-009,"假投資,虛擬貨幣,高報酬",10,1061530,50-69 中高齡,1
UID-9df42a85,2026-03-12 11:08:00,+886-904-215-084,"殺豬盤,平台無法出金",19,82669,上班族,1
UID-738944f2,2026-03-13 06:07:00,+886-905-138-686,"一般客訴,服務態度",1,500,70+ 長者,0
UID-7a9e161b,2026-03-13 00:46:00,+886-901-896-001,"網路購物詐騙,解除分期付款",380,35681,學生,1
UID-f1ea6250,2026-03-12 13:53:00,+886-905-656-139,"債務不履行,退款延遲",1,0,70+ 長者,0
UID-d3244f8a,2026-03-13 05:20:00,+886-903-888-099,"假投資,資金盤",8,1142428,碩博士,1
UID-6d02bbc9,2026-03-12 20:14:00,+886-904-509-092,"網路交友,AI濾鏡假冒",17,26484,上班族,1
UID-8239ce05,2026-03-13 05:38:00,+886-903-882-098,"假投資,虛擬貨幣,高報酬",14,2009772,上班族,1
UID-0751e095,2026-03-12 09:03:00,+886-999-999-999,"機器人測試,惡意灌水",12210,0,未知,0
UID-ec85068c,2026-03-12 13:03:00,+886-902-122-544,"假檢警,監管帳戶",2,2899938,70+ 長者,1
UID-89211617,2026-03-12 09:05:00,+886-902-169-536,"假員警,偵查不公開",3,6062166,70+ 長者,1
UID-014931ce,2026-03-13 04:41:00,+886-903-889-054,"假投資,資金盤",15,4924528,上班族,1
UID-197d8c77,2026-03-13 06:38:00,+886-905-631-259,"一般客訴,服務態度",2,3000,70+ 長者,0
UID-7157e831,2026-03-12 11:16:00,+886-902-120-410,"假冒郵局,普發現金冒領",1,698656,70+ 長者,1
UID-accfc465,2026-03-12 22:01:00,+886-904-683-052,"網路交友,要求儲值,點數卡",12,90130,大專院校,1
UID-66ff418d,2026-03-12 19:06:00,+886-903-886-088,"假投資,虛擬貨幣,高報酬",12,3994886,碩博士,1
UID-430444fc,2026-03-13 03:04:00,+886-904-103-025,"網路交友,AI濾鏡假冒",5,88032,碩博士,1
UID-7f851443,2026-03-12 12:30:00,+886-905-488-867,"司法文書送達,正常公務",1,500,學生,0
UID-cb82fd77,2026-03-13 00:57:00,+886-902-149-688,"假員警,偵查不公開",2,4209823,70+ 長者,1
UID-78f36705,2026-03-12 11:12:00,+886-903-880-036,"假投資,資金盤",11,990263,50-69 中高齡,1
UID-4ae0bfc3,2026-03-12 18:04:00,+886-902-135-793,"假檢警,監管帳戶",1,7624842,70+ 長者,1
UID-4d52c254,2026-03-13 05:41:00,+886-903-881-051,"假投資,資金盤",16,953939,碩博士,1
UID-05c83076,2026-03-12 14:05:00,+886-905-524-367,"司法文書送達,正常公務",1,500,高中職以下,0
UID-68208854,2026-03-12 19:54:00,+886-904-356-070,"網路交友,要求儲值,點數卡",18,126069,碩博士,1
UID-47a59830,2026-03-13 01:23:00,+886-904-767-076,"殺豬盤,平台無法出金",26,39191,碩博士,1
UID-916d6159,2026-03-13 02:35:00,+886-904-551-065,"網路交友,要求儲值,點數卡",5,141131,大專院校,1
UID-8b7754e6,2026-03-12 09:22:00,+886-901-420-042,"網路購物詐騙,假賣場",242,8515,大專院校,1
UID-1b955519,2026-03-12 20:08:00,+886-905-515-369,"交易糾紛,商品瑕疵",2,0,碩博士,0
UID-4aa7a4f2,2026-03-13 08:15:00,+886-903-882-002,"假投資,資金盤",11,3552948,碩博士,1
UID-4a1e1971,2026-03-12 17:54:00,+886-903-882-019,"假投資,資金盤",5,1887113,上班族,1
UID-29b17c46,2026-03-12 22:05:00,+886-905-579-694,"交易糾紛,商品瑕疵",2,500,學生,0
UID-4ce72844,2026-03-12 16:05:00,+886-901-204-018,"網路購物詐騙,假賣場",160,14176,學生,1
UID-773348a5,2026-03-12 22:26:00,+886-902-117-125,"假檢警,監管帳戶",3,6373658,70+ 長者,1
UID-1f371bdf,2026-03-12 10:14:00,+886-901-115-008,"幽靈包裹,超商取貨",187,7913,高中職以下,1
UID-ec3987c0,2026-03-12 15:26:00,+886-901-536-008,"網路購物詐騙,解除分期付款",44592,34563,學生,1
UID-9fa3bb70,2026-03-13 07:35:00,+886-904-231-010,"網路交友,AI濾鏡假冒",18,93969,上班族,1
UID-3cb96d5e,2026-03-12 14:36:00,+886-905-464-735,"交易糾紛,商品瑕疵",1,15000,碩博士,0
UID-66c520bc,2026-03-12 14:58:00,+886-903-884-004,"假投資,保證獲利",16,1574428,50-69 中高齡,1
UID-e209164f,2026-03-12 20:11:00,+886-905-239-778,"正常投資諮詢,理財規劃",2,0,高中職以下,0
UID-66f096bf,2026-03-12 20:31:00,+886-903-888-028,"假投資,資金盤",6,1935451,上班族,1
UID-9b5916c3,2026-03-12 19:19:00,+886-901-682-045,"網路購物詐騙,解除分期付款",151,36123,大專院校,1
UID-a0d886b2,2026-03-13 06:38:00,+886-902-119-662,"假冒郵局,普發現金冒領",2,932159,50-69 中高齡,1
UID-2342e45c,2026-03-12 14:39:00,+886-901-805-041,"網路購物詐騙,ATM操作",274,13675,大專院校,1
UID-07564bae,2026-03-12 11:36:00,+886-904-572-088,"網路交友,AI濾鏡假冒",7,148809,碩博士,1
UID-680b473b,2026-03-12 15:45:00,+886-903-882-006,"假投資,虛擬貨幣,高報酬",18,4518088,上班族,1
UID-2968b3f7,2026-03-12 21:45:00,+886-901-982-044,"網路購物詐騙,ATM操作",191,37766,大專院校,1
UID-c54ad4e6,2026-03-12 18:39:00,+886-905-776-309,"一般客訴,服務態度",1,3000,碩博士,0
UID-d5de673d,2026-03-13 03:21:00,+886-901-638-011,"幽靈包裹,超商取貨",158,32329,學生,1
UID-7d3fbfd9,2026-03-12 11:21:00,+886-904-828-008,"Threads廣告,假兼職",3,66456,大專院校,1
UID-f4680b2c,2026-03-12 13:59:00,+886-905-278-964,"正常投資諮詢,理財規劃",1,15000,上班族,0
UID-6d20e27f,2026-03-13 05:48:00,+886-902-148-915,"假扣押財產,面交黃金白銀",3,7886129,70+ 長者,1
UID-2ba3fb06,2026-03-12 10:30:00,+886-905-582-264,"一般客訴,服務態度",1,500,70+ 長者,0
UID-42d547a6,2026-03-12 13:39:00,+886-901-397-014,"網路購物詐騙,假賣場",442,7876,學生,1
UID-473111fd,2026-03-12 13:58:00,+886-905-467-446,"交易糾紛,商品瑕疵",2,0,高中職以下,0
UID-25a17887,2026-03-12 23:47:00,+886-904-250-005,"網路交友,AI濾鏡假冒",7,48825,大專院校,1
UID-2f325eed,2026-03-13 06:22:00,+886-902-157-745,"假檢警,監管帳戶",2,1477248,50-69 中高齡,1
UID-56c87df0,2026-03-13 02:51:00,+886-904-743-042,"網路交友,AI濾鏡假冒",27,95061,碩博士,1
UID-32a7ecd2,2026-03-13 00:18:00,+886-903-885-098,"假投資,保證獲利",8,4568047,碩博士,1
UID-97d4c355,2026-03-12 15:21:00,+886-903-888-095,"假投資,虛擬貨幣,高報酬",7,3691426,碩博士,1
UID-8866dbc1,2026-03-13 08:05:00,+886-903-882-057,"假投資,內線交易,VIP通道",5,3759008,上班族,1
UID-6f0f9a3e,2026-03-12 11:10:00,+886-905-722-822,"債務不履行,退款延遲",1,0,大專院校,0
UID-fefc26a0,2026-03-12 23:09:00,+886-905-377-343,"債務不履行,退款延遲",1,0,70+ 長者,0
UID-b05a14a8,2026-03-12 17:05:00,+886-905-149-377,"司法文書送達,正常公務",2,15000,70+ 長者,0
UID-f281a5ae,2026-03-12 14:41:00,+886-903-882-019,"假投資,虛擬貨幣,高報酬",20,4318757,大專院校,1
UID-65c67155,2026-03-13 03:13:00,+886-905-531-853,"正常投資諮詢,理財規劃",2,0,50-69 中高齡,0
UID-60c0d21e,2026-03-12 18:11:00,+886-904-707-015,"網路交友,要求儲值,點數卡",13,2310,大專院校,1
UID-1d6366fb,2026-03-12 12:17:00,+886-901-835-024,"網路購物詐騙,假賣場",154,33570,大專院校,1
UID-83e2cae3,2026-03-13 08:47:00,+886-903-880-065,"假投資,保證獲利",6,1340367,上班族,1
UID-015be167,2026-03-12 18:28:00,+886-904-952-062,"網路交友,要求儲值,點數卡",3,33313,上班族,1
UID-006f53cc,2026-03-12 18:32:00,+886-904-677-098,"網路交友,要求儲值,點數卡",21,4189,上班族,1
UID-3bccae0c,2026-03-12 20:21:00,+886-903-883-053,"假投資,保證獲利",20,2916788,上班族,1
UID-43594fbc,2026-03-13 05:40:00,+886-901-229-023,"網路購物詐騙,解除分期付款",156,12334,高中職以下,1
UID-f6694657,2026-03-12 10:17:00,+886-902-118-327,"假冒郵局,普發現金冒領",3,3966570,70+ 長者,1
UID-0538954c,2026-03-13 07:16:00,+886-905-850-106,"債務不履行,退款延遲",2,15000,70+ 長者,0
UID-06e01e05,2026-03-13 06:24:00,+886-905-644-105,"正常投資諮詢,理財規劃",1,0,上班族,0
UID-6e5bf131,2026-03-12 11:54:00,+886-904-347-074,"網路交友,要求儲值,點數卡",24,118212,學生,1
UID-6a941ec7,2026-03-12 09:42:00,+886-904-907-062,"網路交友,要求儲值,點數卡",28,6206,學生,1
UID-2d0e4c42,2026-03-13 01:56:00,+886-905-845-450,"債務不履行,退款延遲",2,3000,50-69 中高齡,0
UID-07afae10,2026-03-13 02:11:00,+886-903-881-047,"假投資,資金盤",12,1490724,50-69 中高齡,1
UID-d539617f,2026-03-13 00:32:00,+886-901-235-022,"幽靈包裹,超商取貨",161,21475,上班族,1
UID-93d75e33,2026-03-13 05:29:00,+886-902-185-514,"假檢警,監管帳戶",1,7546571,70+ 長者,1
UID-2ff2087e,2026-03-12 18:03:00,+886-905-478-590,"債務不履行,退款延遲",1,3000,上班族,0
UID-fd79e663,2026-03-13 08:11:00,+886-905-160-612,"一般客訴,服務態度",2,0,70+ 長者,0
UID-a0c162aa,2026-03-12 17:32:00,+886-905-263-233,"司法文書送達,正常公務",1,15000,50-69 中高齡,0
UID-e61636e4,2026-03-12 10:20:00,+886-903-886-009,"假投資,資金盤",11,2660001,大專院校,1
UID-76928da5,2026-03-12 10:35:00,+886-905-328-264,"正常投資諮詢,理財規劃",1,0,大專院校,0
UID-0331c4b3,2026-03-12 09:04:00,+886-999-999-999,"機器人測試,惡意灌水",9859,0,未知,0
UID-2431039f,2026-03-12 14:40:00,+886-905-852-415,"債務不履行,退款延遲",2,500,學生,0
UID-a8f99e5e,2026-03-12 19:19:00,+886-905-942-550,"債務不履行,退款延遲",1,3000,70+ 長者,0
UID-0653c335,2026-03-13 08:34:00,+886-903-885-094,"假投資,虛擬貨幣,高報酬",18,2255542,50-69 中高齡,1
UID-b40d5300,2026-03-12 19:08:00,+886-905-781-252,"交易糾紛,商品瑕疵",1,500,70+ 長者,0
UID-d9a59888,2026-03-13 07:46:00,+886-905-188-734,"交易糾紛,商品瑕疵",1,500,高中職以下,0
UID-6d3cf878,2026-03-12 18:49:00,+886-901-366-014,"幽靈包裹,超商取貨",287,28818,高中職以下,1
UID-d8e0c70d,2026-03-13 07:29:00,+886-902-164-290,"假員警,偵查不公開",3,1611456,50-69 中高齡,1
UID-c0728d92,2026-03-12 18:40:00,+886-902-151-311,"假員警,偵查不公開",1,5098128,50-69 中高齡,1
UID-ef039616,2026-03-13 05:54:00,+886-905-591-228,"正常投資諮詢,理財規劃",1,0,學生,0
UID-8fead537,2026-03-13 04:11:00,+886-901-735-045,"網路購物詐騙,假賣場",156,20627,上班族,1
UID-c81cf0c0,2026-03-12 23:24:00,+886-905-628-757,"司法文書送達,正常公務",1,3000,50-69 中高齡,0
UID-61f235a1,2026-03-12 12:29:00,+886-905-732-594,"正常投資諮詢,理財規劃",2,15000,碩博士,0
UID-ac257322,2026-03-12 13:40:00,+886-902-146-395,"假冒郵局,普發現金冒領",1,4112110,70+ 長者,1
UID-3ebead25,2026-03-13 02:57:00,+886-905-559-796,"交易糾紛,商品瑕疵",1,0,高中職以下,0
UID-4c4ca40d,2026-03-12 10:36:00,+886-901-217-045,"網路購物詐騙,假賣場",224,9258,大專院校,1
UID-b00fa14c,2026-03-12 09:27:00,+886-904-920-087,"網路交友,AI濾鏡假冒",14,78128,上班族,1
UID-86e85caf,2026-03-12 18:11:00,+886-903-883-053,"假投資,保證獲利",12,2163505,碩博士,1
UID-921e5010,2026-03-12 12:01:00,+886-905-889-395,"司法文書送達,正常公務",1,3000,學生,0
UID-d26bea90,2026-03-12 16:14:00,+886-903-886-028,"假投資,保證獲利",7,4270666,碩博士,1
UID-75bb6c31,2026-03-13 00:08:00,+886-905-622-625,"司法文書送達,正常公務",2,3000,碩博士,0
UID-f5524145,2026-03-13 06:30:00,+886-905-226-437,"正常投資諮詢,理財規劃",1,3000,大專院校,0
UID-754998d4,2026-03-12 19:32:00,+886-901-720-049,"幽靈包裹,超商取貨",185,19570,大專院校,1
UID-bbab884b,2026-03-12 18:59:00,+886-905-154-329,"一般客訴,服務態度",2,500,70+ 長者,0
UID-ac5b7e3e,2026-03-12 15:51:00,+886-905-437-558,"一般客訴,服務態度",2,15000,學生,0
UID-7b5a21c2,2026-03-13 07:47:00,+886-905-697-602,"正常投資諮詢,理財規劃",1,3000,碩博士,0
UID-99bcce79,2026-03-12 18:37:00,+886-904-876-096,"Threads廣告,假兼職",25,107898,碩博士,1
UID-ec17a256,2026-03-12 10:01:00,+886-904-634-062,"Threads廣告,假兼職",21,66930,碩博士,1
UID-acd01338,2026-03-12 17:53:00,+886-905-959-319,"司法文書送達,正常公務",2,3000,上班族,0
UID-de6a13a6,2026-03-12 16:26:00,+886-904-269-070,"Threads廣告,假兼職",17,1155,大專院校,1
UID-0682773e,2026-03-12 21:21:00,+886-904-250-049,"殺豬盤,平台無法出金",10,6951,大專院校,1
UID-abad0ee6,2026-03-12 17:26:00,+886-905-854-539,"一般客訴,服務態度",2,3000,上班族,0
UID-f46061ce,2026-03-12 09:35:00,+886-905-409-847,"正常投資諮詢,理財規劃",1,15000,70+ 長者,0
UID-c0157bd9,2026-03-12 20:03:00,+886-902-160-786,"假檢警,監管帳戶",1,2099879,70+ 長者,1
UID-26685dac,2026-03-12 18:15:00,+886-903-887-056,"假投資,資金盤",7,1610735,大專院校,1
UID-515375f8,2026-03-12 16:53:00,+886-904-665-009,"網路交友,AI濾鏡假冒",10,98289,學生,1
UID-253ef667,2026-03-12 22:09:00,+886-903-889-050,"假投資,虛擬貨幣,高報酬",7,3243202,50-69 中高齡,1
UID-6ed9fd9a,2026-03-13 07:32:00,+886-905-123-937,"交易糾紛,商品瑕疵",2,500,50-69 中高齡,0
UID-d9742b32,2026-03-12 18:34:00,+886-903-880-008,"假投資,內線交易,VIP通道",16,4489420,碩博士,1
UID-60900ed8,2026-03-13 02:36:00,+886-901-683-031,"網路購物詐騙,解除分期付款",668,7703,大專院校,1
UID-2f47ed5f,2026-03-12 17:08:00,+886-903-881-078,"假投資,內線交易,VIP通道",16,2048132,上班族,1
UID-6fa7db90,2026-03-13 00:51:00,+886-905-567-169,"交易糾紛,商品瑕疵",1,0,高中職以下,0
UID-89c4461f,2026-03-13 06:37:00,+886-901-970-003,"網路購物詐騙,假賣場",384,24585,大專院校,1
UID-ea7d8d3c,2026-03-12 20:24:00,+886-905-906-121,"司法文書送達,正常公務",2,3000,碩博士,0
UID-40bca1a1,2026-03-12 13:10:00,+886-904-347-008,"Threads廣告,假兼職",7,95921,碩博士,1
UID-7f2eaa08,2026-03-12 17:45:00,+886-903-880-093,"假投資,保證獲利",7,166889,上班族,1
UID-20441029,2026-03-12 09:02:00,+886-901-447-044,"幽靈包裹,超商取貨",157,10052,學生,1
UID-c89bfe92,2026-03-13 08:39:00,+886-902-158-121,"假員警,偵查不公開",3,896244,碩博士,1
UID-acebbff4,2026-03-13 05:24:00,+886-903-887-025,"假投資,資金盤",9,4824391,碩博士,1
UID-7f1aa43a,2026-03-12 23:54:00,+886-903-881-028,"假投資,虛擬貨幣,高報酬",7,2942239,上班族,1
UID-db13c9f2,2026-03-12 11:20:00,+886-901-290-002,"網路購物詐騙,假賣場",292,38399,學生,1
UID-c50d5033,2026-03-12 17:14:00,+886-901-680-027,"幽靈包裹,超商取貨",154,5980,學生,1
UID-e13d4c86,2026-03-13 03:33:00,+886-905-797-153,"一般客訴,服務態度",2,0,學生,0
UID-85832454,2026-03-12 09:13:00,+886-904-878-064,"網路交友,AI濾鏡假冒",8,134157,大專院校,1
UID-b45ea9a8,2026-03-12 15:01:00,+886-901-633-027,"網路購物詐騙,ATM操作",246,28130,大專院校,1
UID-8f80654f,2026-03-13 05:07:00,+886-903-888-042,"假投資,內線交易,VIP通道",19,1724850,碩博士,1
UID-eb2a955d,2026-03-12 18:40:00,+886-905-724-681,"一般客訴,服務態度",1,15000,上班族,0
UID-7800ade6,2026-03-13 05:35:00,+886-905-836-403,"司法文書送達,正常公務",2,500,70+ 長者,0
UID-33dfb401,2026-03-12 13:30:00,+886-901-990-037,"網路購物詐騙,解除分期付款",154,7880,學生,1
UID-a97e019c,2026-03-13 00:20:00,+886-905-994-194,"正常投資諮詢,理財規劃",1,500,大專院校,0
UID-cf75735f,2026-03-13 08:55:00,+886-901-851-010,"網路購物詐騙,假賣場",164,4186,上班族,1
UID-51a78694,2026-03-12 23:07:00,+886-905-423-836,"司法文書送達,正常公務",1,15000,大專院校,0
UID-16fa081d,2026-03-12 22:59:00,+886-905-561-308,"債務不履行,退款延遲",2,500,碩博士,0
UID-0d910825,2026-03-13 05:08:00,+886-902-137-805,"假扣押財產,面交黃金白銀",1,4807888,70+ 長者,1
UID-a46acb8e,2026-03-12 11:16:00,+886-905-183-708,"債務不履行,退款延遲",1,500,學生,0
UID-04450507,2026-03-13 04:02:00,+886-902-164-793,"假扣押財產,面交黃金白銀",1,5046533,70+ 長者,1
UID-beda4a75,2026-03-13 07:36:00,+886-903-887-088,"假投資,保證獲利",5,248154,上班族,1
UID-c15cf2b8,2026-03-12 20:04:00,+886-902-107-749,"假員警,偵查不公開",1,4947468,70+ 長者,1
UID-7bfe5c1c,2026-03-12 12:03:00,+886-905-114-769,"一般客訴,服務態度",2,3000,上班族,0
UID-19874e98,2026-03-13 07:31:00,+886-904-531-099,"網路交友,AI濾鏡假冒",11,65779,碩博士,1
UID-54680b2f,2026-03-13 01:37:00,+886-905-414-190,"正常投資諮詢,理財規劃",2,500,大專院校,0
UID-f8efe3b8,2026-03-12 12:53:00,+886-903-880-078,"假投資,虛擬貨幣,高報酬",8,2046042,50-69 中高齡,1
UID-8f7e2cc0,2026-03-12 17:09:00,+886-905-296-188,"正常投資諮詢,理財規劃",1,15000,上班族,0
UID-59e5651c,2026-03-12 12:22:00,+886-903-887-034,"假投資,資金盤",12,2853897,上班族,1
UID-bca8bfde,2026-03-12 18:45:00,+886-901-760-020,"網路購物詐騙,解除分期付款",251,18212,上班族,1
UID-6ccf8c27,2026-03-12 19:36:00,+886-903-887-083,"假投資,內線交易,VIP通道",10,1847228,50-69 中高齡,1
UID-1e53dd14,2026-03-12 23:34:00,+886-905-540-420,"債務不履行,退款延遲",1,15000,上班族,0
UID-c7e0dda2,2026-03-13 05:00:00,+886-903-883-014,"假投資,保證獲利",13,3163866,碩博士,1
UID-4d28970e,2026-03-12 13:32:00,+886-905-763-474,"一般客訴,服務態度",2,500,50-69 中高齡,0
UID-f3781192,2026-03-12 23:19:00,+886-901-687-050,"網路購物詐騙,假賣場",208,19440,學生,1
UID-b96af153,2026-03-12 16:52:00,+886-905-963-594,"一般客訴,服務態度",1,0,50-69 中高齡,0
UID-c05cee7b,2026-03-13 00:25:00,+886-901-872-008,"網路購物詐騙,假賣場",325,27334,學生,1
UID-a1e1c3ea,2026-03-12 15:14:00,+886-903-880-026,"假投資,虛擬貨幣,高報酬",7,3672426,上班族,1
UID-e4408703,2026-03-12 11:07:00,+886-904-464-045,"網路交友,要求儲值,點數卡",30,123941,上班族,1
UID-5ab31282,2026-03-13 08:37:00,+886-902-140-133,"假檢警,監管帳戶",3,5841918,70+ 長者,1
UID-33715377,2026-03-12 13:07:00,+886-901-924-001,"網路購物詐騙,解除分期付款",163,16225,學生,1
UID-a574edd0,2026-03-13 00:15:00,+886-904-858-011,"Threads廣告,假兼職",18,16416,學生,1
UID-b1d74a59,2026-03-12 15:56:00,+886-905-688-700,"司法文書送達,正常公務",1,15000,大專院校,0
UID-ffb4ac2a,2026-03-12 19:14:00,+886-903-881-054,"假投資,資金盤",19,3314045,50-69 中高齡,1
UID-b251a1bb,2026-03-12 11:09:00,+886-904-881-094,"網路交友,AI濾鏡假冒",10,36332,大專院校,1
UID-696f020b,2026-03-12 20:28:00,+886-905-445-127,"一般客訴,服務態度",2,500,大專院校,0
UID-ebcd5a2f,2026-03-12 15:15:00,+886-904-238-013,"網路交友,要求儲值,點數卡",20,43087,碩博士,1
UID-2b6bcc51,2026-03-12 16:58:00,+886-905-736-669,"債務不履行,退款延遲",1,500,碩博士,0
UID-12eaebc4,2026-03-13 02:32:00,+886-902-161-585,"假員警,偵查不公開",3,4965213,50-69 中高齡,1
UID-ca38511f,2026-03-12 13:35:00,+886-903-888-003,"假投資,資金盤",8,4815734,碩博士,1
UID-afde78c8,2026-03-13 05:50:00,+886-903-889-080,"假投資,保證獲利",18,2854946,碩博士,1
UID-889bba15,2026-03-12 11:47:00,+886-903-882-035,"假投資,虛擬貨幣,高報酬",17,2190776,碩博士,1
UID-065c083b,2026-03-12 19:55:00,+886-901-489-028,"網路購物詐騙,假賣場",168,19690,高中職以下,1
UID-d6dcf263,2026-03-12 19:44:00,+886-903-883-074,"假投資,內線交易,VIP通道",12,1335442,碩博士,1
UID-3d823f8f,2026-03-13 00:34:00,+886-905-825-845,"正常投資諮詢,理財規劃",2,500,50-69 中高齡,0
UID-21981014,2026-03-13 01:30:00,+886-902-168-738,"假員警,偵查不公開",3,521571,70+ 長者,1
UID-e2b58c3b,2026-03-12 17:18:00,+886-903-886-024,"假投資,資金盤",5,2989636,碩博士,1
UID-3f107f75,2026-03-12 19:24:00,+886-901-275-048,"網路購物詐騙,ATM操作",2196,9470,高中職以下,1
UID-8b705618,2026-03-12 18:43:00,+886-902-180-835,"假冒郵局,普發現金冒領",3,7661354,70+ 長者,1
UID-14693454,2026-03-12 14:18:00,+886-901-437-036,"網路購物詐騙,假賣場",168,29331,高中職以下,1
UID-a8cd6054,2026-03-12 09:01:00,+886-903-889-006,"假投資,保證獲利",7,4302254,碩博士,1
UID-d927ce58,2026-03-12 13:57:00,+886-902-125-818,"假員警,偵查不公開",1,4227183,50-69 中高齡,1
UID-4840dfd4,2026-03-13 03:03:00,+886-905-607-563,"正常投資諮詢,理財規劃",2,3000,碩博士,0
UID-797f666b,2026-03-12 21:50:00,+886-905-175-486,"司法文書送達,正常公務",2,0,大專院校,0
UID-fce03548,2026-03-12 18:50:00,+886-904-358-086,"殺豬盤,平台無法出金",16,46728,學生,1
UID-426a2d55,2026-03-12 16:03:00,+886-905-988-206,"正常投資諮詢,理財規劃",2,0,高中職以下,0
UID-a030cfcd,2026-03-13 06:06:00,+886-904-665-076,"網路交友,要求儲值,點數卡",20,53851,學生,1
UID-7c376008,2026-03-12 11:02:00,+886-902-111-780,"假冒郵局,普發現金冒領",3,3936157,50-69 中高齡,1
UID-30d3d47f,2026-03-13 01:51:00,+886-902-101-903,"假冒郵局,普發現金冒領",2,3652464,50-69 中高齡,1
UID-7c7d71f5,2026-03-13 05:53:00,+886-902-188-734,"假扣押財產,面交黃金白銀",3,5597331,50-69 中高齡,1
UID-500ff707,2026-03-12 19:47:00,+886-905-365-153,"司法文書送達,正常公務",1,15000,上班族,0
UID-086daa4c,2026-03-13 04:34:00,+886-905-743-164,"司法文書送達,正常公務",2,0,50-69 中高齡,0
UID-11b3087d,2026-03-12 20:22:00,+886-903-880-003,"假投資,保證獲利",17,201571,大專院校,1
UID-793cd430,2026-03-12 13:00:00,+886-905-489-564,"司法文書送達,正常公務",1,0,高中職以下,0
UID-bc00f21b,2026-03-13 00:24:00,+886-902-137-954,"假檢警,監管帳戶",1,720145,70+ 長者,1
UID-694e1bd8,2026-03-12 13:18:00,+886-902-178-972,"假檢警,監管帳戶",1,2800116,碩博士,1
UID-42814211,2026-03-12 17:53:00,+886-902-185-590,"假扣押財產,面交黃金白銀",1,5407766,70+ 長者,1
UID-32b4f448,2026-03-12 23:05:00,+886-903-888-043,"假投資,虛擬貨幣,高報酬",17,936198,碩博士,1
UID-de6fbff3,2026-03-13 01:46:00,+886-905-635-566,"一般客訴,服務態度",2,500,50-69 中高齡,0
UID-13d2234b,2026-03-12 13:19:00,+886-902-148-965,"假員警,偵查不公開",1,1509420,70+ 長者,1
UID-682ac669,2026-03-13 01:34:00,+886-905-619-610,"司法文書送達,正常公務",1,3000,高中職以下,0
UID-30c43758,2026-03-13 08:21:00,+886-903-881-077,"假投資,虛擬貨幣,高報酬",20,1977546,碩博士,1
UID-8817fadc,2026-03-13 02:06:00,+886-903-888-023,"假投資,內線交易,VIP通道",12,2498323,上班族,1
UID-0113c701,2026-03-13 00:54:00,+886-901-652-033,"幽靈包裹,超商取貨",182,2172,大專院校,1
UID-f14698d9,2026-03-12 09:31:00,+886-904-479-037,"Threads廣告,假兼職",29,78065,上班族,1
UID-2c5773ba,2026-03-12 14:47:00,+886-904-104-055,"網路交友,AI濾鏡假冒",8,137145,大專院校,1
UID-40b9ffc3,2026-03-12 11:43:00,+886-903-884-078,"假投資,虛擬貨幣,高報酬",8,1921998,碩博士,1
UID-42800c38,2026-03-12 22:22:00,+886-905-785-626,"一般客訴,服務態度",1,15000,大專院校,0
UID-122569a5,2026-03-12 23:25:00,+886-904-657-026,"Threads廣告,假兼職",3,76818,碩博士,1
UID-c8632d07,2026-03-13 06:21:00,+886-903-888-071,"假投資,內線交易,VIP通道",15,3911340,碩博士,1
UID-f954a7d1,2026-03-12 23:35:00,+886-903-880-056,"假投資,資金盤",7,1046904,50-69 中高齡,1
UID-564b132c,2026-03-12 20:48:00,+886-904-644-057,"殺豬盤,平台無法出金",21,93846,學生,1
UID-52267644,2026-03-13 00:48:00,+886-901-964-035,"網路購物詐騙,假賣場",329,37690,高中職以下,1
UID-d0ae387b,2026-03-13 08:41:00,+886-904-149-022,"網路交友,AI濾鏡假冒",6,106644,學生,1
UID-90c09b90,2026-03-12 14:46:00,+886-905-266-385,"司法文書送達,正常公務",2,15000,50-69 中高齡,0
UID-dd94537e,2026-03-13 04:07:00,+886-901-689-009,"網路購物詐騙,解除分期付款",191,15754,學生,1
UID-7be8ae12,2026-03-12 19:08:00,+886-905-447-441,"債務不履行,退款延遲",2,15000,上班族,0
UID-1c119f54,2026-03-12 20:35:00,+886-902-115-434,"假檢警,監管帳戶",2,4335611,70+ 長者,1
UID-d0dfb04b,2026-03-12 09:14:00,+886-902-185-113,"假員警,偵查不公開",2,1100541,70+ 長者,1
UID-8af615ea,2026-03-13 05:39:00,+886-904-703-072,"殺豬盤,平台無法出金",12,143684,大專院校,1
UID-8e6b4da0,2026-03-13 07:24:00,+886-903-885-034,"假投資,虛擬貨幣,高報酬",20,4133186,碩博士,1
UID-d3b806d5,2026-03-13 04:21:00,+886-904-211-002,"網路交友,要求儲值,點數卡",28,93993,大專院校,1
UID-8bfe1490,2026-03-12 09:08:00,+886-999-999-999,"機器人測試,惡意灌水",13694,0,未知,0
UID-15aafa87,2026-03-13 03:40:00,+886-904-748-088,"殺豬盤,平台無法出金",23,10582,大專院校,1
UID-5cc230e6,2026-03-12 23:23:00,+886-905-797-488,"債務不履行,退款延遲",2,500,70+ 長者,0
UID-aad76af8,2026-03-12 22:54:00,+886-903-882-073,"假投資,內線交易,VIP通道",18,4954654,碩博士,1
UID-458773e6,2026-03-13 01:42:00,+886-905-615-830,"債務不履行,退款延遲",1,0,70+ 長者,0
UID-069d0cd6,2026-03-13 08:29:00,+886-901-440-011,"網路購物詐騙,ATM操作",179,20213,高中職以下,1
UID-3d5ed485,2026-03-12 18:32:00,+886-901-580-038,"網路購物詐騙,解除分期付款",269,41694,高中職以下,1
UID-d0bb86c9,2026-03-13 06:08:00,+886-905-513-488,"一般客訴,服務態度",2,15000,大專院校,0
UID-10e8c428,2026-03-13 03:52:00,+886-903-884-031,"假投資,虛擬貨幣,高報酬",19,1345716,上班族,1
UID-fde85c96,2026-03-12 10:44:00,+886-904-747-056,"網路交友,要求儲值,點數卡",17,43561,學生,1
UID-1488f0dd,2026-03-12 23:56:00,+886-904-531-063,"網路交友,要求儲值,點數卡",18,63167,大專院校,1
UID-ff46f042,2026-03-12 20:18:00,+886-902-182-186,"假員警,偵查不公開",3,1394061,50-69 中高齡,1
UID-bd1257a9,2026-03-12 16:53:00,+886-903-886-077,"假投資,虛擬貨幣,高報酬",5,3998754,上班族,1
UID-f3b94982,2026-03-12 22:00:00,+886-905-915-750,"交易糾紛,商品瑕疵",2,3000,碩博士,0
UID-b0d90b6e,2026-03-12 20:16:00,+886-904-115-037,"網路交友,要求儲值,點數卡",2,23334,學生,1
UID-25e1aa6d,2026-03-12 23:33:00,+886-904-711-043,"網路交友,要求儲值,點數卡",2,54392,學生,1
UID-78992b81,2026-03-13 01:30:00,+886-902-198-818,"假冒郵局,普發現金冒領",2,4781296,碩博士,1
UID-d7b6847e,2026-03-12 22:08:00,+886-903-889-069,"假投資,虛擬貨幣,高報酬",15,2564020,碩博士,1
UID-8c07de74,2026-03-13 03:36:00,+886-904-620-060,"殺豬盤,平台無法出金",22,89501,學生,1
UID-8977f9f8,2026-03-13 03:57:00,+886-905-551-809,"一般客訴,服務態度",1,15000,50-69 中高齡,0
UID-8d6e3929,2026-03-13 02:45:00,+886-903-889-024,"假投資,保證獲利",12,2110759,上班族,1
UID-d6e5a657,2026-03-13 01:01:00,+886-901-882-026,"網路購物詐騙,假賣場",271,37619,上班族,1
UID-2eef7d23,2026-03-13 08:59:00,+886-905-304-226,"債務不履行,退款延遲",1,500,高中職以下,0
UID-2d7cde9c,2026-03-12 13:08:00,+886-904-541-084,"網路交友,要求儲值,點數卡",11,72528,大專院校,1
UID-103e5284,2026-03-13 05:42:00,+886-902-196-598,"假扣押財產,面交黃金白銀",1,3736222,70+ 長者,1
UID-4cd4cd6a,2026-03-12 22:35:00,+886-903-885-093,"假投資,內線交易,VIP通道",19,2865789,碩博士,1
UID-0f93fc40,2026-03-13 07:36:00,+886-903-888-067,"假投資,虛擬貨幣,高報酬",12,1976695,碩博士,1
UID-73af33b8,2026-03-13 02:10:00,+886-901-925-016,"網路購物詐騙,假賣場",169,20688,學生,1
UID-291c885e,2026-03-12 21:05:00,+886-905-528-909,"正常投資諮詢,理財規劃",1,3000,大專院校,0
UID-38c168eb,2026-03-12 19:32:00,+886-905-959-335,"交易糾紛,商品瑕疵",1,3000,70+ 長者,0
UID-730804d3,2026-03-12 17:36:00,+886-902-179-724,"假冒郵局,普發現金冒領",2,2212640,50-69 中高齡,1
UID-ae31f42e,2026-03-12 14:56:00,+886-905-853-687,"債務不履行,退款延遲",2,3000,上班族,0
UID-3678385b,2026-03-12 23:41:00,+886-902-109-164,"假冒郵局,普發現金冒領",3,1067252,70+ 長者,1
UID-b08fdd8b,2026-03-12 16:34:00,+886-901-493-044,"網路購物詐騙,假賣場",156,12642,大專院校,1
UID-e6bb5774,2026-03-12 11:06:00,+886-901-775-024,"幽靈包裹,超商取貨",330,37335,大專院校,1
UID-85f25e4b,2026-03-12 11:56:00,+886-903-888-093,"假投資,保證獲利",6,4234303,上班族,1
UID-f11b97a0,2026-03-12 14:44:00,+886-903-884-023,"假投資,虛擬貨幣,高報酬",16,122220,50-69 中高齡,1
UID-e8d72565,2026-03-12 17:35:00,+886-902-195-551,"假檢警,監管帳戶",2,5457876,70+ 長者,1
UID-4f80caea,2026-03-12 14:40:00,+886-902-145-827,"假員警,偵查不公開",1,6167270,70+ 長者,1
UID-3940a702,2026-03-13 06:17:00,+886-903-885-096,"假投資,內線交易,VIP通道",12,2307294,50-69 中高齡,1
UID-cd6fa342,2026-03-12 11:49:00,+886-903-888-065,"假投資,資金盤",7,3010342,碩博士,1
UID-deed81ea,2026-03-13 05:15:00,+886-903-885-095,"假投資,虛擬貨幣,高報酬",14,4404415,碩博士,1
UID-23230a21,2026-03-12 20:01:00,+886-901-705-001,"網路購物詐騙,假賣場",151,43748,大專院校,1
UID-8786a0a9,2026-03-13 02:11:00,+886-902-197-226,"假冒郵局,普發現金冒領",2,6123308,70+ 長者,1
UID-69df8485,2026-03-12 13:11:00,+886-903-885-013,"假投資,資金盤",10,2741075,大專院校,1
UID-b3b1d80a,2026-03-12 15:02:00,+886-905-341-520,"交易糾紛,商品瑕疵",1,0,碩博士,0
UID-bc450e45,2026-03-13 03:05:00,+886-903-889-074,"假投資,內線交易,VIP通道",18,2556932,大專院校,1
UID-e23eb951,2026-03-12 09:40:00,+886-902-157-102,"假冒郵局,普發現金冒領",2,1621574,50-69 中高齡,1
UID-fb26e947,2026-03-13 05:38:00,+886-903-880-083,"假投資,資金盤",17,2673507,50-69 中高齡,1
UID-8356862d,2026-03-12 23:12:00,+886-905-359-395,"債務不履行,退款延遲",2,3000,大專院校,0
UID-fd763c1c,2026-03-12 09:01:00,+886-905-196-774,"司法文書送達,正常公務",1,500,大專院校,0
UID-f84889eb,2026-03-12 10:35:00,+886-901-157-044,"網路購物詐騙,ATM操作",196,17572,高中職以下,1
UID-9983ad8b,2026-03-12 10:09:00,+886-901-225-022,"網路購物詐騙,假賣場",206,39452,高中職以下,1
UID-cc640854,2026-03-12 09:28:00,+886-905-146-634,"正常投資諮詢,理財規劃",2,0,50-69 中高齡,0
UID-ca92bf6e,2026-03-12 20:03:00,+886-904-633-042,"Threads廣告,假兼職",9,61432,碩博士,1
UID-554e9a16,2026-03-12 18:41:00,+886-901-470-042,"網路購物詐騙,假賣場",151,9349,上班族,1
UID-08fb9741,2026-03-12 18:01:00,+886-905-769-333,"正常投資諮詢,理財規劃",2,500,50-69 中高齡,0
UID-d340856f,2026-03-13 08:48:00,+886-902-143-374,"假扣押財產,面交黃金白銀",1,3541525,70+ 長者,1
UID-bf473544,2026-03-12 14:56:00,+886-902-198-781,"假員警,偵查不公開",3,3389958,70+ 長者,1
UID-895faf1b,2026-03-12 22:31:00,+886-905-695-245,"正常投資諮詢,理財規劃",2,0,大專院校,0
UID-1238cb70,2026-03-13 02:22:00,+886-904-703-077,"殺豬盤,平台無法出金",15,85462,大專院校,1
UID-d351f651,2026-03-13 04:50:00,+886-903-888-024,"假投資,內線交易,VIP通道",8,2962681,上班族,1
UID-76152d89,2026-03-12 19:54:00,+886-905-193-447,"交易糾紛,商品瑕疵",1,15000,上班族,0
UID-bd198c1f,2026-03-12 17:53:00,+886-902-198-337,"假扣押財產,面交黃金白銀",1,4536988,70+ 長者,1
UID-4ec07c7e,2026-03-12 21:01:00,+886-905-471-311,"一般客訴,服務態度",1,15000,50-69 中高齡,0
UID-c57c8f7b,2026-03-13 05:19:00,+886-901-492-038,"網路購物詐騙,解除分期付款",376,38007,高中職以下,1
UID-0b74e80f,2026-03-12 15:27:00,+886-903-886-029,"假投資,資金盤",12,4952259,上班族,1
UID-86de5849,2026-03-12 15:28:00,+886-902-154-760,"假冒郵局,普發現金冒領",1,7169104,70+ 長者,1
UID-eb4688fb,2026-03-12 15:59:00,+886-903-881-057,"假投資,資金盤",17,4095370,碩博士,1
UID-1e445398,2026-03-12 09:01:00,+886-903-884-072,"假投資,內線交易,VIP通道",12,4007884,50-69 中高齡,1
UID-fd318fbb,2026-03-12 16:12:00,+886-901-460-021,"網路購物詐騙,ATM操作",161,13689,學生,1
UID-296e09c6,2026-03-13 00:29:00,+886-904-721-052,"網路交友,AI濾鏡假冒",9,144945,學生,1
UID-b93ea315,2026-03-12 19:22:00,+886-904-114-031,"殺豬盤,平台無法出金",5,4384,學生,1
UID-0c2a33ba,2026-03-13 05:05:00,+886-904-883-054,"Threads廣告,假兼職",11,146459,碩博士,1
UID-de71456b,2026-03-12 09:04:00,+886-999-999-999,"機器人測試,惡意灌水",8581,0,未知,0
UID-67d334f2,2026-03-12 12:49:00,+886-903-887-022,"假投資,內線交易,VIP通道",9,3825064,50-69 中高齡,1
UID-b7cdc8d0,2026-03-12 14:36:00,+886-904-813-078,"殺豬盤,平台無法出金",29,100444,學生,1
UID-08b60548,2026-03-13 00:30:00,+886-902-129-453,"假冒郵局,普發現金冒領",1,1701639,70+ 長者,1
UID-364938f8,2026-03-12 20:32:00,+886-901-472-033,"幽靈包裹,超商取貨",151,43310,上班族,1
UID-15eb1969,2026-03-12 18:06:00,+886-903-882-046,"假投資,資金盤",5,954993,大專院校,1
UID-7d70eb56,2026-03-12 22:12:00,+886-903-881-055,"假投資,內線交易,VIP通道",15,1989118,碩博士,1
UID-1204eebb,2026-03-12 14:37:00,+886-903-883-012,"假投資,保證獲利",18,1657531,50-69 中高齡,1
UID-d57929c8,2026-03-13 03:34:00,+886-905-136-794,"債務不履行,退款延遲",1,0,70+ 長者,0
UID-d5f31290,2026-03-12 17:17:00,+886-905-627-264,"債務不履行,退款延遲",2,500,學生,0
UID-220fafcf,2026-03-12 10:55:00,+886-902-139-737,"假冒郵局,普發現金冒領",1,935447,70+ 長者,1
UID-4c27d1fd,2026-03-12 19:54:00,+886-902-170-272,"假冒郵局,普發現金冒領",3,1944361,70+ 長者,1
UID-ddbfc925,2026-03-12 14:55:00,+886-905-856-538,"一般客訴,服務態度",2,500,70+ 長者,0
UID-5963372d,2026-03-12 12:13:00,+886-905-698-942,"司法文書送達,正常公務",1,500,上班族,0
UID-bd1d0893,2026-03-12 18:29:00,+886-905-263-930,"正常投資諮詢,理財規劃",1,0,碩博士,0
UID-c1bed094,2026-03-13 08:08:00,+886-905-260-454,"債務不履行,退款延遲",2,500,50-69 中高齡,0
UID-3359f267,2026-03-12 21:39:00,+886-905-233-395,"一般客訴,服務態度",1,15000,高中職以下,0
UID-cf10c3ac,2026-03-13 02:40:00,+886-903-884-053,"假投資,虛擬貨幣,高報酬",6,1678047,上班族,1
UID-03550d33,2026-03-12 22:29:00,+886-902-135-298,"假扣押財產,面交黃金白銀",1,3331188,70+ 長者,1
UID-2c3f4227,2026-03-13 07:25:00,+886-904-692-045,"殺豬盤,平台無法出金",14,53039,碩博士,1
UID-60e1f95a,2026-03-13 03:26:00,+886-902-182-477,"假員警,偵查不公開",2,4946608,70+ 長者,1
UID-f485f51d,2026-03-12 10:50:00,+886-904-251-063,"網路交友,AI濾鏡假冒",21,48780,學生,1
UID-5c1d7afb,2026-03-13 04:04:00,+886-901-752-006,"幽靈包裹,超商取貨",210,44467,上班族,1
UID-2989b487,2026-03-12 15:51:00,+886-905-353-163,"司法文書送達,正常公務",2,0,碩博士,0
UID-77fd468a,2026-03-13 01:54:00,+886-904-819-064,"殺豬盤,平台無法出金",30,130719,碩博士,1
UID-4bdb11a1,2026-03-13 00:59:00,+886-901-431-014,"幽靈包裹,超商取貨",255,43660,上班族,1
UID-58debcca,2026-03-12 10:30:00,+886-902-172-337,"假冒郵局,普發現金冒領",1,2806661,70+ 長者,1
UID-5e2e2303,2026-03-13 03:04:00,+886-903-883-054,"假投資,虛擬貨幣,高報酬",16,1580697,上班族,1
UID-bfabad84,2026-03-12 14:53:00,+886-903-883-053,"假投資,虛擬貨幣,高報酬",9,4084576,碩博士,1
UID-8760c9e1,2026-03-12 18:19:00,+886-903-882-030,"假投資,資金盤",17,2877512,碩博士,1
UID-d21c3d09,2026-03-13 02:04:00,+886-904-190-023,"Threads廣告,假兼職",22,101119,學生,1
UID-ee7879b5,2026-03-12 21:26:00,+886-901-168-034,"網路購物詐騙,ATM操作",164,29093,大專院校,1
UID-fefb4dff,2026-03-12 21:19:00,+886-904-540-093,"Threads廣告,假兼職",27,108317,大專院校,1
UID-2e4bd444,2026-03-13 07:14:00,+886-903-881-098,"假投資,內線交易,VIP通道",19,630097,上班族,1
UID-2a3a6d8a,2026-03-13 02:53:00,+886-903-889-047,"假投資,內線交易,VIP通道",17,2842777,大專院校,1
UID-533d481c,2026-03-12 15:08:00,+886-905-516-141,"司法文書送達,正常公務",1,3000,上班族,0
UID-a43f3992,2026-03-12 11:35:00,+886-901-429-001,"網路購物詐騙,ATM操作",240,27558,學生,1
UID-7838d594,2026-03-13 08:11:00,+886-905-329-611,"一般客訴,服務態度",2,0,高中職以下,0
UID-a2c4496e,2026-03-12 17:43:00,+886-902-189-307,"假扣押財產,面交黃金白銀",3,5755823,50-69 中高齡,1
UID-4d76655e,2026-03-12 16:47:00,+886-905-891-835,"交易糾紛,商品瑕疵",1,0,高中職以下,0
UID-ca64619a,2026-03-12 23:23:00,+886-905-239-517,"交易糾紛,商品瑕疵",2,3000,上班族,0
UID-f9cc96cf,2026-03-13 02:18:00,+886-904-285-020,"網路交友,AI濾鏡假冒",28,19867,學生,1
UID-0abef85d,2026-03-12 11:12:00,+886-902-143-893,"假員警,偵查不公開",2,6755789,70+ 長者,1
UID-1c100616,2026-03-12 14:20:00,+886-903-889-078,"假投資,保證獲利",16,600128,碩博士,1
UID-84842d28,2026-03-13 06:30:00,+886-904-960-033,"網路交友,要求儲值,點數卡",22,113101,學生,1
UID-4af2aa94,2026-03-12 16:50:00,+886-903-881-077,"假投資,虛擬貨幣,高報酬",20,386674,碩博士,1
UID-ea9bdfb1,2026-03-12 14:26:00,+886-901-421-005,"網路購物詐騙,ATM操作",153,34797,大專院校,1
UID-936db0a1,2026-03-13 05:48:00,+886-904-357-018,"殺豬盤,平台無法出金",16,139364,上班族,1
UID-efffb7bf,2026-03-12 19:26:00,+886-903-883-062,"假投資,資金盤",7,156513,50-69 中高齡,1
UID-47ef7678,2026-03-13 03:42:00,+886-904-346-019,"殺豬盤,平台無法出金",27,4462,學生,1
UID-0bcada19,2026-03-13 06:50:00,+886-902-119-966,"假冒郵局,普發現金冒領",1,6826883,70+ 長者,1
UID-f1b65db0,2026-03-12 23:20:00,+886-903-880-005,"假投資,內線交易,VIP通道",20,1203967,碩博士,1
UID-dec8cc0e,2026-03-12 09:03:00,+886-999-999-999,"機器人測試,惡意灌水",9940,0,未知,0
UID-937d45e6,2026-03-12 19:58:00,+886-905-319-522,"交易糾紛,商品瑕疵",1,0,學生,0
UID-e6ce62a4,2026-03-12 22:17:00,+886-901-817-026,"網路購物詐騙,ATM操作",173,8329,高中職以下,1
UID-cf4f6bc0,2026-03-13 08:16:00,+886-905-681-927,"交易糾紛,商品瑕疵",2,3000,高中職以下,0
UID-19ac07a3,2026-03-12 19:21:00,+886-903-889-004,"假投資,虛擬貨幣,高報酬",15,1900166,碩博士,1
UID-50114dff,2026-03-13 00:05:00,+886-905-159-886,"債務不履行,退款延遲",1,3000,碩博士,0
UID-cbec01c2,2026-03-12 15:57:00,+886-905-532-520,"交易糾紛,商品瑕疵",1,15000,50-69 中高齡,0
UID-d024452b,2026-03-12 16:56:00,+886-902-193-259,"假員警,偵查不公開",2,6886021,碩博士,1
UID-225980ac,2026-03-13 03:10:00,+886-902-145-678,"假扣押財產,面交黃金白銀",3,4846522,碩博士,1
UID-37fa3980,2026-03-12 20:34:00,+886-903-883-064,"假投資,資金盤",9,4297147,大專院校,1
UID-236f082d,2026-03-12 12:57:00,+886-904-462-089,"Threads廣告,假兼職",30,21333,碩博士,1
UID-0f96d16e,2026-03-13 03:32:00,+886-905-393-809,"債務不履行,退款延遲",1,500,高中職以下,0
UID-9a304412,2026-03-13 07:53:00,+886-902-161-243,"假員警,偵查不公開",1,508585,70+ 長者,1
UID-49245aac,2026-03-12 10:24:00,+886-905-436-529,"債務不履行,退款延遲",1,0,高中職以下,0
UID-bb160403,2026-03-13 00:10:00,+886-901-620-032,"網路購物詐騙,解除分期付款",168,31328,大專院校,1
UID-77c66181,2026-03-12 23:54:00,+886-902-150-181,"假冒郵局,普發現金冒領",3,4300249,70+ 長者,1
UID-3e3deb2c,2026-03-13 07:49:00,+886-905-244-303,"司法文書送達,正常公務",2,500,碩博士,0
UID-9439ed62,2026-03-13 04:19:00,+886-901-815-029,"幽靈包裹,超商取貨",412,33855,學生,1
UID-c12b03c9,2026-03-13 00:51:00,+886-902-176-456,"假扣押財產,面交黃金白銀",1,6654212,70+ 長者,1
UID-460db65e,2026-03-13 04:25:00,+886-905-598-573,"司法文書送達,正常公務",1,15000,學生,0
UID-0f608710,2026-03-12 20:23:00,+886-904-783-010,"Threads廣告,假兼職",16,75210,大專院校,1
UID-a75ec01b,2026-03-13 05:41:00,+886-903-881-081,"假投資,虛擬貨幣,高報酬",14,4692975,上班族,1
UID-cbc788b9,2026-03-12 15:25:00,+886-904-345-076,"殺豬盤,平台無法出金",14,14693,學生,1
UID-461798d9,2026-03-12 12:29:00,+886-903-887-035,"假投資,保證獲利",15,3481167,碩博士,1
UID-339fa697,2026-03-12 18:45:00,+886-902-194-119,"假檢警,監管帳戶",3,1753663,70+ 長者,1
UID-a5a7d2ba,2026-03-12 17:30:00,+886-902-193-699,"假冒郵局,普發現金冒領",2,551406,70+ 長者,1
UID-794c8c0b,2026-03-13 07:16:00,+886-903-887-081,"假投資,內線交易,VIP通道",14,4866170,碩博士,1
UID-c5fb7b7e,2026-03-12 11:49:00,+886-904-803-069,"殺豬盤,平台無法出金",11,98103,碩博士,1
UID-bf7e4d07,2026-03-13 07:10:00,+886-903-884-001,"假投資,資金盤",15,702935,碩博士,1
UID-dd89fb86,2026-03-12 14:00:00,+886-904-316-078,"網路交友,AI濾鏡假冒",5,135571,上班族,1
UID-31a2beb1,2026-03-13 07:40:00,+886-903-883-022,"假投資,虛擬貨幣,高報酬",11,3646216,碩博士,1
UID-1f4414f4,2026-03-12 10:44:00,+886-902-162-278,"假冒郵局,普發現金冒領",2,2026001,70+ 長者,1
UID-e38a2655,2026-03-12 15:45:00,+886-901-401-040,"網路購物詐騙,ATM操作",189,8392,上班族,1
UID-7c624f23,2026-03-13 04:26:00,+886-901-335-034,"網路購物詐騙,假賣場",329,7639,學生,1
UID-7f142c78,2026-03-13 03:06:00,+886-905-389-703,"債務不履行,退款延遲",1,3000,50-69 中高齡,0
UID-34705c58,2026-03-12 17:48:00,+886-904-763-005,"殺豬盤,平台無法出金",15,79912,大專院校,1
UID-545fb27a,2026-03-13 01:02:00,+886-902-159-227,"假檢警,監管帳戶",1,2665814,70+ 長者,1
UID-4549cf5b,2026-03-13 08:19:00,+886-902-113-387,"假檢警,監管帳戶",1,2078513,50-69 中高齡,1
UID-f3b4c9e5,2026-03-12 14:00:00,+886-904-864-076,"殺豬盤,平台無法出金",16,91989,學生,1
UID-fe015f4e,2026-03-13 05:40:00,+886-905-504-673,"一般客訴,服務態度",1,15000,50-69 中高齡,0
UID-60b67f7b,2026-03-12 09:15:00,+886-902-165-269,"假員警,偵查不公開",3,6536439,70+ 長者,1
UID-ea9d2308,2026-03-12 13:19:00,+886-905-156-370,"司法文書送達,正常公務",1,15000,學生,0
UID-ed8f7539,2026-03-13 02:10:00,+886-902-165-639,"假扣押財產,面交黃金白銀",2,6545355,70+ 長者,1
UID-3eef0cb7,2026-03-12 17:08:00,+886-902-135-308,"假扣押財產,面交黃金白銀",1,3374221,50-69 中高齡,1
UID-03a52f55,2026-03-13 06:46:00,+886-901-582-009,"網路購物詐騙,解除分期付款",150,38938,高中職以下,1
UID-81ddbb13,2026-03-13 01:48:00,+886-901-113-022,"幽靈包裹,超商取貨",463,25645,高中職以下,1
UID-dcfdeeaf,2026-03-13 05:37:00,+886-901-868-019,"網路購物詐騙,解除分期付款",181,33367,大專院校,1
UID-c26798cb,2026-03-12 21:43:00,+886-903-887-048,"假投資,保證獲利",12,4152674,碩博士,1
UID-f7761b88,2026-03-12 17:04:00,+886-905-670-894,"一般客訴,服務態度",2,15000,高中職以下,0
UID-bf782c06,2026-03-12 13:10:00,+886-905-271-649,"交易糾紛,商品瑕疵",1,0,碩博士,0
UID-0ede41f1,2026-03-13 08:48:00,+886-901-975-001,"幽靈包裹,超商取貨",180,40481,學生,1
UID-dc97cd59,2026-03-13 01:08:00,+886-904-470-033,"Threads廣告,假兼職",22,41956,碩博士,1
UID-6741458a,2026-03-12 20:47:00,+886-905-253-898,"一般客訴,服務態度",1,0,上班族,0
UID-47a09fde,2026-03-12 17:42:00,+886-903-880-060,"假投資,保證獲利",16,3490305,上班族,1
UID-a2151f3c,2026-03-12 10:16:00,+886-905-137-940,"交易糾紛,商品瑕疵",2,500,大專院校,0
UID-920069f4,2026-03-12 12:58:00,+886-905-563-469,"交易糾紛,商品瑕疵",2,15000,50-69 中高齡,0
UID-bc09bded,2026-03-12 20:23:00,+886-905-269-442,"司法文書送達,正常公務",1,500,高中職以下,0
UID-80c9acc4,2026-03-12 09:45:00,+886-902-157-615,"假扣押財產,面交黃金白銀",1,1158432,70+ 長者,1
UID-fc87e1ab,2026-03-13 08:33:00,+886-904-281-050,"Threads廣告,假兼職",16,17869,大專院校,1
UID-549c5132,2026-03-12 17:23:00,+886-903-886-010,"假投資,資金盤",13,3477382,碩博士,1
UID-ecc2cc90,2026-03-12 14:47:00,+886-902-144-105,"假冒郵局,普發現金冒領",2,5993403,50-69 中高齡,1
UID-615788d7,2026-03-13 07:03:00,+886-902-111-529,"假員警,偵查不公開",1,949342,70+ 長者,1
UID-59e7bc82,2026-03-12 12:43:00,+886-905-197-705,"司法文書送達,正常公務",1,3000,高中職以下,0
UID-957088aa,2026-03-12 17:06:00,+886-902-120-786,"假檢警,監管帳戶",2,1400611,70+ 長者,1
UID-3c30b45e,2026-03-12 15:54:00,+886-905-516-375,"司法文書送達,正常公務",1,3000,70+ 長者,0
UID-2c19f227,2026-03-13 01:25:00,+886-905-869-584,"正常投資諮詢,理財規劃",1,15000,50-69 中高齡,0
UID-ea36c3ce,2026-03-12 17:49:00,+886-902-100-110,"假員警,偵查不公開",3,1947805,70+ 長者,1
UID-2be6cff8,2026-03-12 22:35:00,+886-903-885-069,"假投資,虛擬貨幣,高報酬",8,2788250,上班族,1
UID-965d5ab0,2026-03-13 02:59:00,+886-904-444-018,"網路交友,要求儲值,點數卡",12,5280,碩博士,1
UID-e8dd05bd,2026-03-12 10:08:00,+886-903-889-018,"假投資,資金盤",16,552767,大專院校,1
UID-fbf6e9d1,2026-03-13 02:31:00,+886-903-884-036,"假投資,資金盤",6,4265174,50-69 中高齡,1
UID-bc653a76,2026-03-12 09:39:00,+886-905-539-899,"正常投資諮詢,理財規劃",1,3000,50-69 中高齡,0
UID-a74485df,2026-03-13 01:37:00,+886-903-880-040,"假投資,資金盤",9,485079,50-69 中高齡,1
UID-2cf3f456,2026-03-12 11:44:00,+886-904-562-027,"殺豬盤,平台無法出金",2,115524,學生,1
UID-1af012d3,2026-03-12 13:58:00,+886-905-800-995,"正常投資諮詢,理財規劃",2,3000,高中職以下,0
UID-cb5dea12,2026-03-13 04:47:00,+886-901-520-030,"網路購物詐騙,解除分期付款",245,24186,學生,1
UID-49b3eec1,2026-03-12 09:01:00,+886-905-528-945,"正常投資諮詢,理財規劃",1,15000,50-69 中高齡,0
UID-b3994bc8,2026-03-12 15:47:00,+886-903-887-010,"假投資,資金盤",17,1913968,上班族,1
UID-b179f53b,2026-03-12 13:38:00,+886-903-883-047,"假投資,內線交易,VIP通道",20,844055,50-69 中高齡,1
UID-9a452260,2026-03-12 19:05:00,+886-901-238-029,"網路購物詐騙,ATM操作",276,19338,高中職以下,1
UID-4ace5171,2026-03-12 09:32:00,+886-901-544-012,"網路購物詐騙,ATM操作",672,2985,學生,1
UID-29195277,2026-03-12 16:41:00,+886-905-636-523,"交易糾紛,商品瑕疵",1,3000,上班族,0
UID-22775672,2026-03-12 15:23:00,+886-904-129-094,"殺豬盤,平台無法出金",30,80367,上班族,1
UID-a7086f92,2026-03-13 01:12:00,+886-903-886-006,"假投資,內線交易,VIP通道",9,1132773,碩博士,1
UID-abad2795,2026-03-13 00:19:00,+886-902-166-809,"假員警,偵查不公開",2,7640199,50-69 中高齡,1
UID-da30eb90,2026-03-13 08:34:00,+886-905-235-630,"正常投資諮詢,理財規劃",2,0,上班族,0
UID-cd0be851,2026-03-12 12:18:00,+886-902-194-656,"假扣押財產,面交黃金白銀",3,3561503,70+ 長者,1
UID-1d039848,2026-03-13 07:33:00,+886-905-461-800,"正常投資諮詢,理財規劃",1,15000,碩博士,0
UID-4304bbfa,2026-03-12 14:46:00,+886-904-368-063,"Threads廣告,假兼職",11,245,學生,1
UID-d50c63b4,2026-03-12 19:01:00,+886-905-233-599,"司法文書送達,正常公務",1,15000,上班族,0
UID-9c33c11a,2026-03-12 13:43:00,+886-904-746-054,"殺豬盤,平台無法出金",27,124922,學生,1
UID-e8efb690,2026-03-13 00:02:00,+886-904-171-055,"網路交友,AI濾鏡假冒",20,15877,大專院校,1
UID-341127d7,2026-03-12 09:28:00,+886-901-580-040,"網路購物詐騙,解除分期付款",176,25049,大專院校,1
UID-e0951890,2026-03-12 23:47:00,+886-903-889-055,"假投資,資金盤",9,2106726,碩博士,1
UID-5c9aeb59,2026-03-12 21:19:00,+886-903-887-041,"假投資,保證獲利",11,752008,大專院校,1
UID-3b935a13,2026-03-13 02:33:00,+886-905-918-831,"交易糾紛,商品瑕疵",2,0,高中職以下,0
UID-912030ad,2026-03-12 13:10:00,+886-903-886-087,"假投資,虛擬貨幣,高報酬",10,407178,碩博士,1
UID-20d7e327,2026-03-13 07:19:00,+886-902-192-646,"假員警,偵查不公開",1,7177931,50-69 中高齡,1
UID-6f287382,2026-03-12 23:58:00,+886-901-727-012,"網路購物詐騙,假賣場",178,13139,高中職以下,1
UID-79162f65,2026-03-12 11:13:00,+886-904-927-075,"網路交友,AI濾鏡假冒",14,23590,碩博士,1
UID-3827e3c5,2026-03-12 20:48:00,+886-902-139-179,"假冒郵局,普發現金冒領",3,2720954,70+ 長者,1
UID-0ffe0b0d,2026-03-12 16:00:00,+886-903-882-038,"假投資,保證獲利",20,922025,碩博士,1
UID-93fb4a52,2026-03-12 17:04:00,+886-901-383-016,"幽靈包裹,超商取貨",210,21893,大專院校,1
UID-a00a9252,2026-03-12 21:03:00,+886-904-326-031,"殺豬盤,平台無法出金",22,80097,大專院校,1
UID-afe221c8,2026-03-12 22:00:00,+886-905-851-648,"一般客訴,服務態度",1,3000,碩博士,0
UID-ed642382,2026-03-13 06:54:00,+886-901-450-013,"網路購物詐騙,解除分期付款",299,15456,學生,1
UID-1e5237bc,2026-03-12 23:54:00,+886-905-617-309,"一般客訴,服務態度",2,0,碩博士,0
UID-09cb90ec,2026-03-12 19:33:00,+886-901-987-039,"幽靈包裹,超商取貨",197,14288,上班族,1
UID-2efe4a74,2026-03-13 05:21:00,+886-905-280-526,"債務不履行,退款延遲",2,15000,70+ 長者,0
UID-e289c2a4,2026-03-13 06:14:00,+886-904-938-014,"殺豬盤,平台無法出金",26,37720,大專院校,1
UID-0521b497,2026-03-13 07:21:00,+886-903-883-068,"假投資,虛擬貨幣,高報酬",11,190456,上班族,1
UID-4e78c30b,2026-03-13 04:55:00,+886-903-889-077,"假投資,內線交易,VIP通道",17,1048320,上班族,1
UID-c93a18d6,2026-03-13 07:06:00,+886-902-181-304,"假冒郵局,普發現金冒領",3,546667,碩博士,1
UID-3c2b8bd6,2026-03-13 06:24:00,+886-904-650-008,"網路交友,要求儲值,點數卡",6,17572,大專院校,1
UID-dc4c0267,2026-03-12 16:23:00,+886-904-135-021,"殺豬盤,平台無法出金",24,53787,大專院校,1
UID-4eb6e592,2026-03-12 15:26:00,+886-902-200-205,"假冒郵局,普發現金冒領",3,724173,50-69 中高齡,1
UID-b429b161,2026-03-13 01:09:00,+886-905-754-315,"一般客訴,服務態度",2,0,上班族,0
UID-a4520733,2026-03-12 10:21:00,+886-903-885-080,"假投資,內線交易,VIP通道",8,1734783,50-69 中高齡,1
UID-aa3beaad,2026-03-13 06:20:00,+886-904-625-079,"網路交友,AI濾鏡假冒",25,87799,學生,1
UID-263a9ea5,2026-03-12 21:30:00,+886-903-885-028,"假投資,虛擬貨幣,高報酬",12,3506731,上班族,1
UID-f2fbae0f,2026-03-12 23:03:00,+886-905-672-487,"司法文書送達,正常公務",2,15000,大專院校,0
UID-18571003,2026-03-13 05:55:00,+886-905-441-563,"交易糾紛,商品瑕疵",1,500,碩博士,0
UID-c70ceac8,2026-03-12 16:47:00,+886-902-171-421,"假扣押財產,面交黃金白銀",3,5985753,70+ 長者,1
UID-37a0cf06,2026-03-12 18:13:00,+886-903-888-090,"假投資,資金盤",7,1326969,上班族,1
UID-7eef29c2,2026-03-12 16:16:00,+886-903-884-004,"假投資,資金盤",7,1352085,碩博士,1
UID-0975df77,2026-03-12 17:56:00,+886-905-668-774,"債務不履行,退款延遲",2,0,高中職以下,0
UID-a503365f,2026-03-12 22:10:00,+886-901-456-036,"幽靈包裹,超商取貨",183,33266,高中職以下,1
UID-3e207777,2026-03-12 23:20:00,+886-901-653-020,"網路購物詐騙,假賣場",182,32795,高中職以下,1
UID-d418e954,2026-03-13 05:31:00,+886-904-802-059,"網路交友,AI濾鏡假冒",26,116019,學生,1
UID-1e581c00,2026-03-12 16:32:00,+886-901-700-042,"網路購物詐騙,解除分期付款",154,21398,學生,1
UID-067aea6f,2026-03-12 23:36:00,+886-904-319-051,"網路交友,AI濾鏡假冒",28,111291,碩博士,1
UID-2d3974dd,2026-03-12 15:33:00,+886-905-602-541,"司法文書送達,正常公務",2,500,大專院校,0
UID-3bd9a72c,2026-03-12 13:49:00,+886-905-265-552,"一般客訴,服務態度",2,15000,上班族,0
UID-ebb82c41,2026-03-13 07:08:00,+886-901-244-023,"網路購物詐騙,ATM操作",174,28691,高中職以下,1
UID-0193bb50,2026-03-12 10:54:00,+886-903-889-094,"假投資,虛擬貨幣,高報酬",14,578445,碩博士,1
UID-50869c58,2026-03-12 10:14:00,+886-902-175-950,"假檢警,監管帳戶",3,2845268,50-69 中高齡,1
UID-98ecd3c6,2026-03-12 10:48:00,+886-903-885-063,"假投資,保證獲利",7,113351,上班族,1
UID-05f58f0d,2026-03-13 01:36:00,+886-902-162-353,"假冒郵局,普發現金冒領",3,907441,70+ 長者,1
UID-2c813962,2026-03-12 23:06:00,+886-904-851-067,"殺豬盤,平台無法出金",14,42888,學生,1
UID-9afb282a,2026-03-12 09:10:00,+886-999-999-999,"機器人測試,惡意灌水",9060,0,未知,0
UID-e0f5a8ec,2026-03-13 06:52:00,+886-903-885-043,"假投資,資金盤",9,2346863,上班族,1
UID-5c95d4ce,2026-03-12 22:38:00,+886-905-900-573,"一般客訴,服務態度",1,0,上班族,0
UID-c47d5311,2026-03-13 01:05:00,+886-905-231-851,"債務不履行,退款延遲",2,15000,上班族,0
UID-7fa29acd,2026-03-13 03:34:00,+886-905-890-748,"債務不履行,退款延遲",2,0,高中職以下,0
UID-5b789f23,2026-03-12 09:03:00,+886-999-999-999,"機器人測試,惡意灌水",13147,0,未知,0
UID-53e69c3c,2026-03-13 01:26:00,+886-902-118-368,"假冒郵局,普發現金冒領",1,2466730,碩博士,1
UID-822b4c12,2026-03-12 13:06:00,+886-901-929-044,"網路購物詐騙,ATM操作",197,42873,學生,1
UID-10e68470,2026-03-12 19:40:00,+886-902-125-196,"假檢警,監管帳戶",3,2969093,70+ 長者,1
UID-6c2af58f,2026-03-13 00:42:00,+886-905-313-337,"正常投資諮詢,理財規劃",1,0,碩博士,0
UID-42deeb89,2026-03-13 05:22:00,+886-902-106-187,"假檢警,監管帳戶",2,7814719,70+ 長者,1
UID-74e54a5b,2026-03-12 12:57:00,+886-901-307-020,"網路購物詐騙,解除分期付款",407,23644,大專院校,1
UID-381f233b,2026-03-13 08:01:00,+886-905-739-113,"正常投資諮詢,理財規劃",2,15000,學生,0
UID-673f0150,2026-03-13 02:20:00,+886-901-498-009,"幽靈包裹,超商取貨",613,6324,高中職以下,1
UID-2601e8aa,2026-03-12 23:20:00,+886-903-884-059,"假投資,保證獲利",15,4065179,上班族,1
UID-0ded150d,2026-03-13 03:26:00,+886-902-176-320,"假檢警,監管帳戶",3,4049358,70+ 長者,1
UID-5c13db52,2026-03-13 05:35:00,+886-901-795-025,"網路購物詐騙,假賣場",171,18151,高中職以下,1
UID-d30d0946,2026-03-12 09:25:00,+886-903-889-004,"假投資,虛擬貨幣,高報酬",14,1174135,50-69 中高齡,1
UID-91ab47d6,2026-03-12 15:08:00,+886-904-957-006,"Threads廣告,假兼職",14,117235,上班族,1
UID-4ad6a46c,2026-03-12 15:18:00,+886-903-888-001,"假投資,保證獲利",15,4068878,上班族,1
UID-95919866,2026-03-12 13:01:00,+886-904-872-091,"殺豬盤,平台無法出金",29,97629,上班族,1
UID-4c92ab29,2026-03-12 09:19:00,+886-903-889-024,"假投資,內線交易,VIP通道",17,1215356,碩博士,1
UID-38b41519,2026-03-12 21:43:00,+886-901-741-006,"網路購物詐騙,ATM操作",404,34083,大專院校,1
UID-d551eb0c,2026-03-12 23:31:00,+886-905-138-619,"司法文書送達,正常公務",1,0,高中職以下,0
UID-e151358a,2026-03-13 08:12:00,+886-904-581-070,"Threads廣告,假兼職",11,122640,碩博士,1
UID-f07ff8b5,2026-03-12 22:58:00,+886-903-880-006,"假投資,資金盤",9,3982570,上班族,1
UID-11d3762e,2026-03-12 13:50:00,+886-905-146-679,"司法文書送達,正常公務",1,500,高中職以下,0
UID-b77c006f,2026-03-12 21:32:00,+886-905-352-268,"債務不履行,退款延遲",2,3000,70+ 長者,0
UID-6dfe446b,2026-03-13 06:55:00,+886-902-105-881,"假扣押財產,面交黃金白銀",2,1537704,碩博士,1
UID-897eb68f,2026-03-12 11:15:00,+886-903-881-083,"假投資,虛擬貨幣,高報酬",17,4451153,大專院校,1
UID-4e36c920,2026-03-12 09:02:00,+886-999-999-999,"機器人測試,惡意灌水",12958,0,未知,0
UID-74cdfaa1,2026-03-12 23:13:00,+886-901-302-043,"網路購物詐騙,假賣場",158,8686,大專院校,1
UID-3a52d8b3,2026-03-12 15:58:00,+886-903-884-019,"假投資,虛擬貨幣,高報酬",14,3489277,上班族,1
UID-86877280,2026-03-13 02:48:00,+886-903-880-041,"假投資,內線交易,VIP通道",16,3577149,上班族,1
UID-e0a70bb2,2026-03-12 17:13:00,+886-904-390-083,"網路交友,要求儲值,點數卡",15,32436,學生,1
UID-c3c55a01,2026-03-13 02:54:00,+886-904-183-010,"網路交友,要求儲值,點數卡",11,143292,上班族,1
UID-389788b3,2026-03-12 23:43:00,+886-904-119-016,"網路交友,AI濾鏡假冒",6,103068,大專院校,1
UID-4c339753,2026-03-13 02:35:00,+886-905-335-307,"債務不履行,退款延遲",1,500,碩博士,0
UID-ba19e08d,2026-03-12 13:49:00,+886-903-884-051,"假投資,虛擬貨幣,高報酬",13,157804,大專院校,1
UID-161ed499,2026-03-12 22:56:00,+886-903-881-022,"假投資,虛擬貨幣,高報酬",8,4745572,50-69 中高齡,1
UID-1b860c8e,2026-03-13 03:19:00,+886-901-669-017,"網路購物詐騙,解除分期付款",184,16578,學生,1
UID-b8e0e0ad,2026-03-13 05:21:00,+886-905-276-439,"交易糾紛,商品瑕疵",1,500,學生,0
UID-0fde64b7,2026-03-13 03:57:00,+886-904-467-048,"網路交友,要求儲值,點數卡",29,104868,學生,1
UID-05976355,2026-03-13 08:46:00,+886-904-692-012,"網路交友,要求儲值,點數卡",26,24280,上班族,1
UID-76bd3260,2026-03-12 18:13:00,+886-905-793-920,"正常投資諮詢,理財規劃",2,3000,學生,0
UID-b9524104,2026-03-12 19:56:00,+886-905-179-185,"司法文書送達,正常公務",1,0,碩博士,0
UID-cd65c755,2026-03-13 04:34:00,+886-903-887-031,"假投資,保證獲利",7,310287,碩博士,1
UID-6b4acb25,2026-03-12 20:54:00,+886-902-147-282,"假檢警,監管帳戶",2,2799750,70+ 長者,1
UID-8a875f72,2026-03-12 20:12:00,+886-905-448-879,"交易糾紛,商品瑕疵",1,3000,高中職以下,0
UID-1b0b16a8,2026-03-13 05:10:00,+886-905-161-903,"債務不履行,退款延遲",1,3000,大專院校,0
UID-7605c120,2026-03-13 07:43:00,+886-902-128-798,"假檢警,監管帳戶",3,1326808,70+ 長者,1
UID-690a615d,2026-03-12 15:32:00,+886-902-167-426,"假檢警,監管帳戶",1,3431730,70+ 長者,1
UID-a97678f9,2026-03-12 13:09:00,+886-902-138-730,"假員警,偵查不公開",3,4027574,70+ 長者,1
UID-ee90ff17,2026-03-12 17:21:00,+886-904-440-013,"網路交友,AI濾鏡假冒",6,93001,學生,1
UID-fcfebfee,2026-03-12 10:05:00,+886-901-630-046,"網路購物詐騙,解除分期付款",187,14350,上班族,1
UID-1645cb38,2026-03-12 20:13:00,+886-904-824-099,"殺豬盤,平台無法出金",2,73081,上班族,1
UID-79a0eaee,2026-03-12 12:29:00,+886-901-373-022,"網路購物詐騙,假賣場",276,38351,大專院校,1
UID-35004345,2026-03-12 12:54:00,+886-904-943-081,"網路交友,要求儲值,點數卡",16,109508,上班族,1
UID-56434d8b,2026-03-13 02:32:00,+886-905-170-109,"司法文書送達,正常公務",2,500,上班族,0
UID-61a64076,2026-03-13 00:23:00,+886-903-883-012,"假投資,內線交易,VIP通道",16,2913810,50-69 中高齡,1
UID-650d053f,2026-03-12 21:23:00,+886-904-991-058,"殺豬盤,平台無法出金",27,147559,碩博士,1
UID-5cba0a58,2026-03-12 15:39:00,+886-904-844-034,"網路交友,AI濾鏡假冒",15,15259,上班族,1
UID-28e6bc43,2026-03-12 18:42:00,+886-903-886-033,"假投資,虛擬貨幣,高報酬",14,1800192,上班族,1
UID-0d7162e7,2026-03-12 13:21:00,+886-905-951-442,"交易糾紛,商品瑕疵",2,500,上班族,0
UID-ecbefcc3,2026-03-12 19:10:00,+886-905-279-709,"正常投資諮詢,理財規劃",2,500,高中職以下,0
UID-0cd45b7b,2026-03-12 18:44:00,+886-905-746-538,"司法文書送達,正常公務",2,0,學生,0
UID-e09b916f,2026-03-12 12:18:00,+886-903-885-095,"假投資,保證獲利",19,3958280,碩博士,1
UID-74a804a6,2026-03-12 10:17:00,+886-902-132-192,"假扣押財產,面交黃金白銀",1,2619631,70+ 長者,1
UID-7906ffaa,2026-03-13 01:36:00,+886-904-616-093,"殺豬盤,平台無法出金",24,61073,大專院校,1
UID-036a8c9a,2026-03-12 13:52:00,+886-904-460-010,"殺豬盤,平台無法出金",29,4515,大專院校,1
UID-bb7cdf97,2026-03-13 02:47:00,+886-904-611-038,"網路交友,AI濾鏡假冒",28,60055,碩博士,1
UID-c92bd584,2026-03-12 09:41:00,+886-903-885-063,"假投資,資金盤",6,2846365,上班族,1
UID-4d070456,2026-03-13 03:24:00,+886-901-363-048,"網路購物詐騙,ATM操作",164,21259,學生,1
UID-6e375e65,2026-03-13 06:06:00,+886-903-881-069,"假投資,資金盤",11,2213518,上班族,1
UID-85df03f8,2026-03-13 02:13:00,+886-903-881-064,"假投資,內線交易,VIP通道",5,4765534,碩博士,1
UID-e8d00b63,2026-03-13 05:32:00,+886-901-255-042,"幽靈包裹,超商取貨",203,27984,大專院校,1
UID-26efdf8b,2026-03-13 03:20:00,+886-905-482-695,"司法文書送達,正常公務",2,15000,高中職以下,0
UID-8316603b,2026-03-12 22:31:00,+886-904-435-004,"網路交友,AI濾鏡假冒",14,47203,學生,1
UID-fa659e49,2026-03-12 14:31:00,+886-903-885-038,"假投資,內線交易,VIP通道",12,2893107,碩博士,1
UID-ae5a9aa3,2026-03-13 07:03:00,+886-901-673-024,"網路購物詐騙,ATM操作",168,25110,高中職以下,1
UID-4fb8c458,2026-03-13 00:37:00,+886-903-887-045,"假投資,內線交易,VIP通道",15,4323619,碩博士,1
UID-1920fa3c,2026-03-12 13:08:00,+886-903-883-092,"假投資,內線交易,VIP通道",5,3862646,碩博士,1
UID-9765bde7,2026-03-12 22:37:00,+886-902-176-476,"假扣押財產,面交黃金白銀",2,7598687,50-69 中高齡,1
UID-0facecbd,2026-03-13 08:25:00,+886-903-886-036,"假投資,保證獲利",11,4453322,50-69 中高齡,1
UID-278fd5e0,2026-03-13 08:15:00,+886-905-940-764,"一般客訴,服務態度",2,3000,碩博士,0
UID-30c81fa7,2026-03-12 18:35:00,+886-903-880-054,"假投資,資金盤",7,1392392,上班族,1
UID-fb41d868,2026-03-12 21:52:00,+886-905-115-467,"司法文書送達,正常公務",1,500,學生,0
UID-0532459f,2026-03-13 01:51:00,+886-903-887-059,"假投資,保證獲利",11,3661377,大專院校,1
UID-9cc186c3,2026-03-13 07:12:00,+886-903-884-056,"假投資,資金盤",7,3527331,50-69 中高齡,1
UID-36e70811,2026-03-12 18:41:00,+886-902-180-535,"假檢警,監管帳戶",1,4570864,70+ 長者,1
UID-517d96a6,2026-03-12 22:22:00,+886-901-268-033,"幽靈包裹,超商取貨",173,19516,學生,1
UID-17db5a47,2026-03-12 09:43:00,+886-902-101-462,"假冒郵局,普發現金冒領",1,6044775,70+ 長者,1
UID-87983c4e,2026-03-12 09:49:00,+886-902-156-290,"假冒郵局,普發現金冒領",2,4911156,50-69 中高齡,1
UID-5552eade,2026-03-13 03:26:00,+886-903-881-009,"假投資,保證獲利",7,3814719,上班族,1
UID-e860294f,2026-03-13 03:21:00,+886-905-393-931,"正常投資諮詢,理財規劃",2,3000,高中職以下,0
UID-89b01d33,2026-03-12 12:45:00,+886-905-573-376,"司法文書送達,正常公務",1,0,50-69 中高齡,0
UID-50d05ca3,2026-03-12 09:13:00,+886-904-814-020,"網路交友,要求儲值,點數卡",11,3619,學生,1
UID-e5d63975,2026-03-13 05:37:00,+886-903-886-060,"假投資,資金盤",18,3298575,碩博士,1
UID-2349bc34,2026-03-12 17:07:00,+886-903-889-087,"假投資,保證獲利",12,2659142,上班族,1
UID-9d18e803,2026-03-13 00:32:00,+886-904-888-040,"網路交友,AI濾鏡假冒",7,24421,碩博士,1
UID-6bdc288a,2026-03-12 15:29:00,+886-905-393-553,"債務不履行,退款延遲",1,0,高中職以下,0
UID-a8023d5e,2026-03-13 06:54:00,+886-901-586-001,"網路購物詐騙,假賣場",248,5105,高中職以下,1
UID-c05ab89f,2026-03-12 19:52:00,+886-905-940-172,"一般客訴,服務態度",1,3000,70+ 長者,0
UID-1de9af8c,2026-03-12 12:20:00,+886-903-884-035,"假投資,虛擬貨幣,高報酬",19,3427098,50-69 中高齡,1
UID-90e85736,2026-03-13 07:28:00,+886-904-166-088,"Threads廣告,假兼職",2,85403,碩博士,1
UID-1fac9eb8,2026-03-13 06:18:00,+886-905-850-669,"正常投資諮詢,理財規劃",1,500,70+ 長者,0
UID-080deb45,2026-03-12 23:48:00,+886-902-175-245,"假扣押財產,面交黃金白銀",2,6879193,70+ 長者,1
UID-9a24c168,2026-03-12 12:51:00,+886-905-529-337,"一般客訴,服務態度",2,3000,學生,0
UID-791d0490,2026-03-12 14:54:00,+886-905-939-125,"司法文書送達,正常公務",1,500,50-69 中高齡,0
UID-c19e2c67,2026-03-13 05:42:00,+886-901-653-037,"網路購物詐騙,解除分期付款",500,21690,學生,1
UID-4351866a,2026-03-13 01:31:00,+886-901-615-018,"網路購物詐騙,解除分期付款",231,38573,學生,1
UID-5451046b,2026-03-12 22:55:00,+886-904-237-008,"網路交友,要求儲值,點數卡",29,130268,學生,1
UID-ca9a0cc6,2026-03-12 16:01:00,+886-905-505-651,"司法文書送達,正常公務",1,0,50-69 中高齡,0
UID-97fc59b9,2026-03-13 03:03:00,+886-903-887-008,"假投資,內線交易,VIP通道",19,2313873,碩博士,1
UID-05c3872a,2026-03-12 21:09:00,+886-905-710-171,"一般客訴,服務態度",2,15000,上班族,0
UID-a252b28e,2026-03-12 15:14:00,+886-901-376-032,"網路購物詐騙,ATM操作",206,38743,大專院校,1
UID-0036500d,2026-03-12 16:47:00,+886-905-990-299,"正常投資諮詢,理財規劃",2,15000,學生,0
UID-68d4b429,2026-03-13 00:13:00,+886-902-149-276,"假檢警,監管帳戶",2,5256230,70+ 長者,1
UID-4dbdcdf2,2026-03-13 02:13:00,+886-905-514-887,"正常投資諮詢,理財規劃",1,500,上班族,0
UID-1188fbcd,2026-03-13 04:17:00,+886-903-882-096,"假投資,資金盤",15,1549590,50-69 中高齡,1
UID-ec56bd1e,2026-03-12 13:15:00,+886-905-134-962,"一般客訴,服務態度",2,0,70+ 長者,0
UID-e28c3101,2026-03-13 04:43:00,+886-905-976-101,"債務不履行,退款延遲",1,0,上班族,0
UID-2281dc8b,2026-03-13 00:03:00,+886-902-181-380,"假扣押財產,面交黃金白銀",1,7164782,70+ 長者,1
UID-c85c4550,2026-03-12 10:57:00,+886-903-882-094,"假投資,內線交易,VIP通道",14,4560018,上班族,1
UID-d755d457,2026-03-13 02:57:00,+886-903-882-004,"假投資,虛擬貨幣,高報酬",20,2786628,上班族,1
UID-25e6aa9a,2026-03-13 00:18:00,+886-904-366-038,"網路交友,AI濾鏡假冒",23,9823,上班族,1
UID-0109c3f2,2026-03-13 08:37:00,+886-903-886-060,"假投資,資金盤",13,2255217,碩博士,1
UID-fcb1f3c6,2026-03-12 17:16:00,+886-905-139-370,"債務不履行,退款延遲",2,3000,學生,0
UID-2c11f470,2026-03-13 03:28:00,+886-903-889-081,"假投資,內線交易,VIP通道",9,2400460,碩博士,1
UID-03163cab,2026-03-12 19:32:00,+886-901-780-032,"網路購物詐騙,ATM操作",173,6696,上班族,1
UID-6074aa9c,2026-03-12 20:51:00,+886-905-238-178,"債務不履行,退款延遲",2,3000,碩博士,0
UID-09f42e73,2026-03-13 08:07:00,+886-905-604-324,"交易糾紛,商品瑕疵",1,0,70+ 長者,0
UID-2de6b947,2026-03-12 17:50:00,+886-904-960-091,"殺豬盤,平台無法出金",2,86606,上班族,1
UID-87a15b1d,2026-03-12 09:12:00,+886-901-242-016,"網路購物詐騙,解除分期付款",556,30232,大專院校,1
UID-43a255f0,2026-03-12 09:01:00,+886-901-391-023,"網路購物詐騙,假賣場",264,12906,高中職以下,1
UID-8883466a,2026-03-13 04:00:00,+886-905-728-755,"交易糾紛,商品瑕疵",1,3000,大專院校,0
UID-40d3b2ae,2026-03-12 09:07:00,+886-999-999-999,"機器人測試,惡意灌水",14224,0,未知,0
UID-639305de,2026-03-12 18:50:00,+886-903-881-075,"假投資,虛擬貨幣,高報酬",16,4240627,50-69 中高齡,1
UID-9a4fa6b7,2026-03-12 22:14:00,+886-905-833-133,"司法文書送達,正常公務",1,3000,大專院校,0
UID-be6ff542,2026-03-13 03:21:00,+886-901-789-007,"幽靈包裹,超商取貨",203,36268,學生,1
UID-157654ca,2026-03-12 23:28:00,+886-902-121-488,"假冒郵局,普發現金冒領",1,1060683,70+ 長者,1
UID-969a1f20,2026-03-13 08:57:00,+886-901-179-031,"網路購物詐騙,假賣場",191,21870,學生,1
UID-866c1fb8,2026-03-12 16:41:00,+886-905-729-997,"交易糾紛,商品瑕疵",1,15000,高中職以下,0
UID-11c598fa,2026-03-12 14:43:00,+886-902-119-590,"假扣押財產,面交黃金白銀",3,5887666,70+ 長者,1
UID-e5451ead,2026-03-12 09:48:00,+886-904-245-076,"網路交友,要求儲值,點數卡",6,99848,大專院校,1
UID-a3711bfd,2026-03-12 18:56:00,+886-904-470-029,"殺豬盤,平台無法出金",9,86656,學生,1
UID-bdfd1c0c,2026-03-13 03:34:00,+886-903-883-054,"假投資,資金盤",6,1729904,碩博士,1
UID-97edfe6f,2026-03-12 17:58:00,+886-902-167-354,"假員警,偵查不公開",3,1612086,50-69 中高齡,1
UID-a23252ea,2026-03-13 00:35:00,+886-905-716-853,"正常投資諮詢,理財規劃",2,0,碩博士,0
UID-8a0badc3,2026-03-12 23:30:00,+886-903-888-072,"假投資,虛擬貨幣,高報酬",16,3130905,上班族,1
UID-2f610e66,2026-03-12 16:46:00,+886-903-886-003,"假投資,虛擬貨幣,高報酬",11,3175807,碩博士,1
UID-6b8c2b36,2026-03-13 01:36:00,+886-905-947-975,"交易糾紛,商品瑕疵",1,3000,碩博士,0
UID-6fc145db,2026-03-12 18:33:00,+886-901-470-046,"網路購物詐騙,解除分期付款",190,6661,大專院校,1
UID-149ad78a,2026-03-12 13:33:00,+886-902-198-797,"假冒郵局,普發現金冒領",1,6124062,50-69 中高齡,1
UID-060b9e33,2026-03-13 06:59:00,+886-902-105-733,"假冒郵局,普發現金冒領",1,7543960,70+ 長者,1
UID-5842661b,2026-03-12 09:17:00,+886-901-530-041,"幽靈包裹,超商取貨",153,27931,學生,1
UID-53025bd8,2026-03-13 08:20:00,+886-904-590-086,"網路交友,要求儲值,點數卡",28,18260,大專院校,1
UID-ebd2131a,2026-03-12 18:12:00,+886-903-882-057,"假投資,內線交易,VIP通道",9,2378053,50-69 中高齡,1
UID-1931988a,2026-03-13 00:18:00,+886-903-885-052,"假投資,保證獲利",12,1688107,碩博士,1
UID-1e400f0e,2026-03-13 02:18:00,+886-903-888-009,"假投資,保證獲利",7,3538428,大專院校,1
UID-bd8c46eb,2026-03-12 13:58:00,+886-905-285-580,"交易糾紛,商品瑕疵",2,15000,學生,0
UID-f7e3fc1c,2026-03-12 11:20:00,+886-905-145-579,"司法文書送達,正常公務",1,15000,上班族,0
UID-f1938c18,2026-03-12 19:00:00,+886-905-610-384,"交易糾紛,商品瑕疵",2,15000,碩博士,0
UID-232a1beb,2026-03-12 19:32:00,+886-905-155-852,"債務不履行,退款延遲",2,0,碩博士,0
UID-b6169a77,2026-03-13 08:55:00,+886-902-150-614,"假檢警,監管帳戶",1,4278560,70+ 長者,1
UID-121a5b53,2026-03-12 09:10:00,+886-903-883-038,"假投資,資金盤",10,584680,上班族,1
UID-4ee29a55,2026-03-12 20:25:00,+886-905-212-937,"司法文書送達,正常公務",1,500,50-69 中高齡,0
UID-1d74fe86,2026-03-12 11:32:00,+886-901-687-015,"網路購物詐騙,解除分期付款",329,13902,高中職以下,1
UID-69121937,2026-03-12 11:53:00,+886-904-112-053,"網路交友,AI濾鏡假冒",6,12119,大專院校,1
UID-c5c7f2ed,2026-03-12 17:08:00,+886-905-396-686,"債務不履行,退款延遲",2,500,學生,0
UID-5180868a,2026-03-13 05:37:00,+886-904-880-055,"殺豬盤,平台無法出金",22,132692,碩博士,1
UID-5b615b74,2026-03-12 13:58:00,+886-905-896-203,"交易糾紛,商品瑕疵",1,15000,50-69 中高齡,0
UID-6a1680e8,2026-03-12 11:21:00,+886-902-177-753,"假冒郵局,普發現金冒領",3,3891834,70+ 長者,1
UID-df99c736,2026-03-12 20:52:00,+886-903-886-045,"假投資,虛擬貨幣,高報酬",8,3728184,50-69 中高齡,1
UID-97a5629e,2026-03-12 17:13:00,+886-903-887-008,"假投資,虛擬貨幣,高報酬",10,3040476,碩博士,1
UID-9332a618,2026-03-13 02:27:00,+886-904-363-092,"網路交友,AI濾鏡假冒",24,114932,大專院校,1
UID-2786b1e3,2026-03-13 03:55:00,+886-905-578-154,"債務不履行,退款延遲",2,0,70+ 長者,0
UID-789351ef,2026-03-13 06:05:00,+886-904-292-067,"網路交友,AI濾鏡假冒",14,1522,上班族,1
UID-d0bf5332,2026-03-12 13:11:00,+886-904-436-003,"網路交友,AI濾鏡假冒",5,70711,碩博士,1
UID-5ab74c72,2026-03-13 02:58:00,+886-905-917-400,"正常投資諮詢,理財規劃",2,3000,大專院校,0
UID-3eedd417,2026-03-12 10:03:00,+886-903-883-011,"假投資,保證獲利",15,3003241,50-69 中高齡,1
UID-8485f8be,2026-03-12 12:46:00,+886-905-742-798,"一般客訴,服務態度",1,0,學生,0
UID-73081b4f,2026-03-13 07:48:00,+886-904-417-032,"網路交友,要求儲值,點數卡",18,59015,上班族,1
UID-a3e6a2db,2026-03-12 20:16:00,+886-904-955-050,"網路交友,AI濾鏡假冒",10,13720,上班族,1
UID-3c455cdd,2026-03-12 17:35:00,+886-901-697-002,"網路購物詐騙,解除分期付款",561,9435,高中職以下,1
UID-5be8d5b0,2026-03-13 05:22:00,+886-903-883-050,"假投資,資金盤",15,2103989,碩博士,1
UID-1931d0ef,2026-03-13 08:41:00,+886-902-165-184,"假檢警,監管帳戶",1,878419,50-69 中高齡,1
UID-f6887866,2026-03-13 08:43:00,+886-901-105-027,"幽靈包裹,超商取貨",1081,23869,高中職以下,1
UID-7299a1ff,2026-03-12 15:49:00,+886-901-265-027,"網路購物詐騙,假賣場",217,4702,高中職以下,1
UID-ea7e65d4,2026-03-12 19:26:00,+886-901-289-043,"網路購物詐騙,解除分期付款",211,34591,上班族,1
UID-cd3be65a,2026-03-13 06:45:00,+886-902-139-274,"假冒郵局,普發現金冒領",1,3091286,70+ 長者,1
UID-956d0d6a,2026-03-13 07:46:00,+886-901-438-034,"網路購物詐騙,解除分期付款",164,43980,學生,1
UID-58fb9587,2026-03-12 10:31:00,+886-901-321-020,"幽靈包裹,超商取貨",181,34071,大專院校,1
UID-60eb94e1,2026-03-12 17:52:00,+886-902-142-281,"假冒郵局,普發現金冒領",1,2549601,70+ 長者,1
UID-4d8797ec,2026-03-12 12:51:00,+886-905-761-761,"正常投資諮詢,理財規劃",1,0,大專院校,0
UID-a91e4255,2026-03-13 04:25:00,+886-902-116-260,"假冒郵局,普發現金冒領",3,2401682,碩博士,1
UID-9aa89d24,2026-03-13 00:34:00,+886-903-886-074,"假投資,資金盤",12,1743521,碩博士,1
UID-8ca91817,2026-03-12 17:08:00,+886-905-797-116,"債務不履行,退款延遲",2,15000,上班族,0
UID-1315219a,2026-03-12 17:23:00,+886-903-884-007,"假投資,保證獲利",15,250730,碩博士,1
UID-1b552e4d,2026-03-13 04:48:00,+886-902-127-926,"假檢警,監管帳戶",2,1779547,70+ 長者,1
UID-d956e41c,2026-03-12 09:47:00,+886-904-373-079,"網路交友,要求儲值,點數卡",9,75772,學生,1
UID-74188016,2026-03-12 09:11:00,+886-905-587-855,"司法文書送達,正常公務",1,15000,大專院校,0
UID-c0b7ecab,2026-03-13 01:05:00,+886-903-886-090,"假投資,虛擬貨幣,高報酬",15,2698904,大專院校,1
UID-bdf784ed,2026-03-12 17:22:00,+886-902-139-885,"假檢警,監管帳戶",3,4979207,70+ 長者,1
UID-0a72720f,2026-03-12 15:55:00,+886-902-114-949,"假檢警,監管帳戶",2,1615626,70+ 長者,1
UID-76858d08,2026-03-13 07:13:00,+886-901-940-031,"幽靈包裹,超商取貨",234,11630,學生,1
UID-d7aa8921,2026-03-12 19:11:00,+886-902-141-194,"假扣押財產,面交黃金白銀",1,2469610,70+ 長者,1
UID-a15e4185,2026-03-12 15:47:00,+886-903-880-087,"假投資,內線交易,VIP通道",5,1926929,上班族,1
UID-cc5a7899,2026-03-13 05:43:00,+886-904-163-057,"網路交友,要求儲值,點數卡",28,144194,學生,1
UID-c0b442f8,2026-03-12 10:40:00,+886-901-988-032,"網路購物詐騙,ATM操作",260,25679,學生,1
UID-6e6759b9,2026-03-12 16:06:00,+886-901-219-040,"網路購物詐騙,解除分期付款",194,41343,上班族,1
UID-34aa99ac,2026-03-12 21:39:00,+886-901-773-042,"網路購物詐騙,假賣場",325,24294,高中職以下,1
UID-17fea77a,2026-03-13 08:16:00,+886-905-131-435,"司法文書送達,正常公務",1,500,上班族,0
UID-140917d6,2026-03-13 07:02:00,+886-904-972-067,"網路交友,AI濾鏡假冒",15,90613,大專院校,1
UID-093a7f25,2026-03-12 09:02:00,+886-904-666-046,"網路交友,AI濾鏡假冒",18,9022,碩博士,1
UID-beefddce,2026-03-12 12:52:00,+886-903-883-062,"假投資,資金盤",15,3734378,上班族,1
UID-26ffb0ab,2026-03-12 17:23:00,+886-903-886-035,"假投資,虛擬貨幣,高報酬",15,2687261,上班族,1
UID-b9261e09,2026-03-12 13:55:00,+886-905-640-653,"正常投資諮詢,理財規劃",1,500,碩博士,0
UID-a538ac84,2026-03-12 17:12:00,+886-903-882-034,"假投資,虛擬貨幣,高報酬",7,4253863,碩博士,1
UID-3c68bba4,2026-03-13 05:05:00,+886-905-898-889,"債務不履行,退款延遲",1,3000,碩博士,0
UID-6aa0af67,2026-03-12 19:23:00,+886-902-178-678,"假冒郵局,普發現金冒領",2,4996939,70+ 長者,1
UID-82b38828,2026-03-12 21:57:00,+886-904-288-049,"Threads廣告,假兼職",8,5758,上班族,1
UID-d8eaf803,2026-03-12 09:41:00,+886-903-889-078,"假投資,內線交易,VIP通道",10,1225371,碩博士,1
UID-a086e1d5,2026-03-12 20:09:00,+886-905-291-988,"正常投資諮詢,理財規劃",2,15000,學生,0
UID-a6c1fc98,2026-03-13 03:14:00,+886-903-888-050,"假投資,保證獲利",13,441088,上班族,1
UID-943efa5d,2026-03-12 09:20:00,+886-903-882-053,"假投資,保證獲利",19,4623523,上班族,1
UID-9230883c,2026-03-13 00:30:00,+886-901-773-030,"網路購物詐騙,假賣場",298,14464,大專院校,1
UID-8b83f6ca,2026-03-12 09:01:00,+886-999-999-999,"機器人測試,惡意灌水",10097,0,未知,0
UID-26b1de8e,2026-03-13 06:39:00,+886-905-994-191,"交易糾紛,商品瑕疵",2,0,50-69 中高齡,0
UID-8131299d,2026-03-12 15:44:00,+886-903-883-089,"假投資,內線交易,VIP通道",15,1640878,碩博士,1
UID-55beb7a7,2026-03-12 23:09:00,+886-903-889-028,"假投資,保證獲利",9,4577163,上班族,1
UID-e7fe64b7,2026-03-12 22:41:00,+886-905-160-274,"一般客訴,服務態度",1,0,高中職以下,0
UID-40c2a995,2026-03-12 19:13:00,+886-902-173-794,"假檢警,監管帳戶",2,2884815,70+ 長者,1
UID-bfc0f6d3,2026-03-13 04:30:00,+886-903-882-082,"假投資,保證獲利",9,3298144,碩博士,1
UID-c86ac735,2026-03-12 09:54:00,+886-905-329-770,"司法文書送達,正常公務",2,500,碩博士,0
UID-995ba733,2026-03-12 11:49:00,+886-905-835-191,"司法文書送達,正常公務",2,15000,高中職以下,0
UID-5ac09cf9,2026-03-12 14:00:00,+886-905-889-619,"司法文書送達,正常公務",2,0,學生,0
UID-aa7717c2,2026-03-13 02:28:00,+886-904-334-030,"Threads廣告,假兼職",5,114218,上班族,1
UID-6e47c516,2026-03-12 10:57:00,+886-903-882-039,"假投資,資金盤",8,2390975,上班族,1
UID-c905d59e,2026-03-13 03:42:00,+886-901-813-002,"幽靈包裹,超商取貨",270,35310,高中職以下,1
UID-50ca7e2b,2026-03-12 17:36:00,+886-905-113-682,"一般客訴,服務態度",1,500,大專院校,0
UID-d5e835e4,2026-03-12 15:24:00,+886-905-553-814,"司法文書送達,正常公務",1,500,大專院校,0
UID-b3ad0be2,2026-03-13 07:52:00,+886-903-883-039,"假投資,內線交易,VIP通道",15,1435741,上班族,1
UID-a875efd0,2026-03-12 15:16:00,+886-905-801-775,"債務不履行,退款延遲",2,500,上班族,0
UID-7dcf985e,2026-03-13 03:25:00,+886-903-888-044,"假投資,內線交易,VIP通道",8,1781100,上班族,1
UID-380fc9fa,2026-03-13 04:53:00,+886-902-181-230,"假冒郵局,普發現金冒領",3,6159493,碩博士,1
UID-435f0e29,2026-03-13 08:48:00,+886-901-934-041,"網路購物詐騙,ATM操作",191,15063,大專院校,1
UID-f4128428,2026-03-12 16:53:00,+886-903-881-077,"假投資,內線交易,VIP通道",10,4042848,碩博士,1
UID-56071ced,2026-03-13 00:26:00,+886-902-147-556,"假檢警,監管帳戶",2,2470877,70+ 長者,1
UID-e6923eff,2026-03-12 13:26:00,+886-902-133-408,"假員警,偵查不公開",2,5268539,70+ 長者,1
UID-b40ad29e,2026-03-12 19:02:00,+886-903-889-024,"假投資,虛擬貨幣,高報酬",20,481156,碩博士,1
UID-253d15c6,2026-03-12 13:16:00,+886-903-888-039,"假投資,虛擬貨幣,高報酬",8,4463306,碩博士,1
UID-3426a867,2026-03-13 07:58:00,+886-905-181-358,"司法文書送達,正常公務",1,3000,50-69 中高齡,0
UID-ab20f89e,2026-03-12 16:31:00,+886-901-829-013,"網路購物詐騙,解除分期付款",170,12117,學生,1
UID-3a9c56e9,2026-03-13 06:15:00,+886-905-679-440,"交易糾紛,商品瑕疵",1,0,碩博士,0
UID-b7759fa4,2026-03-12 14:05:00,+886-905-236-449,"交易糾紛,商品瑕疵",1,15000,70+ 長者,0
UID-88fdc321,2026-03-12 18:09:00,+886-902-196-365,"假檢警,監管帳戶",2,2527081,50-69 中高齡,1
UID-5c194235,2026-03-12 10:45:00,+886-905-957-168,"交易糾紛,商品瑕疵",1,15000,碩博士,0
UID-819d4ad2,2026-03-12 17:40:00,+886-903-882-091,"假投資,內線交易,VIP通道",17,2554732,50-69 中高齡,1
UID-8efc360b,2026-03-13 05:39:00,+886-905-307-721,"司法文書送達,正常公務",1,3000,50-69 中高齡,0
UID-5e2a5bf9,2026-03-12 11:42:00,+886-904-682-051,"網路交友,要求儲值,點數卡",11,69135,大專院校,1
UID-9cb64bbc,2026-03-12 19:31:00,+886-903-887-013,"假投資,資金盤",11,1702407,上班族,1
UID-19d865e4,2026-03-13 08:04:00,+886-904-443-052,"Threads廣告,假兼職",26,133778,碩博士,1
UID-70c14c09,2026-03-12 14:40:00,+886-905-579-780,"一般客訴,服務態度",1,15000,學生,0
UID-5d5abf66,2026-03-12 16:02:00,+886-901-506-024,"幽靈包裹,超商取貨",378,43579,大專院校,1
UID-c00bf94e,2026-03-12 22:15:00,+886-905-922-912,"債務不履行,退款延遲",1,15000,上班族,0
UID-68cbdf03,2026-03-12 15:24:00,+886-903-885-027,"假投資,資金盤",15,2642798,碩博士,1
UID-68986c05,2026-03-12 18:26:00,+886-903-888-097,"假投資,資金盤",16,4852084,碩博士,1
UID-f3f0404f,2026-03-12 16:09:00,+886-901-271-023,"網路購物詐騙,ATM操作",198,10081,高中職以下,1
UID-9b147d0a,2026-03-12 16:44:00,+886-901-487-015,"網路購物詐騙,解除分期付款",318,23782,高中職以下,1
UID-40843e71,2026-03-12 19:21:00,+886-905-499-610,"債務不履行,退款延遲",1,3000,碩博士,0
UID-9b149f3a,2026-03-12 11:04:00,+886-905-114-575,"正常投資諮詢,理財規劃",2,500,上班族,0
UID-40b1856f,2026-03-12 09:24:00,+886-901-589-049,"幽靈包裹,超商取貨",233,18716,大專院校,1
UID-6b9e8111,2026-03-13 01:36:00,+886-903-887-007,"假投資,內線交易,VIP通道",10,1784230,碩博士,1
UID-9cfec415,2026-03-12 17:13:00,+886-905-809-725,"交易糾紛,商品瑕疵",2,500,高中職以下,0
UID-62a0d5f1,2026-03-13 07:24:00,+886-903-881-089,"假投資,保證獲利",6,4833682,50-69 中高齡,1
UID-3b77deb3,2026-03-12 23:09:00,+886-905-291-937,"一般客訴,服務態度",1,15000,碩博士,0
UID-f044dc30,2026-03-12 10:39:00,+886-902-145-515,"假扣押財產,面交黃金白銀",1,4780729,50-69 中高齡,1
UID-9ae05741,2026-03-13 05:20:00,+886-903-884-004,"假投資,保證獲利",7,760244,50-69 中高齡,1
UID-c82cac16,2026-03-12 19:27:00,+886-905-841-688,"正常投資諮詢,理財規劃",2,500,學生,0
UID-fc9ad871,2026-03-13 01:21:00,+886-905-613-607,"一般客訴,服務態度",1,15000,上班族,0
UID-2dbc029f,2026-03-13 06:46:00,+886-903-882-098,"假投資,資金盤",13,1934228,上班族,1
UID-5f86b654,2026-03-13 00:27:00,+886-901-151-026,"網路購物詐騙,假賣場",208,22717,學生,1
UID-d768b946,2026-03-12 23:00:00,+886-903-880-058,"假投資,虛擬貨幣,高報酬",13,4837116,50-69 中高齡,1
UID-78a4243b,2026-03-12 21:58:00,+886-902-184-833,"假檢警,監管帳戶",2,5538169,70+ 長者,1
UID-a4bd7c32,2026-03-13 07:54:00,+886-904-126-084,"Threads廣告,假兼職",9,30539,大專院校,1
UID-b24f8d98,2026-03-13 05:23:00,+886-902-195-587,"假檢警,監管帳戶",3,6395548,50-69 中高齡,1
UID-2817ac6f,2026-03-12 14:59:00,+886-904-388-012,"網路交友,AI濾鏡假冒",12,20055,大專院校,1
UID-2e5932a1,2026-03-12 12:13:00,+886-901-946-016,"網路購物詐騙,ATM操作",196,23589,高中職以下,1
UID-1fd14460,2026-03-12 17:38:00,+886-903-882-045,"假投資,資金盤",11,1092841,上班族,1
UID-94fb4e92,2026-03-13 06:09:00,+886-904-841-082,"殺豬盤,平台無法出金",21,20619,大專院校,1
UID-d8a88fa1,2026-03-12 20:26:00,+886-905-649-936,"司法文書送達,正常公務",2,15000,高中職以下,0
UID-c610c1cb,2026-03-12 16:47:00,+886-905-924-521,"交易糾紛,商品瑕疵",1,3000,高中職以下,0
UID-7fe2ba91,2026-03-13 08:53:00,+886-905-364-576,"交易糾紛,商品瑕疵",2,3000,學生,0
UID-75fe5c06,2026-03-13 00:23:00,+886-901-559-004,"網路購物詐騙,假賣場",673,14219,上班族,1
UID-eb3264ec,2026-03-13 04:01:00,+886-903-880-021,"假投資,內線交易,VIP通道",12,1214793,上班族,1
UID-820857db,2026-03-12 19:31:00,+886-904-657-089,"殺豬盤,平台無法出金",26,21104,大專院校,1
UID-87bcf66c,2026-03-12 22:14:00,+886-903-882-070,"假投資,虛擬貨幣,高報酬",10,4805141,上班族,1
UID-206a7de9,2026-03-12 14:42:00,+886-901-795-021,"幽靈包裹,超商取貨",207,5264,大專院校,1
UID-b3b89404,2026-03-13 06:52:00,+886-903-880-072,"假投資,內線交易,VIP通道",20,1750151,碩博士,1
UID-5c88261f,2026-03-13 00:10:00,+886-904-879-098,"Threads廣告,假兼職",15,118044,大專院校,1
UID-3e9118b3,2026-03-13 05:18:00,+886-901-827-008,"幽靈包裹,超商取貨",158,41942,上班族,1
UID-21b5f3fc,2026-03-12 18:59:00,+886-904-117-040,"網路交友,要求儲值,點數卡",23,32853,大專院校,1
UID-e3211bfa,2026-03-13 08:09:00,+886-904-206-075,"殺豬盤,平台無法出金",2,13663,大專院校,1
UID-22f25858,2026-03-12 09:31:00,+886-903-882-025,"假投資,資金盤",10,1298117,碩博士,1
UID-72a26dde,2026-03-13 00:18:00,+886-903-886-019,"假投資,資金盤",20,2081282,50-69 中高齡,1
UID-1f6ece4f,2026-03-13 08:22:00,+886-903-883-091,"假投資,內線交易,VIP通道",19,3709693,50-69 中高齡,1
UID-6a1a712c,2026-03-13 05:15:00,+886-905-635-151,"司法文書送達,正常公務",1,500,上班族,0
UID-fb2e91a6,2026-03-13 06:25:00,+886-903-887-068,"假投資,虛擬貨幣,高報酬",7,778611,大專院校,1
UID-755e1944,2026-03-12 12:40:00,+886-903-883-094,"假投資,虛擬貨幣,高報酬",20,1000250,50-69 中高齡,1
UID-f2cf9c3d,2026-03-13 07:42:00,+886-905-477-889,"債務不履行,退款延遲",1,500,大專院校,0
UID-e1217b1e,2026-03-12 23:00:00,+886-905-789-933,"交易糾紛,商品瑕疵",2,0,高中職以下,0
UID-f3ca7fce,2026-03-12 12:31:00,+886-905-885-732,"一般客訴,服務態度",1,500,碩博士,0
UID-ea649339,2026-03-12 18:35:00,+886-902-172-689,"假冒郵局,普發現金冒領",1,1382691,碩博士,1
UID-e79b448d,2026-03-13 02:01:00,+886-901-302-034,"網路購物詐騙,ATM操作",172,14577,大專院校,1
UID-14a840c7,2026-03-12 22:42:00,+886-903-887-066,"假投資,虛擬貨幣,高報酬",6,4272657,上班族,1
UID-08d7079f,2026-03-13 06:05:00,+886-901-304-045,"網路購物詐騙,ATM操作",171,22836,高中職以下,1
UID-fb083870,2026-03-13 03:47:00,+886-903-886-099,"假投資,保證獲利",5,4552766,上班族,1
UID-d927db32,2026-03-12 17:37:00,+886-903-882-002,"假投資,資金盤",16,1846306,50-69 中高齡,1
UID-8cb3040f,2026-03-12 23:13:00,+886-902-124-224,"假冒郵局,普發現金冒領",1,5574810,70+ 長者,1
UID-db154212,2026-03-12 23:49:00,+886-905-748-434,"債務不履行,退款延遲",2,500,高中職以下,0
UID-321e22cd,2026-03-13 05:16:00,+886-905-705-886,"正常投資諮詢,理財規劃",1,15000,上班族,0
UID-a5c71544,2026-03-12 19:03:00,+886-901-350-045,"網路購物詐騙,ATM操作",167,37769,上班族,1
UID-1bcfd013,2026-03-12 17:55:00,+886-904-292-066,"Threads廣告,假兼職",21,26547,大專院校,1
UID-f99e1e34,2026-03-13 02:17:00,+886-902-135-846,"假檢警,監管帳戶",1,2968432,70+ 長者,1
UID-66ad5bf9,2026-03-12 21:35:00,+886-902-135-467,"假冒郵局,普發現金冒領",3,5527304,50-69 中高齡,1
UID-91683ce9,2026-03-13 00:55:00,+886-904-978-088,"網路交友,AI濾鏡假冒",28,9143,學生,1
UID-b8efe81f,2026-03-12 13:01:00,+886-901-683-046,"幽靈包裹,超商取貨",229,3214,高中職以下,1
UID-3468111a,2026-03-12 14:07:00,+886-903-884-008,"假投資,內線交易,VIP通道",14,2515753,50-69 中高齡,1
UID-f8c5122d,2026-03-12 17:31:00,+886-905-727-419,"一般客訴,服務態度",1,0,高中職以下,0
UID-600225c0,2026-03-13 06:47:00,+886-903-885-071,"假投資,保證獲利",7,3028983,碩博士,1
UID-5301e80f,2026-03-12 14:52:00,+886-903-883-029,"假投資,內線交易,VIP通道",6,3804483,50-69 中高齡,1
UID-b10c5fc8,2026-03-13 06:45:00,+886-901-492-023,"網路購物詐騙,ATM操作",186,24620,高中職以下,1
UID-cd379e63,2026-03-13 03:06:00,+886-905-315-455,"一般客訴,服務態度",1,3000,70+ 長者,0
UID-c68a3e6c,2026-03-13 08:12:00,+886-905-749-920,"債務不履行,退款延遲",2,15000,大專院校,0
UID-4ebe5ef2,2026-03-12 23:46:00,+886-902-125-802,"假檢警,監管帳戶",1,6121823,50-69 中高齡,1
UID-5e716ed6,2026-03-12 23:05:00,+886-904-307-057,"殺豬盤,平台無法出金",11,96892,學生,1
UID-47ae59eb,2026-03-12 18:22:00,+886-904-629-053,"殺豬盤,平台無法出金",11,50910,上班族,1
UID-6b386c51,2026-03-13 01:42:00,+886-904-396-037,"網路交友,要求儲值,點數卡",14,97147,上班族,1
UID-dc9665dd,2026-03-12 16:26:00,+886-905-686-954,"一般客訴,服務態度",1,15000,高中職以下,0
UID-ff9a7172,2026-03-12 22:21:00,+886-901-390-032,"幽靈包裹,超商取貨",150,13307,上班族,1
UID-46a2ac88,2026-03-12 13:15:00,+886-903-889-037,"假投資,保證獲利",9,4876511,50-69 中高齡,1
UID-ce02b139,2026-03-12 20:49:00,+886-902-192-904,"假冒郵局,普發現金冒領",3,2376111,70+ 長者,1
UID-9e7474bf,2026-03-12 10:54:00,+886-901-450-040,"網路購物詐騙,假賣場",163,26236,大專院校,1
UID-cdd1cce8,2026-03-12 16:54:00,+886-904-153-086,"網路交友,要求儲值,點數卡",17,98883,上班族,1
UID-32b7cd35,2026-03-13 04:34:00,+886-901-120-005,"幽靈包裹,超商取貨",176,25275,高中職以下,1
UID-ccc94acf,2026-03-13 01:11:00,+886-905-593-264,"債務不履行,退款延遲",1,0,碩博士,0
UID-98017861,2026-03-12 18:49:00,+886-905-294-966,"正常投資諮詢,理財規劃",1,15000,高中職以下,0
UID-a70ca82c,2026-03-13 06:25:00,+886-905-497-742,"債務不履行,退款延遲",2,500,高中職以下,0
UID-e17be234,2026-03-12 12:30:00,+886-905-104-495,"交易糾紛,商品瑕疵",2,3000,高中職以下,0
UID-1f73647a,2026-03-12 14:18:00,+886-902-140-539,"假冒郵局,普發現金冒領",1,6480842,70+ 長者,1
UID-4b6a36ce,2026-03-13 08:09:00,+886-903-886-028,"假投資,內線交易,VIP通道",17,2170882,碩博士,1
UID-e3b1c975,2026-03-12 16:35:00,+886-902-159-722,"假檢警,監管帳戶",3,5752767,70+ 長者,1
UID-1609873f,2026-03-12 18:38:00,+886-901-325-013,"網路購物詐騙,假賣場",441,10297,學生,1
UID-c8e3f4f1,2026-03-12 09:28:00,+886-903-889-031,"假投資,資金盤",12,508464,上班族,1
UID-e0b84e69,2026-03-12 17:56:00,+886-903-882-054,"假投資,內線交易,VIP通道",8,2807595,50-69 中高齡,1
UID-86bcac44,2026-03-13 07:11:00,+886-902-182-826,"假檢警,監管帳戶",2,3465728,70+ 長者,1
UID-e1994be9,2026-03-12 18:34:00,+886-904-109-067,"網路交友,AI濾鏡假冒",2,55042,大專院校,1
UID-4f9fcc01,2026-03-12 19:59:00,+886-901-381-034,"網路購物詐騙,假賣場",252,7743,學生,1
UID-9039de4d,2026-03-13 04:21:00,+886-903-888-090,"假投資,虛擬貨幣,高報酬",5,3411208,大專院校,1
UID-1dcedcbb,2026-03-12 16:25:00,+886-902-130-891,"假扣押財產,面交黃金白銀",1,4457960,50-69 中高齡,1
UID-d45ced6c,2026-03-12 17:40:00,+886-905-724-790,"正常投資諮詢,理財規劃",1,15000,大專院校,0
UID-22344f69,2026-03-12 21:38:00,+886-903-886-055,"假投資,資金盤",13,720016,碩博士,1
UID-06f7b192,2026-03-12 14:02:00,+886-903-884-001,"假投資,內線交易,VIP通道",9,220378,50-69 中高齡,1
UID-73af140e,2026-03-12 22:02:00,+886-905-441-518,"交易糾紛,商品瑕疵",1,15000,高中職以下,0
UID-d89af955,2026-03-12 22:09:00,+886-905-664-255,"正常投資諮詢,理財規劃",1,500,大專院校,0
UID-af640e23,2026-03-12 15:47:00,+886-903-883-090,"假投資,資金盤",19,4243679,碩博士,1
UID-bdb11158,2026-03-12 15:37:00,+886-905-952-737,"交易糾紛,商品瑕疵",2,15000,上班族,0
UID-06380042,2026-03-12 13:44:00,+886-901-467-025,"網路購物詐騙,解除分期付款",323,6379,大專院校,1
UID-57954cb0,2026-03-12 23:58:00,+886-905-663-758,"交易糾紛,商品瑕疵",1,0,碩博士,0
UID-f48ce65f,2026-03-12 20:26:00,+886-903-883-030,"假投資,資金盤",8,2889543,碩博士,1
UID-f715987c,2026-03-12 09:43:00,+886-904-436-014,"網路交友,AI濾鏡假冒",5,63180,上班族,1
UID-7e926879,2026-03-12 23:28:00,+886-903-880-037,"假投資,資金盤",11,757841,碩博士,1
UID-5dcbab5d,2026-03-12 16:29:00,+886-902-106-654,"假檢警,監管帳戶",3,896698,50-69 中高齡,1
UID-6d24391a,2026-03-12 13:20:00,+886-905-607-599,"債務不履行,退款延遲",2,15000,上班族,0
UID-771f8f9d,2026-03-12 18:08:00,+886-903-885-073,"假投資,內線交易,VIP通道",8,3749840,碩博士,1
UID-1c4588cb,2026-03-12 15:33:00,+886-905-604-434,"一般客訴,服務態度",1,3000,70+ 長者,0
UID-603a91d1,2026-03-13 00:08:00,+886-903-881-085,"假投資,保證獲利",16,2211037,上班族,1
UID-af06fd2c,2026-03-13 03:00:00,+886-903-885-005,"假投資,虛擬貨幣,高報酬",18,1695528,碩博士,1
UID-16d81449,2026-03-13 02:12:00,+886-903-882-002,"假投資,內線交易,VIP通道",11,2213284,大專院校,1
UID-45b531a1,2026-03-12 22:45:00,+886-901-739-033,"網路購物詐騙,ATM操作",185,44107,上班族,1
UID-fd80ace6,2026-03-12 21:06:00,+886-902-142-867,"假檢警,監管帳戶",1,1971369,50-69 中高齡,1
UID-09500bd2,2026-03-12 15:45:00,+886-903-886-010,"假投資,資金盤",14,4316814,碩博士,1
UID-ee68ba34,2026-03-13 02:21:00,+886-903-882-067,"假投資,虛擬貨幣,高報酬",15,1973818,上班族,1
UID-64af9a57,2026-03-13 01:40:00,+886-904-341-012,"Threads廣告,假兼職",30,113838,學生,1
UID-e41e6f4d,2026-03-12 10:39:00,+886-901-276-042,"幽靈包裹,超商取貨",273,30356,大專院校,1
UID-bbd383b0,2026-03-13 08:01:00,+886-905-271-428,"正常投資諮詢,理財規劃",1,0,50-69 中高齡,0
UID-cd4e7b6c,2026-03-13 07:11:00,+886-901-857-004,"網路購物詐騙,假賣場",157,22028,高中職以下,1
UID-c8d22e52,2026-03-12 21:30:00,+886-903-889-020,"假投資,保證獲利",17,2266161,上班族,1
UID-279c3ee7,2026-03-13 04:33:00,+886-904-769-027,"網路交友,要求儲值,點數卡",20,50057,上班族,1
UID-0fbecfa0,2026-03-12 11:01:00,+886-903-884-060,"假投資,內線交易,VIP通道",8,3803544,碩博士,1
UID-c893b9ab,2026-03-12 21:52:00,+886-904-841-046,"網路交友,要求儲值,點數卡",14,103924,大專院校,1
UID-2d9db04d,2026-03-12 18:31:00,+886-901-222-035,"幽靈包裹,超商取貨",171,14353,大專院校,1
UID-20c368cb,2026-03-12 22:14:00,+886-902-145-325,"假冒郵局,普發現金冒領",3,956085,70+ 長者,1
UID-01655732,2026-03-13 03:05:00,+886-905-658-629,"正常投資諮詢,理財規劃",1,0,上班族,0
UID-f056056d,2026-03-13 03:45:00,+886-904-618-090,"網路交友,要求儲值,點數卡",22,129632,大專院校,1
UID-36bfb94c,2026-03-12 17:09:00,+886-901-599-046,"網路購物詐騙,假賣場",386,44720,學生,1
UID-56bcb34a,2026-03-12 09:53:00,+886-901-411-033,"網路購物詐騙,ATM操作",961,9772,學生,1
UID-19d81f90,2026-03-12 23:48:00,+886-904-243-058,"網路交友,AI濾鏡假冒",29,16983,大專院校,1
UID-40aa8eb1,2026-03-13 01:13:00,+886-904-746-090,"殺豬盤,平台無法出金",22,27249,碩博士,1
UID-3925798c,2026-03-13 06:24:00,+886-905-834-577,"一般客訴,服務態度",2,15000,上班族,0
UID-76ba0610,2026-03-12 13:15:00,+886-904-733-073,"網路交友,AI濾鏡假冒",19,47974,上班族,1
UID-d8b3086a,2026-03-12 17:51:00,+886-905-752-490,"交易糾紛,商品瑕疵",2,0,上班族,0
UID-0d17fca2,2026-03-12 10:26:00,+886-904-342-021,"網路交友,AI濾鏡假冒",6,123296,碩博士,1
UID-f3cc81b8,2026-03-13 08:41:00,+886-904-346-009,"Threads廣告,假兼職",14,113389,碩博士,1
UID-d047141f,2026-03-13 00:42:00,+886-903-886-008,"假投資,保證獲利",16,3161678,碩博士,1
UID-a9dbe8c8,2026-03-13 08:05:00,+886-901-822-019,"幽靈包裹,超商取貨",335,34054,學生,1
UID-fd35ba0d,2026-03-12 11:03:00,+886-901-289-014,"網路購物詐騙,解除分期付款",150,30368,學生,1
UID-8ba98348,2026-03-13 07:24:00,+886-901-171-005,"網路購物詐騙,解除分期付款",157,27241,上班族,1
UID-3df2dbf1,2026-03-13 05:00:00,+886-901-192-025,"網路購物詐騙,解除分期付款",261,24021,大專院校,1
UID-8166ecd3,2026-03-12 16:46:00,+886-901-870-033,"網路購物詐騙,解除分期付款",186,10872,大專院校,1
UID-15da70c2,2026-03-12 16:55:00,+886-904-741-040,"網路交友,AI濾鏡假冒",29,33064,學生,1
UID-a3be3946,2026-03-13 04:11:00,+886-903-885-080,"假投資,資金盤",9,2130288,上班族,1
UID-96095f13,2026-03-12 16:13:00,+886-901-938-044,"幽靈包裹,超商取貨",158,30928,上班族,1
UID-48594ec2,2026-03-12 17:18:00,+886-903-880-063,"假投資,保證獲利",17,3163278,大專院校,1
UID-ab2050ff,2026-03-13 01:34:00,+886-903-887-067,"假投資,保證獲利",8,1899909,碩博士,1
UID-9eed6a43,2026-03-13 02:34:00,+886-905-470-223,"交易糾紛,商品瑕疵",1,500,高中職以下,0
UID-15225459,2026-03-12 22:11:00,+886-903-881-090,"假投資,保證獲利",11,2247792,50-69 中高齡,1
UID-5a0997f0,2026-03-12 15:48:00,+886-901-730-025,"網路購物詐騙,解除分期付款",156,35245,上班族,1
UID-795150ee,2026-03-12 17:50:00,+886-903-880-020,"假投資,資金盤",16,3549799,大專院校,1
UID-f529590d,2026-03-12 12:23:00,+886-903-887-020,"假投資,內線交易,VIP通道",6,4966694,50-69 中高齡,1
UID-429b4efd,2026-03-12 19:48:00,+886-904-971-084,"網路交友,要求儲值,點數卡",15,121626,碩博士,1
UID-07b01687,2026-03-12 10:05:00,+886-901-709-035,"幽靈包裹,超商取貨",166,32244,學生,1
UID-3cfcca53,2026-03-12 09:56:00,+886-905-385-985,"交易糾紛,商品瑕疵",2,3000,上班族,0
UID-fbb94800,2026-03-12 16:56:00,+886-903-882-056,"假投資,虛擬貨幣,高報酬",15,2896096,碩博士,1
UID-e5ebc9ee,2026-03-12 18:15:00,+886-902-111-786,"假冒郵局,普發現金冒領",1,2067197,50-69 中高齡,1
UID-28f90b6f,2026-03-12 18:46:00,+886-902-113-498,"假扣押財產,面交黃金白銀",3,6922826,70+ 長者,1
UID-26058ade,2026-03-13 02:27:00,+886-904-944-049,"網路交友,要求儲值,點數卡",30,9870,學生,1
UID-24151cde,2026-03-12 10:51:00,+886-905-167-678,"債務不履行,退款延遲",2,15000,高中職以下,0
UID-d8c44258,2026-03-12 11:40:00,+886-905-471-807,"債務不履行,退款延遲",1,0,50-69 中高齡,0
UID-173948c0,2026-03-13 04:32:00,+886-903-887-067,"假投資,保證獲利",9,2358872,碩博士,1
UID-95a76214,2026-03-13 02:44:00,+886-902-185-973,"假檢警,監管帳戶",3,2438556,70+ 長者,1
UID-302b18aa,2026-03-13 01:59:00,+886-905-979-176,"一般客訴,服務態度",1,500,大專院校,0
UID-605b96c4,2026-03-13 08:17:00,+886-902-130-733,"假檢警,監管帳戶",3,6752217,50-69 中高齡,1
UID-3384133e,2026-03-12 18:58:00,+886-905-212-108,"一般客訴,服務態度",2,15000,50-69 中高齡,0
UID-f14b77d9,2026-03-12 13:53:00,+886-903-883-022,"假投資,保證獲利",20,1226402,上班族,1
UID-018caf81,2026-03-13 04:24:00,+886-903-881-096,"假投資,資金盤",12,740003,碩博士,1
UID-155acd15,2026-03-12 12:15:00,+886-901-389-041,"網路購物詐騙,解除分期付款",180,35284,高中職以下,1
UID-6f15297f,2026-03-12 12:44:00,+886-901-831-041,"幽靈包裹,超商取貨",479,38592,大專院校,1
UID-bbaa578b,2026-03-13 08:59:00,+886-905-185-101,"一般客訴,服務態度",2,0,大專院校,0
UID-3fdfa2e2,2026-03-13 04:39:00,+886-902-114-272,"假冒郵局,普發現金冒領",3,3226826,70+ 長者,1
UID-cd736200,2026-03-12 22:32:00,+886-902-191-502,"假檢警,監管帳戶",2,5360532,70+ 長者,1
UID-671943a4,2026-03-13 04:17:00,+886-905-527-132,"交易糾紛,商品瑕疵",2,15000,碩博士,0
UID-e49857d0,2026-03-12 11:42:00,+886-904-506-011,"Threads廣告,假兼職",13,115432,學生,1
UID-403ffbe3,2026-03-12 09:22:00,+886-901-869-022,"幽靈包裹,超商取貨",192,36270,大專院校,1
UID-14ec3723,2026-03-12 10:48:00,+886-905-756-219,"司法文書送達,正常公務",2,3000,上班族,0
UID-8b5f557e,2026-03-12 10:32:00,+886-904-612-021,"Threads廣告,假兼職",9,8441,學生,1
UID-4bf72223,2026-03-13 06:22:00,+886-905-550-254,"一般客訴,服務態度",2,500,高中職以下,0
UID-2b47c6e4,2026-03-12 09:18:00,+886-903-883-062,"假投資,內線交易,VIP通道",13,3341056,碩博士,1
UID-e065671b,2026-03-13 06:34:00,+886-905-156-272,"司法文書送達,正常公務",2,15000,上班族,0
UID-29789567,2026-03-12 13:32:00,+886-905-575-110,"正常投資諮詢,理財規劃",1,15000,大專院校,0
UID-483a042b,2026-03-12 09:50:00,+886-905-291-664,"債務不履行,退款延遲",2,0,大專院校,0
UID-7e463b8d,2026-03-13 03:53:00,+886-904-591-006,"網路交友,要求儲值,點數卡",7,116737,上班族,1
UID-f3680800,2026-03-13 08:33:00,+886-905-301-156,"交易糾紛,商品瑕疵",2,3000,學生,0
UID-26b6c581,2026-03-12 09:05:00,+886-903-888-045,"假投資,內線交易,VIP通道",9,4747810,大專院校,1
UID-24601aa7,2026-03-12 18:36:00,+886-903-880-033,"假投資,虛擬貨幣,高報酬",5,2011797,50-69 中高齡,1
UID-a5b20d24,2026-03-13 00:09:00,+886-901-875-029,"網路購物詐騙,ATM操作",546,26238,高中職以下,1
UID-3272fbbc,2026-03-12 20:44:00,+886-903-880-078,"假投資,虛擬貨幣,高報酬",5,2658427,碩博士,1
UID-0b467f79,2026-03-12 14:45:00,+886-901-787-015,"網路購物詐騙,ATM操作",374,29859,上班族,1
UID-ed74bba4,2026-03-12 09:07:00,+886-999-999-999,"機器人測試,惡意灌水",10042,0,未知,0
UID-3fa358d7,2026-03-12 12:52:00,+886-904-281-021,"Threads廣告,假兼職",22,8187,上班族,1
UID-748c7757,2026-03-13 00:44:00,+886-901-393-003,"網路購物詐騙,ATM操作",177,6437,大專院校,1
UID-ec12e537,2026-03-13 04:48:00,+886-903-887-028,"假投資,資金盤",7,533338,上班族,1
UID-ef116b4f,2026-03-12 10:01:00,+886-905-739-435,"交易糾紛,商品瑕疵",2,3000,上班族,0
UID-05ba9681,2026-03-13 01:59:00,+886-903-882-002,"假投資,虛擬貨幣,高報酬",11,1903953,碩博士,1
UID-47dcef36,2026-03-12 23:53:00,+886-903-883-038,"假投資,資金盤",13,3379728,上班族,1
UID-72589724,2026-03-13 04:55:00,+886-905-373-684,"正常投資諮詢,理財規劃",2,0,碩博士,0
UID-e1de3c62,2026-03-12 19:35:00,+886-905-764-464,"正常投資諮詢,理財規劃",2,0,碩博士,0
UID-9e256490,2026-03-12 20:03:00,+886-901-778-010,"幽靈包裹,超商取貨",179,4782,上班族,1
UID-c64e0b40,2026-03-12 22:25:00,+886-902-153-338,"假冒郵局,普發現金冒領",3,5207429,70+ 長者,1
UID-93886f97,2026-03-12 13:15:00,+886-903-889-033,"假投資,資金盤",8,195954,碩博士,1
UID-6437dff1,2026-03-13 02:11:00,+886-904-462-036,"殺豬盤,平台無法出金",5,54106,碩博士,1
UID-6e88da4b,2026-03-12 14:43:00,+886-902-127-416,"假冒郵局,普發現金冒領",3,5950237,50-69 中高齡,1
UID-4d7a81e4,2026-03-13 01:03:00,+886-902-145-131,"假員警,偵查不公開",1,1324021,70+ 長者,1
UID-9ddb5e44,2026-03-12 14:42:00,+886-902-185-524,"假扣押財產,面交黃金白銀",2,3654436,70+ 長者,1
UID-013d9b88,2026-03-12 23:18:00,+886-903-883-044,"假投資,虛擬貨幣,高報酬",10,4323184,50-69 中高齡,1
UID-5cb14e9b,2026-03-12 13:06:00,+886-905-732-151,"司法文書送達,正常公務",1,15000,70+ 長者,0
UID-ac173d1c,2026-03-13 01:27:00,+886-901-401-032,"網路購物詐騙,ATM操作",343,33008,大專院校,1
UID-94f8281f,2026-03-12 20:11:00,+886-902-156-362,"假冒郵局,普發現金冒領",2,3067414,50-69 中高齡,1
UID-a306ca82,2026-03-13 03:41:00,+886-902-114-355,"假冒郵局,普發現金冒領",2,1940446,70+ 長者,1
UID-0ef312d8,2026-03-12 16:50:00,+886-905-939-199,"一般客訴,服務態度",2,15000,高中職以下,0
UID-a6a8e9b3,2026-03-13 03:31:00,+886-904-682-019,"Threads廣告,假兼職",13,138091,學生,1
UID-09924238,2026-03-13 04:01:00,+886-902-184-561,"假冒郵局,普發現金冒領",2,5400883,50-69 中高齡,1
UID-a0931980,2026-03-12 21:43:00,+886-905-760-862,"交易糾紛,商品瑕疵",2,15000,大專院校,0
UID-3286f39a,2026-03-12 16:58:00,+886-903-885-018,"假投資,虛擬貨幣,高報酬",12,672719,50-69 中高齡,1
UID-d0df82d0,2026-03-13 07:30:00,+886-905-246-807,"一般客訴,服務態度",2,0,碩博士,0
UID-dc8db795,2026-03-12 20:16:00,+886-905-181-621,"一般客訴,服務態度",2,15000,50-69 中高齡,0
UID-de6603ad,2026-03-13 00:28:00,+886-902-151-195,"假扣押財產,面交黃金白銀",1,5204162,70+ 長者,1
UID-84bf0a26,2026-03-12 10:16:00,+886-903-887-067,"假投資,資金盤",17,3714989,上班族,1
UID-e66ffd82,2026-03-12 13:53:00,+886-904-228-031,"殺豬盤,平台無法出金",17,40758,大專院校,1
UID-4027ab1e,2026-03-13 05:18:00,+886-905-654-133,"交易糾紛,商品瑕疵",2,500,大專院校,0
UID-75e161d7,2026-03-13 00:04:00,+886-904-950-006,"殺豬盤,平台無法出金",30,18442,學生,1
UID-e2119223,2026-03-13 03:24:00,+886-903-885-065,"假投資,內線交易,VIP通道",7,4409226,碩博士,1
UID-e0767e1a,2026-03-12 17:06:00,+886-902-166-280,"假員警,偵查不公開",3,526310,70+ 長者,1
UID-6edfc513,2026-03-13 03:52:00,+886-902-190-983,"假冒郵局,普發現金冒領",2,1282600,50-69 中高齡,1
UID-535b8dca,2026-03-13 07:55:00,+886-901-158-026,"網路購物詐騙,ATM操作",371,28389,高中職以下,1
UID-24ba5903,2026-03-12 17:23:00,+886-902-160-886,"假員警,偵查不公開",3,1467805,碩博士,1
UID-e7ad3db6,2026-03-13 01:25:00,+886-901-519-031,"網路購物詐騙,假賣場",237,23287,上班族,1
UID-59458209,2026-03-13 03:17:00,+886-905-417-501,"債務不履行,退款延遲",2,0,學生,0
UID-0ff257a8,2026-03-13 06:13:00,+886-901-765-024,"網路購物詐騙,假賣場",173,7841,上班族,1
UID-5759b075,2026-03-13 02:05:00,+886-903-882-059,"假投資,保證獲利",16,453642,碩博士,1
UID-6921f638,2026-03-12 23:59:00,+886-901-287-050,"網路購物詐騙,解除分期付款",159,32759,大專院校,1
UID-9ff63ed2,2026-03-12 16:49:00,+886-901-313-011,"網路購物詐騙,假賣場",157,12485,高中職以下,1
UID-6713ab7c,2026-03-13 04:37:00,+886-902-156-330,"假檢警,監管帳戶",2,3693311,70+ 長者,1
UID-7e8c0543,2026-03-13 03:12:00,+886-905-759-434,"司法文書送達,正常公務",1,500,高中職以下,0
UID-2ae55493,2026-03-12 22:01:00,+886-905-301-583,"交易糾紛,商品瑕疵",1,500,70+ 長者,0
UID-0251cbc0,2026-03-13 05:43:00,+886-901-849-008,"網路購物詐騙,ATM操作",278,22800,學生,1
UID-110ac07f,2026-03-12 18:31:00,+886-905-281-396,"交易糾紛,商品瑕疵",1,500,70+ 長者,0
UID-6bd40398,2026-03-12 17:14:00,+886-901-119-009,"網路購物詐騙,解除分期付款",208,20318,高中職以下,1
UID-63735084,2026-03-12 11:03:00,+886-904-494-053,"網路交友,要求儲值,點數卡",20,84347,大專院校,1
UID-d0c531c4,2026-03-12 10:55:00,+886-904-103-044,"網路交友,要求儲值,點數卡",25,89673,碩博士,1
UID-8176977e,2026-03-13 06:59:00,+886-901-618-049,"幽靈包裹,超商取貨",228,38323,上班族,1
UID-24bf6e75,2026-03-12 12:59:00,+886-905-497-262,"一般客訴,服務態度",2,500,上班族,0
UID-6af53e77,2026-03-13 04:54:00,+886-905-287-234,"債務不履行,退款延遲",2,3000,大專院校,0
UID-45d22fb7,2026-03-12 20:25:00,+886-902-194-869,"假員警,偵查不公開",2,4064477,70+ 長者,1
UID-8203e0a1,2026-03-12 13:19:00,+886-905-409-403,"交易糾紛,商品瑕疵",1,15000,50-69 中高齡,0
UID-5e4765a8,2026-03-12 10:27:00,+886-902-164-604,"假冒郵局,普發現金冒領",1,3076187,70+ 長者,1
UID-60d6915b,2026-03-12 12:18:00,+886-904-531-086,"網路交友,AI濾鏡假冒",23,128508,學生,1
UID-c53e981c,2026-03-12 15:31:00,+886-905-943-577,"債務不履行,退款延遲",1,3000,學生,0
UID-3653813a,2026-03-13 05:32:00,+886-905-844-781,"交易糾紛,商品瑕疵",1,0,大專院校,0
UID-3735b4a4,2026-03-13 06:25:00,+886-901-795-044,"幽靈包裹,超商取貨",173,6876,學生,1
UID-59807db3,2026-03-12 20:44:00,+886-904-969-068,"網路交友,AI濾鏡假冒",9,107137,學生,1
UID-3f8999a9,2026-03-12 13:29:00,+886-902-158-737,"假扣押財產,面交黃金白銀",1,4347436,70+ 長者,1
UID-c6d4aed6,2026-03-12 16:32:00,+886-905-951-891,"司法文書送達,正常公務",1,0,50-69 中高齡,0
UID-428e2571,2026-03-13 03:45:00,+886-902-150-405,"假冒郵局,普發現金冒領",3,3966988,70+ 長者,1
UID-ad3f1990,2026-03-12 19:46:00,+886-905-295-884,"正常投資諮詢,理財規劃",2,500,學生,0
UID-21ceecc4,2026-03-12 12:06:00,+886-901-856-017,"網路購物詐騙,假賣場",295,34540,大專院校,1
UID-8a82f28e,2026-03-12 13:45:00,+886-905-597-661,"債務不履行,退款延遲",1,500,大專院校,0
UID-f4ab6e6f,2026-03-12 17:00:00,+886-901-918-038,"幽靈包裹,超商取貨",237,12038,上班族,1
UID-b74e57dd,2026-03-12 17:16:00,+886-901-743-010,"幽靈包裹,超商取貨",314,37687,大專院校,1
UID-5845c351,2026-03-12 18:56:00,+886-905-178-377,"交易糾紛,商品瑕疵",2,500,學生,0
UID-80b1dd05,2026-03-13 05:40:00,+886-905-105-668,"交易糾紛,商品瑕疵",1,3000,70+ 長者,0
UID-22992e53,2026-03-12 23:13:00,+886-904-369-069,"殺豬盤,平台無法出金",6,8073,學生,1
UID-eaec4861,2026-03-13 07:00:00,+886-902-154-580,"假員警,偵查不公開",3,5295753,70+ 長者,1
UID-df66bf7f,2026-03-12 23:59:00,+886-901-785-005,"網路購物詐騙,假賣場",185,8749,學生,1
UID-c411e4cd,2026-03-12 12:58:00,+886-904-480-017,"網路交友,AI濾鏡假冒",27,67952,大專院校,1
UID-a31c2eb6,2026-03-13 08:48:00,+886-903-883-039,"假投資,資金盤",20,2982368,大專院校,1
UID-3e5ff562,2026-03-13 06:58:00,+886-903-889-021,"假投資,資金盤",17,1503851,50-69 中高齡,1
UID-6111846e,2026-03-13 03:24:00,+886-905-225-331,"債務不履行,退款延遲",2,500,50-69 中高齡,0
UID-777f2fbb,2026-03-13 01:59:00,+886-905-772-478,"債務不履行,退款延遲",1,0,學生,0
UID-74f08985,2026-03-13 00:54:00,+886-902-102-310,"假扣押財產,面交黃金白銀",3,7268063,70+ 長者,1
UID-6c9e1e76,2026-03-12 09:01:00,+886-999-999-999,"機器人測試,惡意灌水",13904,0,未知,0
UID-69304693,2026-03-12 20:39:00,+886-904-640-095,"殺豬盤,平台無法出金",22,141049,碩博士,1
UID-8390e00e,2026-03-12 21:46:00,+886-905-472-719,"交易糾紛,商品瑕疵",1,0,學生,0
UID-04086b08,2026-03-13 05:23:00,+886-905-452-172,"一般客訴,服務態度",1,3000,大專院校,0
UID-958de4f5,2026-03-12 12:26:00,+886-901-763-041,"幽靈包裹,超商取貨",170,42832,學生,1
UID-23e9f5a1,2026-03-12 20:14:00,+886-902-125-392,"假冒郵局,普發現金冒領",2,1834345,70+ 長者,1
UID-fca16d21,2026-03-13 02:51:00,+886-901-382-037,"網路購物詐騙,假賣場",273,43054,學生,1
UID-07fd095e,2026-03-12 09:34:00,+886-902-195-594,"假員警,偵查不公開",1,1847265,70+ 長者,1
UID-ba135957,2026-03-13 01:29:00,+886-903-889-059,"假投資,資金盤",13,2950946,50-69 中高齡,1
UID-ffdea580,2026-03-12 09:38:00,+886-903-889-066,"假投資,內線交易,VIP通道",16,4762553,碩博士,1
UID-b44a6cfc,2026-03-12 14:40:00,+886-901-157-006,"網路購物詐騙,解除分期付款",306,13943,高中職以下,1
UID-2a8b6853,2026-03-12 18:36:00,+886-903-888-009,"假投資,內線交易,VIP通道",13,1117005,上班族,1
UID-fd69be6e,2026-03-12 14:38:00,+886-902-148-171,"假冒郵局,普發現金冒領",3,5640763,70+ 長者,1
UID-b0d5f6ca,2026-03-13 07:32:00,+886-905-106-932,"交易糾紛,商品瑕疵",2,0,大專院校,0
UID-de7ff4c3,2026-03-12 11:30:00,+886-903-885-064,"假投資,保證獲利",12,333251,50-69 中高齡,1
UID-59bed200,2026-03-12 09:51:00,+886-905-647-645,"債務不履行,退款延遲",2,3000,高中職以下,0
UID-c37955cb,2026-03-12 12:14:00,+886-903-888-080,"假投資,保證獲利",14,1049053,50-69 中高齡,1
UID-0107cb61,2026-03-12 11:04:00,+886-901-175-005,"網路購物詐騙,ATM操作",269,10288,學生,1
UID-cd1bdada,2026-03-13 01:13:00,+886-901-931-039,"網路購物詐騙,假賣場",153,44447,大專院校,1
UID-009554cf,2026-03-12 14:38:00,+886-902-173-835,"假冒郵局,普發現金冒領",1,697718,碩博士,1
UID-4b6ef92c,2026-03-13 07:10:00,+886-902-111-377,"假扣押財產,面交黃金白銀",2,3436042,70+ 長者,1
UID-a76ead06,2026-03-13 07:43:00,+886-905-684-369,"司法文書送達,正常公務",2,3000,50-69 中高齡,0
UID-45216c30,2026-03-13 02:55:00,+886-901-255-013,"網路購物詐騙,假賣場",157,37927,大專院校,1
UID-f43ce07a,2026-03-13 08:24:00,+886-905-326-800,"正常投資諮詢,理財規劃",1,3000,50-69 中高齡,0
UID-b68a5ee0,2026-03-12 19:57:00,+886-905-905-585,"正常投資諮詢,理財規劃",2,500,學生,0
UID-118718bf,2026-03-13 08:01:00,+886-905-715-785,"一般客訴,服務態度",1,3000,上班族,0
UID-473ba6bb,2026-03-12 20:14:00,+886-902-159-371,"假檢警,監管帳戶",1,6914164,70+ 長者,1
UID-455bab0e,2026-03-13 02:55:00,+886-902-194-947,"假檢警,監管帳戶",3,5154538,70+ 長者,1
UID-2b4747f2,2026-03-12 23:04:00,+886-901-618-030,"網路購物詐騙,假賣場",765,5907,大專院校,1
UID-31fe1cea,2026-03-13 04:57:00,+886-903-883-070,"假投資,資金盤",16,574560,碩博士,1
UID-c26aac4e,2026-03-12 18:15:00,+886-905-954-543,"司法文書送達,正常公務",2,3000,50-69 中高齡,0
UID-12c8b229,2026-03-12 22:56:00,+886-903-885-052,"假投資,保證獲利",10,4387010,上班族,1
UID-3402411b,2026-03-13 02:49:00,+886-903-887-074,"假投資,保證獲利",8,1501700,上班族,1
UID-b990dfd6,2026-03-13 06:16:00,+886-904-284-088,"網路交友,要求儲值,點數卡",5,106398,碩博士,1
UID-b94f8058,2026-03-12 11:35:00,+886-901-641-049,"網路購物詐騙,解除分期付款",1055,22383,大專院校,1
UID-64bcbee5,2026-03-12 15:14:00,+886-901-132-043,"幽靈包裹,超商取貨",171,7725,大專院校,1
UID-5de4cd09,2026-03-12 18:01:00,+886-904-796-018,"殺豬盤,平台無法出金",15,53620,上班族,1
UID-4ad8ce6a,2026-03-13 00:20:00,+886-903-889-095,"假投資,資金盤",6,1386481,碩博士,1
UID-a26c2727,2026-03-13 04:25:00,+886-903-885-094,"假投資,保證獲利",16,4652108,碩博士,1
UID-9c7c8f33,2026-03-12 13:55:00,+886-905-745-105,"交易糾紛,商品瑕疵",2,500,50-69 中高齡,0
UID-71e3abe8,2026-03-12 12:44:00,+886-903-884-052,"假投資,保證獲利",5,1156454,大專院校,1
UID-6cac9bfe,2026-03-12 14:07:00,+886-902-152-230,"假員警,偵查不公開",1,5293710,70+ 長者,1
UID-6d5b0af3,2026-03-13 05:09:00,+886-903-885-085,"假投資,保證獲利",15,4094621,上班族,1
UID-c52acd78,2026-03-13 02:06:00,+886-903-886-016,"假投資,資金盤",18,610957,大專院校,1
UID-ab4dcb08,2026-03-12 17:25:00,+886-905-300-551,"正常投資諮詢,理財規劃",1,15000,70+ 長者,0
UID-5f386ff9,2026-03-12 14:34:00,+886-902-118-303,"假員警,偵查不公開",3,6612406,50-69 中高齡,1
UID-310a7ceb,2026-03-12 21:05:00,+886-903-880-045,"假投資,資金盤",17,1159083,碩博士,1
UID-c368044d,2026-03-12 09:18:00,+886-902-135-813,"假扣押財產,面交黃金白銀",3,6696477,70+ 長者,1
UID-8279abd0,2026-03-12 17:32:00,+886-903-882-083,"假投資,內線交易,VIP通道",16,1711688,上班族,1
UID-52c75961,2026-03-12 09:41:00,+886-902-190-248,"假檢警,監管帳戶",1,2272992,70+ 長者,1
UID-dbcd3b2d,2026-03-13 00:21:00,+886-905-436-883,"交易糾紛,商品瑕疵",2,500,大專院校,0
UID-e935511f,2026-03-13 08:09:00,+886-902-193-294,"假檢警,監管帳戶",2,4066086,50-69 中高齡,1
UID-66647d2b,2026-03-13 01:21:00,+886-905-144-502,"司法文書送達,正常公務",2,0,70+ 長者,0
UID-9dd0b605,2026-03-13 07:35:00,+886-905-126-470,"司法文書送達,正常公務",2,500,上班族,0
UID-64a4463d,2026-03-12 10:04:00,+886-903-885-087,"假投資,內線交易,VIP通道",11,1993733,上班族,1
UID-fbca426a,2026-03-12 18:15:00,+886-905-489-830,"司法文書送達,正常公務",1,15000,50-69 中高齡,0
UID-061abbdc,2026-03-13 05:30:00,+886-902-102-327,"假扣押財產,面交黃金白銀",2,7939510,70+ 長者,1
UID-e3f2410a,2026-03-12 11:44:00,+886-904-577-091,"網路交友,AI濾鏡假冒",23,3994,學生,1
UID-2f2c399e,2026-03-13 01:40:00,+886-905-388-886,"正常投資諮詢,理財規劃",2,15000,50-69 中高齡,0
UID-97accf6f,2026-03-12 22:47:00,+886-905-631-600,"一般客訴,服務態度",2,3000,大專院校,0
UID-e67bc329,2026-03-12 17:12:00,+886-904-758-020,"網路交友,AI濾鏡假冒",3,121293,上班族,1
UID-0ac93a2c,2026-03-12 09:19:00,+886-902-168-148,"假扣押財產,面交黃金白銀",1,1851017,70+ 長者,1
UID-59564357,2026-03-13 06:29:00,+886-905-489-133,"正常投資諮詢,理財規劃",1,0,上班族,0
UID-6cf41b9c,2026-03-12 09:53:00,+886-905-270-707,"交易糾紛,商品瑕疵",1,500,上班族,0
UID-645713b4,2026-03-12 11:41:00,+886-905-461-117,"司法文書送達,正常公務",1,15000,大專院校,0
UID-710b9a8b,2026-03-12 16:24:00,+886-902-120-174,"假扣押財產,面交黃金白銀",2,2373729,70+ 長者,1
UID-853895c9,2026-03-12 15:38:00,+886-901-620-020,"網路購物詐騙,ATM操作",183,4202,大專院校,1
UID-e35a9315,2026-03-12 17:13:00,+886-903-882-070,"假投資,內線交易,VIP通道",19,2381799,上班族,1
UID-f7cbeea5,2026-03-12 14:34:00,+886-905-876-131,"司法文書送達,正常公務",2,500,高中職以下,0
UID-6dd5bb8e,2026-03-13 05:20:00,+886-905-855-757,"正常投資諮詢,理財規劃",2,3000,50-69 中高齡,0
UID-5fd211d8,2026-03-12 20:22:00,+886-901-670-002,"幽靈包裹,超商取貨",228,10529,高中職以下,1
UID-a56d0e58,2026-03-12 20:07:00,+886-905-784-983,"正常投資諮詢,理財規劃",2,500,大專院校,0
UID-b917b360,2026-03-13 03:29:00,+886-903-887-064,"假投資,虛擬貨幣,高報酬",14,3222567,碩博士,1
UID-dc5254a3,2026-03-13 05:55:00,+886-905-982-281,"交易糾紛,商品瑕疵",2,0,學生,0
UID-42368e0e,2026-03-12 18:19:00,+886-902-154-347,"假冒郵局,普發現金冒領",2,6494168,50-69 中高齡,1
UID-95daec8d,2026-03-12 16:57:00,+886-903-886-019,"假投資,保證獲利",20,4426273,碩博士,1
UID-3a4b146f,2026-03-13 02:49:00,+886-905-947-450,"司法文書送達,正常公務",1,3000,50-69 中高齡,0
UID-c12cf6f2,2026-03-13 01:08:00,+886-905-375-880,"一般客訴,服務態度",1,500,大專院校,0
UID-a1808c49,2026-03-13 05:29:00,+886-903-884-092,"假投資,資金盤",13,1433533,大專院校,1
UID-7897bd23,2026-03-12 15:16:00,+886-903-888-091,"假投資,虛擬貨幣,高報酬",10,348300,上班族,1
UID-7749b3d6,2026-03-12 12:11:00,+886-901-162-048,"網路購物詐騙,ATM操作",156,43454,高中職以下,1
UID-fb82ff6a,2026-03-13 00:33:00,+886-901-403-042,"網路購物詐騙,ATM操作",1494,8945,上班族,1
UID-ab445849,2026-03-13 01:37:00,+886-903-888-060,"假投資,虛擬貨幣,高報酬",15,3716444,50-69 中高齡,1
UID-6c8e2f3a,2026-03-13 04:49:00,+886-903-889-027,"假投資,內線交易,VIP通道",9,3615911,碩博士,1
UID-aef30eb2,2026-03-12 19:02:00,+886-905-165-211,"債務不履行,退款延遲",1,3000,上班族,0
UID-13b69da6,2026-03-13 00:19:00,+886-905-404-802,"一般客訴,服務態度",2,0,上班族,0
UID-2e6fbc67,2026-03-12 16:04:00,+886-901-238-045,"網路購物詐騙,ATM操作",289,21829,上班族,1
UID-ce3d9b89,2026-03-13 08:48:00,+886-903-883-021,"假投資,資金盤",12,328417,碩博士,1
UID-e156d596,2026-03-12 16:33:00,+886-904-565-056,"網路交友,要求儲值,點數卡",18,95643,學生,1
UID-851ef982,2026-03-12 09:08:00,+886-999-999-999,"機器人測試,惡意灌水",13588,0,未知,0
UID-a19da61c,2026-03-12 19:18:00,+886-904-620-030,"網路交友,AI濾鏡假冒",16,133798,學生,1
UID-4a8dfc38,2026-03-12 15:20:00,+886-903-889-097,"假投資,內線交易,VIP通道",13,1371474,上班族,1
UID-ae6a3de3,2026-03-12 22:38:00,+886-901-941-019,"網路購物詐騙,假賣場",153,27028,學生,1
UID-94d4def6,2026-03-12 20:25:00,+886-905-260-489,"交易糾紛,商品瑕疵",1,0,70+ 長者,0
UID-427aa208,2026-03-13 06:45:00,+886-902-151-967,"假冒郵局,普發現金冒領",3,2611461,70+ 長者,1
UID-4efb4fce,2026-03-12 16:47:00,+886-905-982-491,"一般客訴,服務態度",2,15000,大專院校,0
UID-a9898f37,2026-03-13 08:59:00,+886-904-430-091,"網路交友,AI濾鏡假冒",13,122512,大專院校,1
UID-4541e281,2026-03-12 14:43:00,+886-901-139-045,"網路購物詐騙,假賣場",318,28127,大專院校,1
UID-73826dbf,2026-03-13 08:33:00,+886-904-156-029,"殺豬盤,平台無法出金",20,141053,碩博士,1
UID-ed9fcd70,2026-03-12 23:24:00,+886-904-769-017,"網路交友,要求儲值,點數卡",20,93449,碩博士,1
UID-66a0c729,2026-03-13 07:24:00,+886-901-481-007,"幽靈包裹,超商取貨",283,30811,上班族,1
UID-3e7b1648,2026-03-13 03:02:00,+886-902-147-165,"假扣押財產,面交黃金白銀",1,4295817,50-69 中高齡,1
UID-0ba28d03,2026-03-12 15:34:00,+886-904-317-086,"網路交友,AI濾鏡假冒",13,9759,大專院校,1
UID-08048fe8,2026-03-13 06:06:00,+886-905-533-270,"一般客訴,服務態度",1,0,碩博士,0
UID-3992b82c,2026-03-13 05:52:00,+886-903-884-078,"假投資,內線交易,VIP通道",17,592894,碩博士,1
UID-06dd55fa,2026-03-13 01:52:00,+886-905-902-579,"交易糾紛,商品瑕疵",2,3000,碩博士,0
UID-061d69f2,2026-03-13 04:42:00,+886-901-120-042,"網路購物詐騙,ATM操作",200,20362,上班族,1
UID-df6fdae8,2026-03-13 01:31:00,+886-903-881-081,"假投資,內線交易,VIP通道",13,4277670,上班族,1
UID-8cc1b921,2026-03-12 15:43:00,+886-901-252-049,"幽靈包裹,超商取貨",326,9624,大專院校,1
UID-9bfc95a6,2026-03-12 15:49:00,+886-902-168-146,"假扣押財產,面交黃金白銀",3,4972011,70+ 長者,1
UID-defafc6d,2026-03-13 08:49:00,+886-905-885-829,"交易糾紛,商品瑕疵",1,0,大專院校,0
UID-ae783a03,2026-03-13 05:52:00,+886-904-451-089,"Threads廣告,假兼職",28,94297,大專院校,1
UID-5188b31c,2026-03-12 14:30:00,+886-904-988-059,"網路交友,要求儲值,點數卡",29,143325,學生,1
UID-759eca5f,2026-03-13 05:18:00,+886-903-885-084,"假投資,內線交易,VIP通道",9,4580019,大專院校,1
UID-14b583c8,2026-03-12 20:41:00,+886-905-379-413,"一般客訴,服務態度",2,0,學生,0
UID-4ef975c6,2026-03-12 18:47:00,+886-905-435-438,"正常投資諮詢,理財規劃",2,3000,碩博士,0
UID-e53f3140,2026-03-12 21:51:00,+886-905-115-950,"債務不履行,退款延遲",2,15000,70+ 長者,0
UID-ec70c705,2026-03-13 00:35:00,+886-905-263-468,"司法文書送達,正常公務",1,15000,70+ 長者,0
UID-080282f4,2026-03-12 12:35:00,+886-903-880-028,"假投資,內線交易,VIP通道",7,1781588,碩博士,1
UID-b6c748b5,2026-03-12 23:57:00,+886-902-105-259,"假扣押財產,面交黃金白銀",1,3058216,50-69 中高齡,1
UID-a9082bc0,2026-03-13 07:31:00,+886-903-885-018,"假投資,保證獲利",12,3516447,上班族,1
UID-c574a921,2026-03-12 10:22:00,+886-901-795-009,"網路購物詐騙,解除分期付款",291,44162,學生,1
UID-61ccc6a8,2026-03-12 18:08:00,+886-901-995-003,"網路購物詐騙,假賣場",247,31142,學生,1
UID-c2a762a5,2026-03-12 20:42:00,+886-905-133-413,"司法文書送達,正常公務",2,3000,上班族,0
UID-5aa68285,2026-03-12 16:39:00,+886-905-796-417,"債務不履行,退款延遲",1,0,高中職以下,0
UID-483a1993,2026-03-12 11:14:00,+886-903-889-054,"假投資,內線交易,VIP通道",13,2402676,大專院校,1
UID-66c2a106,2026-03-13 08:33:00,+886-903-886-082,"假投資,虛擬貨幣,高報酬",9,668582,碩博士,1
UID-76fc7777,2026-03-12 17:30:00,+886-903-886-046,"假投資,資金盤",15,4091920,上班族,1
UID-8c14ea99,2026-03-12 23:14:00,+886-905-391-782,"司法文書送達,正常公務",1,15000,學生,0
UID-1fc98038,2026-03-13 06:54:00,+886-905-152-925,"一般客訴,服務態度",2,3000,高中職以下,0
UID-44e84783,2026-03-12 14:04:00,+886-905-444-717,"一般客訴,服務態度",1,500,大專院校,0
UID-07239e0a,2026-03-13 02:32:00,+886-903-885-084,"假投資,保證獲利",16,4935168,上班族,1
UID-21fc47d5,2026-03-13 02:24:00,+886-905-836-451,"正常投資諮詢,理財規劃",1,15000,上班族,0
UID-9ca8a7b5,2026-03-12 21:54:00,+886-905-145-203,"債務不履行,退款延遲",2,500,70+ 長者,0
UID-015b6a3d,2026-03-13 02:31:00,+886-905-314-359,"交易糾紛,商品瑕疵",2,0,大專院校,0
UID-2c458a81,2026-03-12 09:34:00,+886-905-222-461,"正常投資諮詢,理財規劃",1,3000,高中職以下,0
UID-fab2cb0f,2026-03-13 03:59:00,+886-901-619-008,"幽靈包裹,超商取貨",167,13997,上班族,1
UID-ae0bbcc7,2026-03-12 21:17:00,+886-903-882-083,"假投資,保證獲利",11,1253090,50-69 中高齡,1
UID-36b8294d,2026-03-12 15:36:00,+886-904-944-011,"Threads廣告,假兼職",13,3478,碩博士,1
UID-f753b179,2026-03-12 16:30:00,+886-903-884-066,"假投資,資金盤",9,1028606,大專院校,1
UID-38312234,2026-03-13 05:02:00,+886-905-998-281,"正常投資諮詢,理財規劃",1,3000,上班族,0
UID-3e260cd9,2026-03-12 18:34:00,+886-904-282-075,"網路交友,AI濾鏡假冒",25,107329,大專院校,1
UID-1d0d4491,2026-03-13 08:03:00,+886-901-279-026,"網路購物詐騙,ATM操作",4048,15623,大專院校,1
UID-c317eadd,2026-03-13 08:20:00,+886-901-344-016,"幽靈包裹,超商取貨",189,29011,高中職以下,1
UID-f2f6e99c,2026-03-12 16:16:00,+886-903-880-027,"假投資,虛擬貨幣,高報酬",15,843919,碩博士,1
UID-9eecfbc8,2026-03-12 16:55:00,+886-902-161-955,"假扣押財產,面交黃金白銀",2,7397952,70+ 長者,1
UID-42215e8f,2026-03-13 07:24:00,+886-905-396-201,"正常投資諮詢,理財規劃",1,0,學生,0
UID-853bf890,2026-03-13 05:49:00,+886-901-481-048,"幽靈包裹,超商取貨",194,31432,上班族,1
UID-3d2ead2c,2026-03-12 17:59:00,+886-905-585-222,"交易糾紛,商品瑕疵",2,15000,碩博士,0
UID-e0bda540,2026-03-13 06:57:00,+886-905-603-699,"正常投資諮詢,理財規劃",1,3000,學生,0
UID-362e4719,2026-03-12 11:40:00,+886-903-885-091,"假投資,內線交易,VIP通道",20,4456493,碩博士,1
UID-b3961bfd,2026-03-13 02:35:00,+886-905-770-180,"交易糾紛,商品瑕疵",2,500,學生,0
UID-59fedf49,2026-03-13 07:43:00,+886-902-159-287,"假扣押財產,面交黃金白銀",3,7467156,70+ 長者,1
UID-d3a0c662,2026-03-13 02:43:00,+886-905-862-217,"一般客訴,服務態度",1,500,大專院校,0
UID-5ced8b78,2026-03-13 01:33:00,+886-901-371-035,"網路購物詐騙,解除分期付款",161,17944,上班族,1
UID-6fe8454e,2026-03-13 02:35:00,+886-902-123-397,"假員警,偵查不公開",1,1592927,70+ 長者,1
UID-2bef4dcd,2026-03-12 09:40:00,+886-903-884-076,"假投資,虛擬貨幣,高報酬",5,2073167,大專院校,1
UID-59b8c38b,2026-03-12 16:49:00,+886-905-610-599,"一般客訴,服務態度",2,500,70+ 長者,0
UID-6e6820d8,2026-03-12 16:19:00,+886-903-882-013,"假投資,內線交易,VIP通道",18,274247,碩博士,1
UID-7b4fd846,2026-03-12 14:38:00,+886-901-915-016,"幽靈包裹,超商取貨",159,6489,高中職以下,1
UID-5ca0cc59,2026-03-13 03:24:00,+886-905-805-271,"債務不履行,退款延遲",2,500,高中職以下,0
UID-90ed5f83,2026-03-12 12:32:00,+886-905-156-460,"交易糾紛,商品瑕疵",1,3000,上班族,0
UID-5afc9bc6,2026-03-13 04:24:00,+886-902-109-987,"假冒郵局,普發現金冒領",1,2171852,70+ 長者,1
UID-58d93307,2026-03-12 09:02:00,+886-999-999-999,"機器人測試,惡意灌水",12604,0,未知,0
UID-de8dbdc3,2026-03-12 09:30:00,+886-901-180-003,"網路購物詐騙,解除分期付款",239,8378,上班族,1
UID-195e6909,2026-03-13 07:17:00,+886-903-882-084,"假投資,虛擬貨幣,高報酬",16,2253248,50-69 中高齡,1
UID-e0cb5fc8,2026-03-13 00:14:00,+886-905-456-478,"正常投資諮詢,理財規劃",2,0,大專院校,0
UID-00b59447,2026-03-13 06:50:00,+886-905-993-363,"司法文書送達,正常公務",1,15000,70+ 長者,0
UID-0961d784,2026-03-13 04:55:00,+886-903-882-038,"假投資,內線交易,VIP通道",10,2277769,大專院校,1
UID-b7f91be1,2026-03-12 10:23:00,+886-905-427-532,"債務不履行,退款延遲",2,15000,學生,0
UID-14131a31,2026-03-13 01:06:00,+886-905-354-373,"正常投資諮詢,理財規劃",2,3000,上班族,0
UID-313691d4,2026-03-13 08:50:00,+886-903-880-026,"假投資,保證獲利",6,2524508,上班族,1
UID-a66bc0a7,2026-03-12 17:53:00,+886-905-788-467,"一般客訴,服務態度",1,3000,50-69 中高齡,0
UID-ee84c701,2026-03-13 01:45:00,+886-905-616-991,"債務不履行,退款延遲",2,15000,碩博士,0
UID-1a2e1eab,2026-03-12 20:36:00,+886-904-594-010,"網路交友,AI濾鏡假冒",21,20671,大專院校,1
UID-e38fa625,2026-03-12 09:39:00,+886-902-126-500,"假扣押財產,面交黃金白銀",3,664912,70+ 長者,1
UID-13b86df2,2026-03-13 08:50:00,+886-903-880-097,"假投資,保證獲利",9,2632905,碩博士,1
UID-3e77d19f,2026-03-13 05:33:00,+886-905-820-959,"交易糾紛,商品瑕疵",1,15000,70+ 長者,0
UID-7a0fd51f,2026-03-12 11:11:00,+886-901-271-011,"網路購物詐騙,假賣場",181,32449,高中職以下,1
UID-2d6feb5d,2026-03-12 21:59:00,+886-904-882-049,"殺豬盤,平台無法出金",19,96234,碩博士,1
UID-05912965,2026-03-13 03:58:00,+886-905-626-612,"司法文書送達,正常公務",2,15000,高中職以下,0
UID-e8ac19c9,2026-03-13 00:47:00,+886-904-149-060,"網路交友,要求儲值,點數卡",12,42390,學生,1
UID-aa83edc2,2026-03-13 00:36:00,+886-905-500-719,"正常投資諮詢,理財規劃",2,0,高中職以下,0
UID-5aca6001,2026-03-12 12:55:00,+886-902-133-226,"假冒郵局,普發現金冒領",3,5318360,70+ 長者,1
UID-0e78c546,2026-03-12 17:24:00,+886-901-904-050,"幽靈包裹,超商取貨",751,22820,上班族,1
UID-1d2f3e37,2026-03-13 05:20:00,+886-905-608-132,"一般客訴,服務態度",2,15000,大專院校,0
UID-0f333d74,2026-03-12 17:49:00,+886-903-880-095,"假投資,保證獲利",11,1272589,碩博士,1
UID-f2ff9f37,2026-03-12 12:09:00,+886-905-276-438,"司法文書送達,正常公務",1,500,70+ 長者,0
UID-8dd7aa00,2026-03-13 08:17:00,+886-902-160-990,"假員警,偵查不公開",1,3892551,70+ 長者,1
UID-78f2801f,2026-03-13 08:05:00,+886-903-881-027,"假投資,保證獲利",10,116086,上班族,1
UID-d10ec37b,2026-03-12 21:06:00,+886-903-883-006,"假投資,虛擬貨幣,高報酬",9,603822,50-69 中高齡,1
UID-36e59804,2026-03-12 11:51:00,+886-905-757-657,"債務不履行,退款延遲",1,15000,碩博士,0
UID-02eb15bd,2026-03-13 04:08:00,+886-901-560-029,"網路購物詐騙,假賣場",1725,32631,上班族,1
UID-5c9e1e9a,2026-03-12 13:56:00,+886-904-125-057,"殺豬盤,平台無法出金",26,133568,碩博士,1
UID-5ec171f0,2026-03-13 03:53:00,+886-905-152-922,"正常投資諮詢,理財規劃",2,0,碩博士,0
UID-8b243a75,2026-03-12 22:22:00,+886-905-551-723,"交易糾紛,商品瑕疵",1,3000,碩博士,0
UID-217e7306,2026-03-12 12:01:00,+886-905-915-134,"一般客訴,服務態度",2,500,碩博士,0
UID-c7cee29e,2026-03-12 20:51:00,+886-903-884-033,"假投資,內線交易,VIP通道",5,2104756,碩博士,1
UID-391d8c44,2026-03-12 10:45:00,+886-902-137-629,"假冒郵局,普發現金冒領",2,3831136,碩博士,1
UID-312cdd24,2026-03-13 08:47:00,+886-904-948-026,"網路交友,要求儲值,點數卡",12,126003,大專院校,1
UID-344df670,2026-03-12 19:46:00,+886-905-701-502,"司法文書送達,正常公務",1,15000,70+ 長者,0
UID-dd96efc2,2026-03-13 00:49:00,+886-902-106-989,"假冒郵局,普發現金冒領",3,2296587,70+ 長者,1
UID-8db61930,2026-03-13 00:58:00,+886-904-841-008,"網路交友,AI濾鏡假冒",15,81285,碩博士,1
UID-af69eb48,2026-03-13 03:42:00,+886-903-880-073,"假投資,保證獲利",16,2573994,碩博士,1
UID-ef75f2af,2026-03-13 08:51:00,+886-903-883-032,"假投資,內線交易,VIP通道",17,1557237,上班族,1
UID-1f7432e9,2026-03-13 00:12:00,+886-905-482-389,"債務不履行,退款延遲",2,3000,學生,0
UID-dcbc8174,2026-03-13 04:55:00,+886-904-788-020,"Threads廣告,假兼職",23,48529,大專院校,1
UID-51ed27ec,2026-03-13 03:15:00,+886-905-440-741,"一般客訴,服務態度",2,3000,50-69 中高齡,0
UID-fd49e0d2,2026-03-13 00:11:00,+886-905-634-804,"正常投資諮詢,理財規劃",2,0,學生,0
UID-7780b528,2026-03-12 13:44:00,+886-905-687-632,"一般客訴,服務態度",2,15000,大專院校,0
UID-b0edfff9,2026-03-13 06:27:00,+886-905-471-460,"債務不履行,退款延遲",1,500,上班族,0
UID-f74776b4,2026-03-13 04:44:00,+886-904-452-045,"網路交友,要求儲值,點數卡",13,57894,大專院校,1
UID-b627d286,2026-03-13 02:21:00,+886-905-506-417,"一般客訴,服務態度",1,3000,70+ 長者,0
UID-aa756e44,2026-03-12 11:17:00,+886-903-880-069,"假投資,內線交易,VIP通道",17,4567247,上班族,1
UID-6e2cc70b,2026-03-13 07:17:00,+886-905-489-157,"交易糾紛,商品瑕疵",1,15000,碩博士,0
UID-e1ee847a,2026-03-12 09:39:00,+886-901-441-041,"網路購物詐騙,假賣場",194,6090,高中職以下,1
UID-37dd8d30,2026-03-12 20:11:00,+886-901-809-042,"幽靈包裹,超商取貨",191,8978,上班族,1
UID-4e16518e,2026-03-12 22:22:00,+886-905-285-459,"正常投資諮詢,理財規劃",2,3000,50-69 中高齡,0
UID-720ee0c5,2026-03-12 11:37:00,+886-903-883-082,"假投資,資金盤",9,4524741,上班族,1
UID-036ac79d,2026-03-12 20:13:00,+886-903-884-036,"假投資,保證獲利",5,4451442,碩博士,1
UID-07ebd684,2026-03-13 06:28:00,+886-901-640-042,"網路購物詐騙,解除分期付款",180,42074,上班族,1
UID-ea01e4a6,2026-03-12 23:50:00,+886-905-635-235,"一般客訴,服務態度",2,15000,碩博士,0
UID-192c1b95,2026-03-13 00:47:00,+886-903-889-070,"假投資,保證獲利",20,4065790,碩博士,1
UID-391f7b8d,2026-03-12 09:40:00,+886-903-885-021,"假投資,內線交易,VIP通道",20,4511009,50-69 中高齡,1
UID-51a1f385,2026-03-13 03:05:00,+886-903-882-071,"假投資,虛擬貨幣,高報酬",18,808794,碩博士,1
UID-ce93533a,2026-03-12 18:24:00,+886-902-115-526,"假扣押財產,面交黃金白銀",2,6826880,70+ 長者,1
UID-915cd206,2026-03-12 17:15:00,+886-901-540-031,"幽靈包裹,超商取貨",176,16163,大專院校,1
UID-89cec3af,2026-03-12 16:02:00,+886-903-885-075,"假投資,保證獲利",12,4273647,碩博士,1
UID-b18ce420,2026-03-13 00:40:00,+886-903-889-061,"假投資,保證獲利",7,318030,大專院校,1
UID-1b2d70f9,2026-03-13 00:06:00,+886-901-598-016,"幽靈包裹,超商取貨",162,35329,上班族,1
UID-97265bc7,2026-03-12 09:58:00,+886-901-954-019,"網路購物詐騙,解除分期付款",165,42829,大專院校,1
UID-ee613639,2026-03-12 10:23:00,+886-905-682-276,"一般客訴,服務態度",1,15000,50-69 中高齡,0
UID-80734c56,2026-03-12 19:41:00,+886-902-194-694,"假檢警,監管帳戶",1,2243391,碩博士,1
UID-e3fabaea,2026-03-12 21:30:00,+886-905-152-921,"一般客訴,服務態度",2,0,大專院校,0
UID-d1adadf6,2026-03-13 07:25:00,+886-901-365-006,"網路購物詐騙,假賣場",266,35804,上班族,1
UID-c32daf86,2026-03-12 15:11:00,+886-901-689-044,"幽靈包裹,超商取貨",332,21087,大專院校,1
UID-9a384508,2026-03-13 06:59:00,+886-903-887-009,"假投資,資金盤",17,2827139,50-69 中高齡,1
UID-04acac36,2026-03-12 19:49:00,+886-903-883-046,"假投資,內線交易,VIP通道",16,2659114,上班族,1
UID-48b06bdc,2026-03-12 23:46:00,+886-903-887-088,"假投資,虛擬貨幣,高報酬",5,4070439,碩博士,1
UID-3f7ef85c,2026-03-12 23:40:00,+886-905-582-224,"交易糾紛,商品瑕疵",2,500,大專院校,0
UID-6c7df4c9,2026-03-13 07:13:00,+886-902-164-257,"假冒郵局,普發現金冒領",2,3351953,50-69 中高齡,1
UID-b31d321b,2026-03-13 01:17:00,+886-901-694-010,"網路購物詐騙,ATM操作",153,30681,大專院校,1
UID-0261a837,2026-03-13 02:36:00,+886-902-174-228,"假員警,偵查不公開",1,7621467,50-69 中高齡,1
UID-cbcb0f15,2026-03-12 17:11:00,+886-902-167-681,"假冒郵局,普發現金冒領",1,1442832,70+ 長者,1
UID-4d20c008,2026-03-12 16:13:00,+886-902-189-402,"假冒郵局,普發現金冒領",3,7408963,50-69 中高齡,1
UID-3ac519d8,2026-03-12 18:36:00,+886-905-887-712,"交易糾紛,商品瑕疵",2,15000,70+ 長者,0
UID-a962155b,2026-03-13 04:52:00,+886-905-685-994,"司法文書送達,正常公務",1,500,70+ 長者,0
UID-77ca1a89,2026-03-13 01:15:00,+886-904-955-017,"網路交友,要求儲值,點數卡",13,88785,碩博士,1
UID-4f4651ed,2026-03-12 13:58:00,+886-904-405-039,"網路交友,AI濾鏡假冒",20,149322,學生,1
UID-4aa204a1,2026-03-12 11:48:00,+886-902-145-805,"假檢警,監管帳戶",2,3441432,70+ 長者,1
UID-0f490f87,2026-03-12 12:33:00,+886-902-158-905,"假冒郵局,普發現金冒領",2,5730977,70+ 長者,1
UID-38f24b46,2026-03-13 04:17:00,+886-903-885-040,"假投資,保證獲利",7,3017965,碩博士,1
UID-14fbdbc9,2026-03-12 16:54:00,+886-901-356-004,"網路購物詐騙,假賣場",184,5164,高中職以下,1
UID-95e6081f,2026-03-12 18:31:00,+886-905-563-461,"一般客訴,服務態度",1,0,學生,0
UID-49b70ec9,2026-03-12 12:15:00,+886-903-884-086,"假投資,內線交易,VIP通道",17,2282616,碩博士,1
UID-19393a8f,2026-03-12 22:01:00,+886-904-266-075,"Threads廣告,假兼職",29,138195,碩博士,1
UID-1427bd91,2026-03-12 19:14:00,+886-905-737-307,"一般客訴,服務態度",1,15000,70+ 長者,0
UID-49226034,2026-03-13 00:33:00,+886-905-999-665,"一般客訴,服務態度",2,0,碩博士,0
UID-495f5761,2026-03-12 23:53:00,+886-903-885-047,"假投資,資金盤",20,2439670,50-69 中高齡,1
UID-344e9bf1,2026-03-13 08:15:00,+886-903-884-092,"假投資,內線交易,VIP通道",12,2610819,大專院校,1
UID-e712de2f,2026-03-13 03:27:00,+886-904-501-036,"網路交友,要求儲值,點數卡",12,62934,學生,1
UID-8e3e0594,2026-03-12 19:50:00,+886-905-785-661,"司法文書送達,正常公務",1,15000,碩博士,0
UID-508d18f1,2026-03-12 19:27:00,+886-903-884-096,"假投資,內線交易,VIP通道",8,4936966,碩博士,1
UID-1bb9af19,2026-03-12 09:25:00,+886-905-733-418,"交易糾紛,商品瑕疵",1,3000,高中職以下,0
UID-9bf92a42,2026-03-12 18:10:00,+886-905-138-532,"司法文書送達,正常公務",1,3000,50-69 中高齡,0
UID-5e6d532b,2026-03-13 03:35:00,+886-905-956-370,"交易糾紛,商品瑕疵",2,0,大專院校,0
UID-d33c14f7,2026-03-13 08:39:00,+886-905-400-548,"司法文書送達,正常公務",2,500,50-69 中高齡,0
UID-eb8bbd39,2026-03-12 21:27:00,+886-902-150-737,"假員警,偵查不公開",2,886692,70+ 長者,1
UID-4eca34e2,2026-03-13 02:51:00,+886-904-606-089,"Threads廣告,假兼職",28,142599,碩博士,1
UID-4f36c382,2026-03-12 10:33:00,+886-903-882-081,"假投資,資金盤",13,1696271,大專院校,1
UID-20490c79,2026-03-12 21:07:00,+886-902-198-310,"假員警,偵查不公開",1,7546831,70+ 長者,1
UID-4cdd5b44,2026-03-13 01:43:00,+886-905-573-942,"司法文書送達,正常公務",1,500,50-69 中高齡,0
UID-1289b2e1,2026-03-13 06:50:00,+886-902-112-581,"假扣押財產,面交黃金白銀",3,4860395,50-69 中高齡,1
UID-7b16331c,2026-03-12 22:45:00,+886-905-637-911,"債務不履行,退款延遲",2,3000,學生,0
UID-08dfd4f2,2026-03-12 14:48:00,+886-905-395-337,"債務不履行,退款延遲",1,500,碩博士,0
UID-1a507689,2026-03-12 22:08:00,+886-905-142-474,"一般客訴,服務態度",1,3000,50-69 中高齡,0
UID-67030afd,2026-03-13 05:51:00,+886-903-886-043,"假投資,資金盤",10,4832318,上班族,1
UID-198517bd,2026-03-13 00:47:00,+886-905-925-546,"正常投資諮詢,理財規劃",1,3000,70+ 長者,0
UID-6d4b58b0,2026-03-12 17:28:00,+886-903-886-004,"假投資,保證獲利",5,742202,碩博士,1
UID-757f08f2,2026-03-13 07:58:00,+886-905-310-373,"債務不履行,退款延遲",2,500,50-69 中高齡,0
UID-b45441c4,2026-03-13 01:59:00,+886-905-681-142,"交易糾紛,商品瑕疵",2,3000,碩博士,0
UID-2b590c60,2026-03-12 09:52:00,+886-902-132-766,"假冒郵局,普發現金冒領",1,6195770,碩博士,1
UID-ae076cab,2026-03-12 22:02:00,+886-903-883-025,"假投資,虛擬貨幣,高報酬",15,4358018,上班族,1
UID-5603e342,2026-03-13 07:19:00,+886-905-231-647,"債務不履行,退款延遲",2,500,高中職以下,0
UID-3232aa3f,2026-03-12 09:54:00,+886-904-185-027,"網路交友,AI濾鏡假冒",21,124853,碩博士,1
UID-acda2b0e,2026-03-12 20:48:00,+886-902-198-384,"假扣押財產,面交黃金白銀",2,1716005,碩博士,1
UID-5e4eacf0,2026-03-13 04:45:00,+886-904-787-018,"殺豬盤,平台無法出金",22,61872,大專院校,1
UID-236f67aa,2026-03-13 06:51:00,+886-905-531-663,"一般客訴,服務態度",2,15000,高中職以下,0
UID-d3681420,2026-03-13 06:22:00,+886-903-880-062,"假投資,內線交易,VIP通道",18,2954325,碩博士,1
UID-b49253ff,2026-03-13 00:10:00,+886-901-686-001,"網路購物詐騙,ATM操作",256,15791,學生,1
UID-857b40f4,2026-03-12 11:54:00,+886-903-888-066,"假投資,虛擬貨幣,高報酬",7,3387196,大專院校,1
UID-b1d7a532,2026-03-12 18:24:00,+886-904-894-059,"網路交友,AI濾鏡假冒",26,12961,上班族,1
UID-ff01b10c,2026-03-12 11:13:00,+886-905-429-665,"債務不履行,退款延遲",1,3000,碩博士,0
UID-e132b82b,2026-03-12 14:24:00,+886-901-482-019,"網路購物詐騙,ATM操作",181,4536,上班族,1
UID-2b1089f2,2026-03-13 02:11:00,+886-905-435-255,"交易糾紛,商品瑕疵",1,500,上班族,0
UID-11158382,2026-03-12 17:20:00,+886-905-161-367,"正常投資諮詢,理財規劃",2,15000,高中職以下,0
UID-00ccf992,2026-03-12 19:18:00,+886-901-830-049,"網路購物詐騙,解除分期付款",473,32135,學生,1
UID-24bdd3e0,2026-03-12 21:58:00,+886-905-944-449,"一般客訴,服務態度",1,15000,學生,0
UID-e2121a7a,2026-03-13 08:38:00,+886-903-884-038,"假投資,保證獲利",20,1219869,碩博士,1
UID-81622863,2026-03-12 22:48:00,+886-904-321-090,"網路交友,AI濾鏡假冒",30,7783,大專院校,1
UID-ae74ad5f,2026-03-13 01:52:00,+886-903-886-034,"假投資,虛擬貨幣,高報酬",9,2504238,碩博士,1
UID-405b71f6,2026-03-12 21:17:00,+886-905-926-418,"正常投資諮詢,理財規劃",1,500,碩博士,0
UID-051bc6f9,2026-03-12 09:15:00,+886-905-285-280,"一般客訴,服務態度",2,500,上班族,0
UID-467039da,2026-03-12 14:47:00,+886-902-140-820,"假冒郵局,普發現金冒領",1,3011834,碩博士,1
UID-0f03dc22,2026-03-12 22:13:00,+886-901-254-035,"網路購物詐騙,ATM操作",176,44801,上班族,1
UID-3c590fa7,2026-03-12 10:34:00,+886-903-881-091,"假投資,資金盤",16,3156774,50-69 中高齡,1
UID-634de152,2026-03-12 12:07:00,+886-902-108-841,"假冒郵局,普發現金冒領",1,7886370,50-69 中高齡,1
UID-885e1eef,2026-03-12 10:26:00,+886-901-677-016,"網路購物詐騙,解除分期付款",367,2633,學生,1
UID-3011c26b,2026-03-12 12:13:00,+886-904-690-065,"網路交友,AI濾鏡假冒",20,18013,碩博士,1
UID-a303c22c,2026-03-12 17:43:00,+886-903-885-079,"假投資,內線交易,VIP通道",16,2674228,50-69 中高齡,1
UID-37c1f07a,2026-03-12 09:51:00,+886-904-246-065,"網路交友,AI濾鏡假冒",2,94356,學生,1
UID-ea6d5d0b,2026-03-12 21:23:00,+886-901-251-048,"幽靈包裹,超商取貨",179,14385,大專院校,1
UID-17f82488,2026-03-12 20:31:00,+886-904-698-034,"網路交友,要求儲值,點數卡",24,92183,大專院校,1
UID-26845fe9,2026-03-13 06:01:00,+886-905-196-669,"正常投資諮詢,理財規劃",2,500,碩博士,0
UID-9126e066,2026-03-12 14:15:00,+886-901-345-024,"幽靈包裹,超商取貨",166,31842,學生,1
UID-bd9f0a2d,2026-03-12 23:29:00,+886-901-759-033,"網路購物詐騙,假賣場",342,10979,學生,1
UID-581e73f1,2026-03-12 09:41:00,+886-901-217-050,"網路購物詐騙,假賣場",266,31239,上班族,1
UID-b09822ed,2026-03-12 18:21:00,+886-905-378-286,"正常投資諮詢,理財規劃",1,500,上班族,0
UID-81d06cb2,2026-03-12 17:13:00,+886-902-135-206,"假冒郵局,普發現金冒領",3,3416210,70+ 長者,1
UID-2cddcda3,2026-03-12 15:08:00,+886-903-880-018,"假投資,內線交易,VIP通道",9,1387257,50-69 中高齡,1
UID-2e4eca38,2026-03-12 21:10:00,+886-902-175-573,"假員警,偵查不公開",1,2008704,50-69 中高齡,1
UID-0696fd4f,2026-03-12 18:47:00,+886-905-872-948,"司法文書送達,正常公務",1,0,大專院校,0
UID-73e3341e,2026-03-12 11:10:00,+886-901-803-004,"幽靈包裹,超商取貨",267,16096,高中職以下,1
UID-96e7e700,2026-03-12 14:53:00,+886-904-875-072,"網路交友,要求儲值,點數卡",21,99677,上班族,1
UID-7cf0d86f,2026-03-12 14:11:00,+886-905-735-231,"交易糾紛,商品瑕疵",2,0,大專院校,0
UID-01816e6d,2026-03-12 16:01:00,+886-901-901-008,"網路購物詐騙,假賣場",353,41765,高中職以下,1
UID-0a2b35b0,2026-03-12 14:33:00,+886-903-881-021,"假投資,保證獲利",19,437656,上班族,1
UID-ce591ce8,2026-03-13 00:43:00,+886-903-881-015,"假投資,虛擬貨幣,高報酬",9,2669270,上班族,1
UID-5314b773,2026-03-13 07:08:00,+886-903-880-083,"假投資,內線交易,VIP通道",19,1028479,碩博士,1
UID-5679cd7a,2026-03-13 02:22:00,+886-903-889-025,"假投資,資金盤",20,2201640,碩博士,1
UID-d713ab2c,2026-03-13 02:46:00,+886-901-164-039,"幽靈包裹,超商取貨",208,22891,高中職以下,1
UID-f05cb01e,2026-03-13 01:34:00,+886-905-734-836,"債務不履行,退款延遲",1,0,大專院校,0
UID-59a61c1e,2026-03-13 07:18:00,+886-903-886-041,"假投資,虛擬貨幣,高報酬",8,3360663,上班族,1
UID-f8ff61d1,2026-03-12 21:22:00,+886-905-118-785,"債務不履行,退款延遲",2,0,50-69 中高齡,0
UID-303d84e1,2026-03-12 17:54:00,+886-905-969-632,"司法文書送達,正常公務",2,3000,70+ 長者,0
UID-d5a8d017,2026-03-13 07:21:00,+886-905-937-543,"債務不履行,退款延遲",1,0,大專院校,0
UID-77c549c6,2026-03-12 13:15:00,+886-905-196-869,"司法文書送達,正常公務",1,15000,70+ 長者,0
UID-be9dce95,2026-03-12 20:09:00,+886-905-115-164,"一般客訴,服務態度",2,500,70+ 長者,0
UID-2d6aa4f2,2026-03-12 19:33:00,+886-905-460-589,"一般客訴,服務態度",1,3000,學生,0
UID-19f8f334,2026-03-13 00:47:00,+886-904-966-098,"殺豬盤,平台無法出金",20,80863,碩博士,1
UID-540d955f,2026-03-12 11:38:00,+886-905-182-669,"債務不履行,退款延遲",1,15000,70+ 長者,0
UID-bbd9db0d,2026-03-12 19:18:00,+886-903-886-073,"假投資,保證獲利",8,2752101,碩博士,1
UID-6f5921e5,2026-03-12 09:04:00,+886-904-688-097,"網路交友,AI濾鏡假冒",13,293,大專院校,1
UID-8cd6be5f,2026-03-13 04:23:00,+886-903-881-034,"假投資,虛擬貨幣,高報酬",6,3036562,50-69 中高齡,1
UID-83a0ea5a,2026-03-13 04:08:00,+886-902-106-452,"假冒郵局,普發現金冒領",3,7773448,50-69 中高齡,1
UID-d52578b7,2026-03-12 19:27:00,+886-903-883-022,"假投資,資金盤",16,4356443,上班族,1
UID-fb914802,2026-03-13 05:13:00,+886-903-889-097,"假投資,內線交易,VIP通道",14,1896125,碩博士,1
UID-53da1833,2026-03-13 05:57:00,+886-905-335-641,"正常投資諮詢,理財規劃",1,0,50-69 中高齡,0
UID-4c0bca0d,2026-03-13 08:04:00,+886-901-706-020,"網路購物詐騙,ATM操作",165,20282,高中職以下,1
UID-d609bf09,2026-03-12 21:15:00,+886-903-885-064,"假投資,保證獲利",13,2638397,碩博士,1
UID-aaae2fc1,2026-03-12 14:22:00,+886-905-727-157,"債務不履行,退款延遲",1,15000,大專院校,0
UID-6f2bad92,2026-03-12 15:11:00,+886-902-111-443,"假冒郵局,普發現金冒領",3,4986338,碩博士,1
UID-e62911e8,2026-03-12 18:21:00,+886-902-177-707,"假員警,偵查不公開",3,5897542,碩博士,1
UID-f6e0f46e,2026-03-13 07:15:00,+886-904-577-046,"網路交友,要求儲值,點數卡",18,100660,碩博士,1
UID-5a520fa3,2026-03-12 09:51:00,+886-903-880-051,"假投資,保證獲利",12,2255679,碩博士,1
UID-d11ff617,2026-03-12 13:20:00,+886-905-487-591,"司法文書送達,正常公務",1,0,高中職以下,0
UID-cd247280,2026-03-12 21:04:00,+886-905-439-471,"正常投資諮詢,理財規劃",2,0,70+ 長者,0
UID-4e07ae48,2026-03-12 20:28:00,+886-902-179-437,"假扣押財產,面交黃金白銀",2,532154,50-69 中高齡,1
UID-7e7663f1,2026-03-13 02:29:00,+886-901-357-030,"幽靈包裹,超商取貨",237,7339,學生,1
UID-8825726c,2026-03-13 01:42:00,+886-905-726-939,"債務不履行,退款延遲",1,15000,上班族,0
UID-232a1179,2026-03-13 07:53:00,+886-905-655-528,"正常投資諮詢,理財規劃",1,15000,70+ 長者,0
UID-f48ec9c3,2026-03-12 16:55:00,+886-903-883-054,"假投資,內線交易,VIP通道",16,477495,50-69 中高齡,1
UID-d99a0b44,2026-03-12 16:02:00,+886-904-288-050,"殺豬盤,平台無法出金",7,6206,碩博士,1
UID-9e311358,2026-03-13 08:19:00,+886-903-886-016,"假投資,資金盤",8,1960191,大專院校,1
UID-2beadc0b,2026-03-13 02:34:00,+886-901-364-004,"幽靈包裹,超商取貨",225,15282,大專院校,1
UID-5cdecbc1,2026-03-12 12:38:00,+886-904-589-003,"網路交友,要求儲值,點數卡",9,72955,上班族,1
UID-aaf40d73,2026-03-13 00:55:00,+886-903-889-068,"假投資,虛擬貨幣,高報酬",12,4199714,碩博士,1
UID-05208482,2026-03-12 12:26:00,+886-903-880-018,"假投資,虛擬貨幣,高報酬",13,4977567,上班族,1
UID-2b67b60f,2026-03-13 06:41:00,+886-905-565-230,"債務不履行,退款延遲",1,0,50-69 中高齡,0
UID-a127bb3d,2026-03-12 20:25:00,+886-901-365-036,"網路購物詐騙,解除分期付款",221,36223,學生,1
UID-bad4729d,2026-03-12 11:37:00,+886-904-373-057,"網路交友,AI濾鏡假冒",9,63890,大專院校,1
UID-c47b56d9,2026-03-12 10:04:00,+886-905-306-762,"一般客訴,服務態度",2,500,50-69 中高齡,0
UID-5dd57b8e,2026-03-12 09:18:00,+886-901-822-045,"網路購物詐騙,ATM操作",497,8704,學生,1
UID-108a4e76,2026-03-13 06:00:00,+886-904-856-067,"網路交友,AI濾鏡假冒",27,104847,學生,1
UID-f2d03b70,2026-03-13 02:38:00,+886-905-127-517,"交易糾紛,商品瑕疵",2,0,上班族,0
UID-0ddf3bf4,2026-03-13 04:49:00,+886-902-189-520,"假冒郵局,普發現金冒領",2,5435730,70+ 長者,1
UID-66cf4934,2026-03-12 13:05:00,+886-903-889-075,"假投資,內線交易,VIP通道",19,1498563,上班族,1
UID-84fe50de,2026-03-12 12:00:00,+886-905-717-497,"交易糾紛,商品瑕疵",1,0,上班族,0
UID-002acd3e,2026-03-12 11:59:00,+886-905-929-940,"債務不履行,退款延遲",2,0,碩博士,0
UID-d836c9ae,2026-03-13 08:29:00,+886-905-627-658,"交易糾紛,商品瑕疵",1,15000,上班族,0
UID-f30414c4,2026-03-13 04:16:00,+886-903-889-080,"假投資,虛擬貨幣,高報酬",12,2089879,碩博士,1
UID-0be010ae,2026-03-12 23:25:00,+886-905-329-239,"債務不履行,退款延遲",2,0,碩博士,0
UID-0dc3c9d5,2026-03-13 03:16:00,+886-903-882-055,"假投資,資金盤",6,4744215,50-69 中高齡,1
UID-fba2e646,2026-03-12 09:41:00,+886-904-377-081,"殺豬盤,平台無法出金",9,33766,大專院校,1
UID-ea28b9f5,2026-03-12 22:27:00,+886-901-502-031,"幽靈包裹,超商取貨",2045,33695,大專院校,1
UID-78620c16,2026-03-12 13:38:00,+886-901-613-045,"網路購物詐騙,ATM操作",236,26420,上班族,1
UID-d6410eb7,2026-03-12 20:17:00,+886-903-888-037,"假投資,內線交易,VIP通道",11,3561147,上班族,1
UID-140d4f29,2026-03-13 04:44:00,+886-902-165-937,"假檢警,監管帳戶",2,6679733,70+ 長者,1
UID-c560d531,2026-03-12 11:34:00,+886-902-116-860,"假扣押財產,面交黃金白銀",2,1545051,70+ 長者,1
UID-404b8ca5,2026-03-13 04:57:00,+886-904-248-097,"Threads廣告,假兼職",17,94176,大專院校,1
UID-1f246df5,2026-03-12 21:01:00,+886-905-958-416,"司法文書送達,正常公務",2,500,高中職以下,0
UID-178651bc,2026-03-12 15:15:00,+886-905-175-940,"司法文書送達,正常公務",2,3000,上班族,0
UID-e90b4ac9,2026-03-12 19:00:00,+886-904-951-030,"Threads廣告,假兼職",8,73172,大專院校,1
UID-84b0efef,2026-03-13 03:33:00,+886-905-172-484,"正常投資諮詢,理財規劃",1,0,高中職以下,0
UID-32f87623,2026-03-12 12:09:00,+886-905-828-833,"正常投資諮詢,理財規劃",2,15000,50-69 中高齡,0
UID-f2410174,2026-03-12 16:46:00,+886-902-121-230,"假扣押財產,面交黃金白銀",2,7961111,70+ 長者,1
UID-509f5b9f,2026-03-12 15:47:00,+886-903-887-054,"假投資,內線交易,VIP通道",5,2723946,碩博士,1
UID-07283f7c,2026-03-12 15:58:00,+886-901-174-044,"網路購物詐騙,ATM操作",175,39811,大專院校,1
UID-aac22620,2026-03-13 01:20:00,+886-904-978-086,"Threads廣告,假兼職",11,4318,上班族,1
UID-1cb2e9c9,2026-03-13 08:04:00,+886-901-881-035,"網路購物詐騙,ATM操作",909,25508,大專院校,1
UID-87b7fb70,2026-03-13 08:50:00,+886-903-881-079,"假投資,資金盤",6,4690489,50-69 中高齡,1
UID-95d71299,2026-03-12 10:56:00,+886-902-195-986,"假檢警,監管帳戶",3,3783851,50-69 中高齡,1
UID-411640ab,2026-03-13 01:23:00,+886-905-625-784,"司法文書送達,正常公務",2,15000,高中職以下,0
UID-186d60f8,2026-03-12 21:14:00,+886-902-155-810,"假冒郵局,普發現金冒領",3,6648288,50-69 中高齡,1
UID-84ac0c9a,2026-03-13 00:39:00,+886-905-384-497,"交易糾紛,商品瑕疵",2,3000,上班族,0
UID-93b225c0,2026-03-12 18:33:00,+886-902-130-933,"假檢警,監管帳戶",2,5053614,70+ 長者,1
UID-52e48dbe,2026-03-12 23:53:00,+886-905-541-841,"債務不履行,退款延遲",1,3000,上班族,0
UID-1c9ac99d,2026-03-12 23:51:00,+886-902-101-372,"假扣押財產,面交黃金白銀",3,7635176,碩博士,1
UID-dd0930f5,2026-03-12 09:47:00,+886-905-645-811,"交易糾紛,商品瑕疵",1,3000,碩博士,0
UID-87f60a0b,2026-03-13 07:25:00,+886-903-880-041,"假投資,資金盤",12,4238968,上班族,1
UID-ede8edb7,2026-03-13 03:22:00,+886-903-886-056,"假投資,資金盤",5,2965833,50-69 中高齡,1
UID-be26d238,2026-03-12 21:31:00,+886-903-888-099,"假投資,資金盤",11,610973,大專院校,1
UID-d9062f4e,2026-03-13 07:16:00,+886-904-826-052,"Threads廣告,假兼職",6,133487,學生,1
UID-e1898801,2026-03-12 21:22:00,+886-901-332-024,"網路購物詐騙,ATM操作",262,33831,上班族,1
UID-3409b1d0,2026-03-12 21:00:00,+886-902-182-785,"假員警,偵查不公開",3,4635596,50-69 中高齡,1
UID-52a776e2,2026-03-13 05:52:00,+886-903-882-072,"假投資,虛擬貨幣,高報酬",7,1539834,碩博士,1
UID-14707584,2026-03-13 01:16:00,+886-904-667-023,"Threads廣告,假兼職",14,8479,學生,1
UID-ecd87d69,2026-03-12 09:03:00,+886-999-999-999,"機器人測試,惡意灌水",12508,0,未知,0
UID-371aa00c,2026-03-13 02:45:00,+886-905-888-372,"司法文書送達,正常公務",1,3000,大專院校,0
UID-8da066ea,2026-03-13 02:00:00,+886-905-801-712,"交易糾紛,商品瑕疵",1,3000,大專院校,0
UID-7a1bbef4,2026-03-12 18:34:00,+886-905-724-449,"司法文書送達,正常公務",1,3000,70+ 長者,0
UID-cd43f4e2,2026-03-13 02:29:00,+886-905-362-923,"債務不履行,退款延遲",2,15000,50-69 中高齡,0
UID-07ef2193,2026-03-12 11:47:00,+886-901-550-049,"幽靈包裹,超商取貨",156,38960,高中職以下,1
UID-7734afe3,2026-03-12 16:52:00,+886-905-327-759,"一般客訴,服務態度",1,3000,碩博士,0
UID-e1eb6393,2026-03-12 13:20:00,+886-902-121-491,"假檢警,監管帳戶",1,3380018,70+ 長者,1
UID-45616195,2026-03-13 07:05:00,+886-905-448-218,"交易糾紛,商品瑕疵",2,15000,高中職以下,0
UID-31dd17e0,2026-03-12 18:09:00,+886-901-125-007,"網路購物詐騙,ATM操作",180,13718,上班族,1
UID-66e1cc0b,2026-03-13 05:43:00,+886-901-687-040,"網路購物詐騙,解除分期付款",151,2864,大專院校,1
UID-fcd053d0,2026-03-12 15:30:00,+886-902-111-759,"假冒郵局,普發現金冒領",1,1519165,70+ 長者,1
UID-ccd795bc,2026-03-12 10:03:00,+886-905-845-642,"正常投資諮詢,理財規劃",2,500,50-69 中高齡,0
UID-cd1a221e,2026-03-13 03:03:00,+886-905-589-164,"債務不履行,退款延遲",1,0,碩博士,0
UID-7a794696,2026-03-12 13:57:00,+886-901-385-017,"幽靈包裹,超商取貨",250,15739,上班族,1
UID-40b5cc00,2026-03-12 18:04:00,+886-905-502-945,"交易糾紛,商品瑕疵",2,500,70+ 長者,0
UID-d9285f82,2026-03-13 00:12:00,+886-901-403-024,"網路購物詐騙,ATM操作",276,15986,上班族,1
UID-b0fac19d,2026-03-12 21:37:00,+886-903-880-001,"假投資,虛擬貨幣,高報酬",19,1187846,上班族,1
UID-4e7c9687,2026-03-12 20:16:00,+886-903-885-094,"假投資,保證獲利",7,4124883,碩博士,1
UID-4c307833,2026-03-12 19:33:00,+886-903-881-058,"假投資,虛擬貨幣,高報酬",6,3951828,碩博士,1
UID-1043250a,2026-03-12 09:28:00,+886-904-126-079,"殺豬盤,平台無法出金",24,32298,大專院校,1
UID-fc3688cf,2026-03-12 13:36:00,+886-901-189-006,"網路購物詐騙,ATM操作",760,22636,高中職以下,1
UID-35b4be30,2026-03-12 10:58:00,+886-905-988-452,"一般客訴,服務態度",2,3000,高中職以下,0
UID-7342970b,2026-03-13 01:52:00,+886-905-628-985,"一般客訴,服務態度",1,15000,50-69 中高齡,0
UID-3261b813,2026-03-12 10:57:00,+886-901-679-009,"網路購物詐騙,假賣場",202,10107,上班族,1
UID-9fb4ad66,2026-03-12 23:16:00,+886-905-471-156,"一般客訴,服務態度",2,3000,50-69 中高齡,0
UID-add065b5,2026-03-12 10:00:00,+886-905-936-882,"正常投資諮詢,理財規劃",1,15000,碩博士,0
UID-9a807dff,2026-03-12 19:46:00,+886-905-725-129,"正常投資諮詢,理財規劃",1,500,碩博士,0
UID-4ef7d3bc,2026-03-12 22:12:00,+886-903-888-060,"假投資,資金盤",8,2688240,上班族,1
UID-41c721fc,2026-03-13 01:34:00,+886-904-844-030,"網路交友,要求儲值,點數卡",12,27238,學生,1
UID-d89d33ef,2026-03-13 02:08:00,+886-903-881-005,"假投資,內線交易,VIP通道",20,752416,碩博士,1
UID-66e10017,2026-03-12 21:11:00,+886-903-884-089,"假投資,內線交易,VIP通道",15,1585895,碩博士,1
UID-0436de68,2026-03-12 12:31:00,+886-901-295-030,"網路購物詐騙,ATM操作",344,10462,大專院校,1
UID-abf70354,2026-03-13 05:15:00,+886-904-601-045,"網路交友,AI濾鏡假冒",28,84768,碩博士,1
UID-f3910a83,2026-03-12 17:10:00,+886-902-155-274,"假員警,偵查不公開",1,1188469,70+ 長者,1
UID-5641b501,2026-03-13 02:44:00,+886-905-912-627,"債務不履行,退款延遲",2,3000,高中職以下,0
UID-b05048f0,2026-03-12 10:23:00,+886-903-888-022,"假投資,資金盤",17,1891194,碩博士,1
UID-45aaad17,2026-03-12 20:52:00,+886-901-715-008,"網路購物詐騙,假賣場",153,20987,學生,1
UID-0b5d2456,2026-03-13 08:11:00,+886-903-881-049,"假投資,內線交易,VIP通道",19,1816359,50-69 中高齡,1
UID-c1532a36,2026-03-13 04:11:00,+886-904-839-061,"網路交友,要求儲值,點數卡",23,112212,碩博士,1
UID-09400bb9,2026-03-13 02:42:00,+886-904-412-051,"殺豬盤,平台無法出金",24,58438,碩博士,1
UID-c0a7a8a7,2026-03-12 21:31:00,+886-902-143-932,"假扣押財產,面交黃金白銀",3,7250659,50-69 中高齡,1
UID-9969b788,2026-03-13 00:38:00,+886-905-994-401,"債務不履行,退款延遲",1,500,學生,0
UID-19a30424,2026-03-13 04:21:00,+886-904-993-066,"殺豬盤,平台無法出金",26,21658,大專院校,1
UID-4a15c83d,2026-03-12 15:27:00,+886-901-151-041,"網路購物詐騙,ATM操作",162,20316,學生,1
UID-ac272602,2026-03-12 12:05:00,+886-904-406-028,"網路交友,要求儲值,點數卡",27,103749,碩博士,1
UID-30a6d4ec,2026-03-13 07:40:00,+886-904-512-038,"殺豬盤,平台無法出金",4,705,碩博士,1
UID-88d84906,2026-03-12 12:45:00,+886-903-883-035,"假投資,虛擬貨幣,高報酬",5,1615689,大專院校,1
UID-f82ea72c,2026-03-12 14:09:00,+886-903-885-014,"假投資,保證獲利",16,873458,碩博士,1
UID-5858037c,2026-03-12 18:19:00,+886-905-525-814,"一般客訴,服務態度",2,3000,70+ 長者,0
UID-cd5e428e,2026-03-12 18:14:00,+886-902-175-935,"假員警,偵查不公開",1,6401666,50-69 中高齡,1
UID-ccb141b5,2026-03-13 01:01:00,+886-903-888-080,"假投資,虛擬貨幣,高報酬",10,1132195,50-69 中高齡,1
UID-70e40cb6,2026-03-12 22:08:00,+886-905-146-207,"正常投資諮詢,理財規劃",1,0,上班族,0
UID-045147db,2026-03-12 20:56:00,+886-905-508-159,"一般客訴,服務態度",1,0,學生,0
UID-3cde8061,2026-03-13 07:58:00,+886-904-568-092,"網路交友,要求儲值,點數卡",24,57866,學生,1
UID-66b6b4c5,2026-03-12 13:25:00,+886-905-450-196,"債務不履行,退款延遲",2,0,學生,0
UID-9acbacf8,2026-03-12 20:42:00,+886-901-173-033,"網路購物詐騙,假賣場",159,19638,大專院校,1
UID-1c9351b5,2026-03-12 09:17:00,+886-905-253-852,"交易糾紛,商品瑕疵",2,15000,高中職以下,0
UID-9fb24250,2026-03-12 13:40:00,+886-904-814-003,"殺豬盤,平台無法出金",3,49319,大專院校,1
UID-c1c5822d,2026-03-13 01:26:00,+886-903-883-018,"假投資,虛擬貨幣,高報酬",8,4159353,上班族,1
UID-d4d212f4,2026-03-13 06:18:00,+886-905-524-317,"一般客訴,服務態度",1,500,高中職以下,0
UID-c664030b,2026-03-12 16:39:00,+886-903-886-067,"假投資,資金盤",15,1071755,上班族,1
UID-ea9ad27e,2026-03-12 10:21:00,+886-904-248-067,"網路交友,AI濾鏡假冒",7,15653,大專院校,1
UID-48f5aecd,2026-03-12 20:28:00,+886-904-837-011,"Threads廣告,假兼職",16,688,大專院校,1
UID-60881b71,2026-03-12 22:05:00,+886-905-775-512,"債務不履行,退款延遲",2,15000,碩博士,0
UID-d873e37c,2026-03-13 06:03:00,+886-903-886-040,"假投資,虛擬貨幣,高報酬",16,1263433,上班族,1
UID-118976e9,2026-03-12 18:46:00,+886-902-148-369,"假冒郵局,普發現金冒領",3,1235673,50-69 中高齡,1
UID-0791f958,2026-03-12 11:24:00,+886-903-889-072,"假投資,虛擬貨幣,高報酬",7,3850061,50-69 中高齡,1
UID-c5916947,2026-03-12 10:03:00,+886-905-165-523,"債務不履行,退款延遲",2,0,70+ 長者,0
UID-46697e2d,2026-03-12 12:40:00,+886-903-885-085,"假投資,虛擬貨幣,高報酬",9,2982293,碩博士,1
UID-0711c5a1,2026-03-13 06:04:00,+886-904-948-042,"殺豬盤,平台無法出金",16,80498,上班族,1
UID-aefc6702,2026-03-12 15:21:00,+886-902-135-198,"假檢警,監管帳戶",3,5018451,70+ 長者,1
UID-455d83e1,2026-03-12 23:43:00,+886-904-721-020,"網路交友,AI濾鏡假冒",25,117699,學生,1
UID-b2577de8,2026-03-13 07:19:00,+886-902-132-593,"假冒郵局,普發現金冒領",1,7763531,碩博士,1
UID-9f4c8b8e,2026-03-13 07:40:00,+886-903-883-091,"假投資,內線交易,VIP通道",11,3258320,上班族,1
UID-dbdd3e8a,2026-03-13 01:34:00,+886-902-158-283,"假扣押財產,面交黃金白銀",1,4760863,70+ 長者,1
UID-b389cf0e,2026-03-12 22:43:00,+886-903-886-063,"假投資,資金盤",16,3641125,碩博士,1
UID-d5f4e13d,2026-03-13 03:35:00,+886-903-883-055,"假投資,虛擬貨幣,高報酬",19,4727116,碩博士,1
UID-87544f3b,2026-03-13 02:58:00,+886-904-639-058,"網路交友,AI濾鏡假冒",25,90728,上班族,1
UID-45026578,2026-03-13 02:01:00,+886-901-822-018,"幽靈包裹,超商取貨",183,10692,上班族,1
UID-2fed7a41,2026-03-12 15:34:00,+886-902-182-813,"假扣押財產,面交黃金白銀",3,6213962,70+ 長者,1
UID-04681375,2026-03-12 13:46:00,+886-904-479-053,"殺豬盤,平台無法出金",2,102600,上班族,1
UID-42ff4a91,2026-03-12 19:53:00,+886-905-493-383,"一般客訴,服務態度",2,15000,學生,0
UID-f14ba0e3,2026-03-12 20:08:00,+886-905-875-235,"正常投資諮詢,理財規劃",1,3000,上班族,0
UID-4659b3e1,2026-03-13 04:18:00,+886-901-878-034,"幽靈包裹,超商取貨",152,2737,高中職以下,1
UID-cd43a95f,2026-03-12 15:44:00,+886-905-359-735,"一般客訴,服務態度",1,3000,上班族,0
UID-8f43a32e,2026-03-13 04:36:00,+886-905-765-161,"債務不履行,退款延遲",2,3000,學生,0
UID-1f1b9fa1,2026-03-12 12:31:00,+886-902-111-690,"假冒郵局,普發現金冒領",3,1212017,50-69 中高齡,1
UID-c1fb10e7,2026-03-12 12:51:00,+886-901-622-047,"幽靈包裹,超商取貨",349,35427,上班族,1
UID-267e057d,2026-03-13 02:15:00,+886-905-630-331,"司法文書送達,正常公務",1,15000,70+ 長者,0
UID-fed3e88b,2026-03-12 22:34:00,+886-904-948-046,"網路交友,要求儲值,點數卡",13,87078,學生,1
UID-fe17104d,2026-03-13 02:32:00,+886-904-349-026,"Threads廣告,假兼職",19,3213,大專院校,1
UID-b9938f41,2026-03-12 20:11:00,+886-905-162-804,"正常投資諮詢,理財規劃",1,500,學生,0
UID-0fa8bc6f,2026-03-12 21:48:00,+886-903-889-090,"假投資,資金盤",19,4773277,大專院校,1
UID-baf11ec7,2026-03-12 14:32:00,+886-901-430-025,"網路購物詐騙,假賣場",195,17731,高中職以下,1
UID-da4ee156,2026-03-12 12:48:00,+886-905-685-497,"司法文書送達,正常公務",1,0,碩博士,0
UID-e6f1303a,2026-03-12 14:44:00,+886-903-884-051,"假投資,資金盤",18,1379964,碩博士,1
UID-ac982dc4,2026-03-12 15:18:00,+886-905-118-576,"正常投資諮詢,理財規劃",2,0,大專院校,0
UID-9f428e7f,2026-03-12 09:04:00,+886-902-200-679,"假冒郵局,普發現金冒領",3,2846748,70+ 長者,1
UID-ab557766,2026-03-12 09:40:00,+886-903-883-022,"假投資,內線交易,VIP通道",8,4539058,大專院校,1
UID-e2b17ef2,2026-03-12 22:48:00,+886-903-889-036,"假投資,內線交易,VIP通道",16,1353568,50-69 中高齡,1
UID-225a3d19,2026-03-13 02:56:00,+886-902-178-332,"假員警,偵查不公開",1,5811224,50-69 中高齡,1
UID-cb9f423d,2026-03-13 01:45:00,+886-905-943-125,"債務不履行,退款延遲",2,15000,學生,0
UID-9819b0d8,2026-03-12 20:29:00,+886-903-884-043,"假投資,內線交易,VIP通道",16,4753721,碩博士,1
UID-567220a3,2026-03-12 11:27:00,+886-904-328-095,"網路交友,要求儲值,點數卡",26,21001,學生,1
UID-4b0e4422,2026-03-13 04:47:00,+886-901-613-018,"網路購物詐騙,假賣場",204,13415,大專院校,1
UID-3c259325,2026-03-12 21:49:00,+886-901-244-045,"網路購物詐騙,假賣場",159,20961,大專院校,1
UID-736847aa,2026-03-13 08:37:00,+886-901-866-003,"網路購物詐騙,假賣場",172,37919,上班族,1
UID-a76861f2,2026-03-12 18:00:00,+886-902-181-837,"假檢警,監管帳戶",3,6685683,70+ 長者,1
UID-8bb8d734,2026-03-13 01:16:00,+886-905-104-833,"交易糾紛,商品瑕疵",1,0,上班族,0
UID-8f21b1b0,2026-03-12 14:56:00,+886-905-754-797,"交易糾紛,商品瑕疵",1,500,上班族,0
UID-62f358f4,2026-03-12 09:02:00,+886-999-999-999,"機器人測試,惡意灌水",11663,0,未知,0
UID-51b4ffde,2026-03-12 22:13:00,+886-903-884-025,"假投資,保證獲利",11,3489821,碩博士,1
UID-eb5b6aca,2026-03-13 02:55:00,+886-902-144-728,"假冒郵局,普發現金冒領",2,6974062,70+ 長者,1
UID-82f6c662,2026-03-12 14:22:00,+886-903-885-043,"假投資,內線交易,VIP通道",16,2822783,碩博士,1
UID-a39c153d,2026-03-12 18:36:00,+886-905-518-105,"正常投資諮詢,理財規劃",2,15000,上班族,0
UID-4401dde2,2026-03-12 17:22:00,+886-905-110-186,"司法文書送達,正常公務",2,3000,高中職以下,0
UID-ab938a99,2026-03-13 04:52:00,+886-903-881-099,"假投資,內線交易,VIP通道",20,2377088,碩博士,1
UID-1da9bf48,2026-03-12 15:49:00,+886-903-885-087,"假投資,資金盤",11,4932418,50-69 中高齡,1
UID-cad317a2,2026-03-12 11:03:00,+886-902-160-832,"假冒郵局,普發現金冒領",3,1818107,70+ 長者,1
UID-66681bc4,2026-03-12 21:19:00,+886-905-279-619,"債務不履行,退款延遲",1,0,上班族,0
UID-52b27e62,2026-03-12 23:07:00,+886-901-829-049,"幽靈包裹,超商取貨",400,28929,高中職以下,1
UID-b67bd599,2026-03-12 12:37:00,+886-904-620-029,"Threads廣告,假兼職",10,9670,上班族,1
UID-7ef2d6a8,2026-03-12 14:34:00,+886-903-881-089,"假投資,虛擬貨幣,高報酬",12,1515682,上班族,1
UID-a44477bc,2026-03-12 09:13:00,+886-905-738-982,"司法文書送達,正常公務",2,15000,高中職以下,0
UID-bd1692cc,2026-03-13 08:51:00,+886-902-169-607,"假冒郵局,普發現金冒領",1,4199317,碩博士,1
UID-d2bd0007,2026-03-12 11:54:00,+886-904-914-040,"網路交友,AI濾鏡假冒",29,88383,學生,1
UID-f1473b4e,2026-03-12 21:53:00,+886-904-228-090,"網路交友,AI濾鏡假冒",22,122853,碩博士,1
UID-35985116,2026-03-12 14:38:00,+886-905-480-849,"交易糾紛,商品瑕疵",1,500,學生,0
UID-767f22e8,2026-03-13 08:03:00,+886-904-411-061,"Threads廣告,假兼職",14,125750,學生,1
UID-ac6c812e,2026-03-13 03:43:00,+886-904-377-097,"網路交友,要求儲值,點數卡",18,104576,上班族,1
UID-4b6e7115,2026-03-12 16:45:00,+886-902-158-944,"假員警,偵查不公開",3,6720660,70+ 長者,1
UID-d99e1f79,2026-03-12 16:04:00,+886-905-679-627,"債務不履行,退款延遲",2,500,50-69 中高齡,0
UID-c1ab54a9,2026-03-13 01:04:00,+886-904-250-077,"網路交友,AI濾鏡假冒",24,80179,上班族,1
UID-b25b9fcf,2026-03-13 07:58:00,+886-903-883-003,"假投資,內線交易,VIP通道",18,2077567,碩博士,1
UID-ac447ab5,2026-03-13 00:01:00,+886-905-194-856,"交易糾紛,商品瑕疵",2,500,上班族,0
UID-95aa32b7,2026-03-12 18:57:00,+886-903-884-044,"假投資,虛擬貨幣,高報酬",5,2035226,碩博士,1
UID-002e73be,2026-03-13 00:56:00,+886-903-883-065,"假投資,保證獲利",8,4395001,上班族,1
UID-03082715,2026-03-13 07:12:00,+886-904-401-031,"網路交友,要求儲值,點數卡",11,866,碩博士,1
UID-494d90d8,2026-03-12 15:30:00,+886-902-196-690,"假冒郵局,普發現金冒領",3,5796492,70+ 長者,1
UID-0fd54483,2026-03-12 12:49:00,+886-902-123-230,"假扣押財產,面交黃金白銀",1,1201297,70+ 長者,1
UID-9d27cc9e,2026-03-12 15:47:00,+886-903-883-067,"假投資,內線交易,VIP通道",10,1780870,碩博士,1
UID-a692e419,2026-03-13 07:34:00,+886-903-889-063,"假投資,內線交易,VIP通道",18,3177013,50-69 中高齡,1
UID-f021d7de,2026-03-13 08:18:00,+886-902-167-643,"假員警,偵查不公開",1,6776522,50-69 中高齡,1
UID-d5c0b94c,2026-03-13 04:17:00,+886-902-155-236,"假員警,偵查不公開",2,7079632,50-69 中高齡,1
UID-0e295cd8,2026-03-12 17:04:00,+886-903-889-026,"假投資,資金盤",18,4420109,50-69 中高齡,1
UID-4a6e7932,2026-03-12 21:25:00,+886-904-439-093,"殺豬盤,平台無法出金",26,33118,上班族,1
UID-ed10a051,2026-03-12 23:09:00,+886-901-919-015,"幽靈包裹,超商取貨",225,4951,大專院校,1
UID-d4990371,2026-03-12 12:26:00,+886-904-425-061,"Threads廣告,假兼職",24,148910,上班族,1
UID-cf0d0cae,2026-03-12 15:56:00,+886-903-889-021,"假投資,虛擬貨幣,高報酬",5,4661690,上班族,1
UID-89d78393,2026-03-12 23:25:00,+886-901-436-022,"網路購物詐騙,解除分期付款",162,43204,學生,1
UID-254ea0bc,2026-03-12 21:25:00,+886-905-365-407,"債務不履行,退款延遲",2,500,上班族,0
UID-74686d94,2026-03-12 12:04:00,+886-903-880-062,"假投資,內線交易,VIP通道",17,658176,上班族,1
UID-072a6b69,2026-03-12 11:56:00,+886-905-189-747,"債務不履行,退款延遲",2,0,70+ 長者,0
UID-5cbf28c7,2026-03-12 17:17:00,+886-901-720-016,"幽靈包裹,超商取貨",183,13793,學生,1
UID-b1f6e969,2026-03-13 03:46:00,+886-903-885-003,"假投資,內線交易,VIP通道",7,2340971,上班族,1
UID-455b35be,2026-03-12 22:30:00,+886-903-889-067,"假投資,保證獲利",20,4138700,50-69 中高齡,1
UID-d8eb3020,2026-03-13 03:36:00,+886-905-458-947,"正常投資諮詢,理財規劃",2,3000,上班族,0
UID-b9abf6f4,2026-03-12 19:16:00,+886-901-541-023,"網路購物詐騙,ATM操作",151,36784,大專院校,1
UID-bd0307ce,2026-03-12 12:10:00,+886-904-978-034,"網路交友,AI濾鏡假冒",13,82779,上班族,1
UID-e2c37580,2026-03-12 13:44:00,+886-905-557-654,"債務不履行,退款延遲",1,0,學生,0
UID-4eec41eb,2026-03-13 00:08:00,+886-904-669-090,"網路交友,AI濾鏡假冒",26,102962,碩博士,1
UID-d378c735,2026-03-12 16:23:00,+886-905-622-716,"債務不履行,退款延遲",1,500,學生,0
UID-5b839ad0,2026-03-12 21:45:00,+886-904-733-038,"Threads廣告,假兼職",5,53061,學生,1
UID-eff2ad77,2026-03-12 14:58:00,+886-905-444-892,"一般客訴,服務態度",1,3000,碩博士,0
UID-e024a236,2026-03-12 21:00:00,+886-904-635-025,"網路交友,AI濾鏡假冒",22,41278,學生,1
UID-67250ff9,2026-03-12 15:23:00,+886-904-208-066,"網路交友,要求儲值,點數卡",30,35533,學生,1
UID-05356444,2026-03-12 09:31:00,+886-905-198-456,"交易糾紛,商品瑕疵",2,15000,上班族,0
UID-b7278d0e,2026-03-12 23:56:00,+886-905-633-949,"交易糾紛,商品瑕疵",1,3000,50-69 中高齡,0
UID-15546862,2026-03-12 10:30:00,+886-901-185-048,"網路購物詐騙,假賣場",177,21397,學生,1
UID-00802b91,2026-03-12 23:17:00,+886-903-884-041,"假投資,保證獲利",8,3714714,50-69 中高齡,1
UID-579996d9,2026-03-12 11:10:00,+886-904-838-038,"殺豬盤,平台無法出金",4,105061,學生,1
UID-b62fdd38,2026-03-12 17:20:00,+886-901-433-035,"幽靈包裹,超商取貨",176,5180,學生,1
UID-6aa3d9f2,2026-03-13 07:27:00,+886-901-939-018,"網路購物詐騙,假賣場",202,16988,學生,1
UID-7db1a328,2026-03-12 12:11:00,+886-905-344-695,"交易糾紛,商品瑕疵",1,15000,大專院校,0
UID-e119241e,2026-03-12 22:27:00,+886-904-529-080,"網路交友,AI濾鏡假冒",12,48198,大專院校,1
UID-95851d15,2026-03-12 09:55:00,+886-905-547-152,"交易糾紛,商品瑕疵",1,15000,高中職以下,0
UID-bc58fad2,2026-03-13 06:28:00,+886-905-898-880,"債務不履行,退款延遲",1,0,大專院校,0
UID-3546bf52,2026-03-13 08:30:00,+886-901-162-005,"網路購物詐騙,解除分期付款",215,42201,學生,1
UID-581eeb4c,2026-03-12 22:56:00,+886-905-789-932,"交易糾紛,商品瑕疵",2,0,碩博士,0
UID-40f97949,2026-03-13 00:03:00,+886-904-521-014,"Threads廣告,假兼職",10,27443,學生,1
UID-71de54c1,2026-03-13 05:22:00,+886-902-137-450,"假扣押財產,面交黃金白銀",1,846844,70+ 長者,1
UID-caae949d,2026-03-13 00:59:00,+886-901-471-007,"幽靈包裹,超商取貨",166,2036,高中職以下,1
UID-4fc9fe7c,2026-03-12 18:02:00,+886-903-888-037,"假投資,虛擬貨幣,高報酬",15,1670563,50-69 中高齡,1
UID-a33c8d5f,2026-03-12 15:47:00,+886-903-882-062,"假投資,虛擬貨幣,高報酬",16,1759008,大專院校,1
UID-86641332,2026-03-13 00:59:00,+886-903-887-056,"假投資,資金盤",18,271959,上班族,1
UID-3f70051f,2026-03-12 20:29:00,+886-904-181-085,"網路交友,AI濾鏡假冒",12,51396,大專院校,1
UID-393fc580,2026-03-12 13:34:00,+886-905-385-539,"正常投資諮詢,理財規劃",2,0,高中職以下,0
UID-8b171951,2026-03-13 06:34:00,+886-902-114-400,"假扣押財產,面交黃金白銀",3,3179768,50-69 中高齡,1
UID-a10a77af,2026-03-13 00:59:00,+886-905-212-753,"司法文書送達,正常公務",2,500,70+ 長者,0
UID-09f58fcf,2026-03-12 09:10:00,+886-903-885-010,"假投資,虛擬貨幣,高報酬",14,4901168,碩博士,1
UID-a33f5af1,2026-03-12 13:39:00,+886-901-160-001,"網路購物詐騙,ATM操作",323,41319,上班族,1
UID-f2116ada,2026-03-12 17:33:00,+886-905-377-359,"司法文書送達,正常公務",1,15000,高中職以下,0
UID-e8b38fd0,2026-03-12 09:46:00,+886-902-183-626,"假冒郵局,普發現金冒領",2,7738855,70+ 長者,1
UID-fa864abf,2026-03-13 06:55:00,+886-903-883-072,"假投資,資金盤",6,4903748,上班族,1
UID-4139063d,2026-03-12 18:00:00,+886-902-164-577,"假員警,偵查不公開",2,1246322,70+ 長者,1
UID-c22c0231,2026-03-13 04:06:00,+886-901-682-017,"網路購物詐騙,假賣場",157,10816,上班族,1
UID-20ca54f5,2026-03-12 15:27:00,+886-905-326-533,"交易糾紛,商品瑕疵",1,0,碩博士,0
UID-eaa95600,2026-03-12 22:29:00,+886-901-634-027,"幽靈包裹,超商取貨",290,11523,大專院校,1
UID-c811c066,2026-03-13 05:24:00,+886-902-113-524,"假冒郵局,普發現金冒領",3,5050187,碩博士,1
UID-c2523298,2026-03-13 08:25:00,+886-901-501-023,"幽靈包裹,超商取貨",152,34569,高中職以下,1
UID-b1aadea6,2026-03-13 03:11:00,+886-904-198-025,"Threads廣告,假兼職",26,140144,上班族,1
UID-98375322,2026-03-12 12:26:00,+886-905-330-851,"債務不履行,退款延遲",2,15000,學生,0
UID-e787c684,2026-03-12 11:20:00,+886-905-168-948,"債務不履行,退款延遲",1,15000,上班族,0
UID-37fb8d63,2026-03-12 23:45:00,+886-902-150-649,"假冒郵局,普發現金冒領",3,4666681,碩博士,1
UID-c2d12233,2026-03-12 21:26:00,+886-903-884-004,"假投資,資金盤",11,2129746,上班族,1
UID-27a31b2a,2026-03-13 00:13:00,+886-904-644-003,"網路交友,要求儲值,點數卡",12,41495,上班族,1
UID-d9097c9b,2026-03-12 15:57:00,+886-902-193-694,"假扣押財產,面交黃金白銀",3,3386145,50-69 中高齡,1
UID-0d37847e,2026-03-13 08:32:00,+886-901-848-036,"網路購物詐騙,假賣場",217,12196,上班族,1
UID-95a65a4f,2026-03-13 04:03:00,+886-905-849-745,"交易糾紛,商品瑕疵",1,0,大專院校,0
UID-20f9b8d6,2026-03-12 20:56:00,+886-902-162-318,"假檢警,監管帳戶",1,5699366,70+ 長者,1
UID-662880e5,2026-03-13 07:55:00,+886-901-850-050,"網路購物詐騙,解除分期付款",159,13780,上班族,1
UID-aa017ef0,2026-03-12 16:24:00,+886-901-157-035,"網路購物詐騙,假賣場",155,42004,學生,1
UID-b195a400,2026-03-12 12:15:00,+886-903-885-067,"假投資,保證獲利",7,4896224,上班族,1
UID-69ff035f,2026-03-12 18:55:00,+886-901-284-048,"網路購物詐騙,解除分期付款",1778,7230,上班族,1
UID-57ae27fb,2026-03-12 22:31:00,+886-905-298-260,"債務不履行,退款延遲",2,3000,50-69 中高齡,0
UID-8f3dd4cc,2026-03-12 11:32:00,+886-901-305-024,"幽靈包裹,超商取貨",154,18813,學生,1
UID-ddb77e94,2026-03-12 20:32:00,+886-905-652-810,"一般客訴,服務態度",2,0,70+ 長者,0
UID-0cafff09,2026-03-12 20:22:00,+886-904-466-086,"Threads廣告,假兼職",7,125639,上班族,1
UID-43d4973d,2026-03-12 23:16:00,+886-901-132-047,"幽靈包裹,超商取貨",163,41540,學生,1
UID-5063ae5c,2026-03-12 16:35:00,+886-904-941-097,"網路交友,AI濾鏡假冒",2,3410,上班族,1
UID-20603ac7,2026-03-12 23:31:00,+886-904-737-062,"網路交友,要求儲值,點數卡",12,39574,大專院校,1
UID-2da7539a,2026-03-12 20:11:00,+886-905-603-716,"債務不履行,退款延遲",1,500,學生,0
UID-ee443ba7,2026-03-13 08:57:00,+886-901-135-047,"網路購物詐騙,假賣場",240,27220,上班族,1
UID-66588129,2026-03-12 18:49:00,+886-903-888-052,"假投資,虛擬貨幣,高報酬",19,4524903,大專院校,1
UID-bad979ea,2026-03-12 15:38:00,+886-903-886-090,"假投資,資金盤",11,1139179,50-69 中高齡,1
UID-353bb3e1,2026-03-13 03:13:00,+886-903-886-075,"假投資,資金盤",16,1587370,50-69 中高齡,1
UID-5768db4e,2026-03-12 20:31:00,+886-905-869-296,"交易糾紛,商品瑕疵",1,3000,學生,0
UID-d10689f3,2026-03-12 13:01:00,+886-904-673-073,"網路交友,要求儲值,點數卡",23,18083,學生,1
UID-97b16718,2026-03-13 02:02:00,+886-904-556-026,"殺豬盤,平台無法出金",29,85858,學生,1
UID-73294a28,2026-03-13 06:10:00,+886-904-397-026,"殺豬盤,平台無法出金",4,121363,學生,1
UID-8df49130,2026-03-13 06:14:00,+886-902-126-228,"假檢警,監管帳戶",1,6221678,70+ 長者,1
UID-3263ae70,2026-03-13 05:35:00,+886-904-772-058,"網路交友,AI濾鏡假冒",28,60583,大專院校,1
UID-1984c00e,2026-03-13 04:17:00,+886-902-183-190,"假冒郵局,普發現金冒領",3,4019100,50-69 中高齡,1
UID-af816154,2026-03-13 01:48:00,+886-905-603-970,"一般客訴,服務態度",1,15000,50-69 中高齡,0
UID-c63db668,2026-03-12 15:28:00,+886-903-880-090,"假投資,虛擬貨幣,高報酬",18,2775167,50-69 中高齡,1
UID-830dbfcc,2026-03-12 11:26:00,+886-901-149-047,"幽靈包裹,超商取貨",282,21797,大專院校,1
UID-8a84524e,2026-03-12 12:06:00,+886-904-516-077,"網路交友,要求儲值,點數卡",27,105595,上班族,1
UID-7fd29fd0,2026-03-12 23:29:00,+886-903-884-099,"假投資,內線交易,VIP通道",13,1773972,50-69 中高齡,1
UID-794c2c7c,2026-03-12 14:34:00,+886-905-993-173,"司法文書送達,正常公務",2,15000,高中職以下,0
UID-5e72af07,2026-03-12 15:48:00,+886-903-883-069,"假投資,虛擬貨幣,高報酬",9,2144091,上班族,1
UID-6b1d37a2,2026-03-12 14:45:00,+886-904-793-008,"網路交友,AI濾鏡假冒",6,44698,大專院校,1
UID-4ebb49aa,2026-03-13 03:23:00,+886-903-886-081,"假投資,保證獲利",11,578205,碩博士,1
UID-d3db3e73,2026-03-12 18:35:00,+886-902-127-980,"假冒郵局,普發現金冒領",2,1845461,70+ 長者,1
UID-9e3a513a,2026-03-12 13:53:00,+886-905-514-764,"債務不履行,退款延遲",2,15000,高中職以下,0
UID-f3726362,2026-03-13 01:03:00,+886-905-689-158,"交易糾紛,商品瑕疵",1,500,50-69 中高齡,0
UID-3bb53d78,2026-03-12 22:04:00,+886-901-608-021,"幽靈包裹,超商取貨",155,40641,大專院校,1
UID-43098bbb,2026-03-13 05:12:00,+886-905-994-144,"司法文書送達,正常公務",2,500,碩博士,0
UID-ead26663,2026-03-12 13:06:00,+886-902-135-232,"假員警,偵查不公開",3,2388796,50-69 中高齡,1
UID-9f94448d,2026-03-12 22:53:00,+886-904-933-002,"網路交友,要求儲值,點數卡",19,11649,大專院校,1
UID-93c5a074,2026-03-13 05:32:00,+886-905-466-435,"正常投資諮詢,理財規劃",1,0,上班族,0
UID-81e21442,2026-03-12 17:29:00,+886-903-884-004,"假投資,內線交易,VIP通道",11,2644146,50-69 中高齡,1
UID-179b73ce,2026-03-13 01:19:00,+886-903-883-072,"假投資,虛擬貨幣,高報酬",18,4539867,碩博士,1
UID-9fe58255,2026-03-13 07:29:00,+886-905-355-181,"債務不履行,退款延遲",1,500,70+ 長者,0
UID-ce21cc64,2026-03-13 04:55:00,+886-901-152-005,"網路購物詐騙,假賣場",180,37953,大專院校,1
UID-29879a7b,2026-03-13 05:43:00,+886-904-877-053,"網路交友,AI濾鏡假冒",13,94905,學生,1
UID-ed96ba6c,2026-03-13 05:39:00,+886-902-171-810,"假檢警,監管帳戶",2,7768219,70+ 長者,1
UID-7b7e7401,2026-03-12 22:52:00,+886-903-887-007,"假投資,保證獲利",8,2349784,上班族,1
UID-609b0b20,2026-03-12 16:41:00,+886-905-304-439,"一般客訴,服務態度",1,500,高中職以下,0
UID-d511e605,2026-03-12 20:18:00,+886-905-534-542,"債務不履行,退款延遲",2,3000,上班族,0
UID-9b1221fc,2026-03-12 19:26:00,+886-901-660-033,"網路購物詐騙,解除分期付款",183,5407,大專院校,1
UID-a1d46cda,2026-03-12 15:08:00,+886-904-791-077,"Threads廣告,假兼職",28,124115,大專院校,1
UID-9a656e72,2026-03-12 16:29:00,+886-903-881-009,"假投資,虛擬貨幣,高報酬",18,1282269,上班族,1
UID-f05c52f6,2026-03-12 16:53:00,+886-904-318-049,"網路交友,要求儲值,點數卡",30,10224,學生,1
UID-9dd4df70,2026-03-12 19:13:00,+886-905-625-283,"正常投資諮詢,理財規劃",1,500,50-69 中高齡,0
UID-35d1a3c9,2026-03-13 06:39:00,+886-905-723-765,"一般客訴,服務態度",1,0,大專院校,0
UID-0a245d80,2026-03-12 22:34:00,+886-905-743-270,"司法文書送達,正常公務",2,0,碩博士,0
UID-ee27a6a4,2026-03-12 17:00:00,+886-903-888-060,"假投資,虛擬貨幣,高報酬",18,3657622,碩博士,1
UID-15708fe7,2026-03-12 11:30:00,+886-903-887-082,"假投資,內線交易,VIP通道",9,2822230,碩博士,1
UID-dd5bfc65,2026-03-12 18:00:00,+886-905-278-884,"債務不履行,退款延遲",2,0,碩博士,0
UID-6dbeb1cb,2026-03-13 06:41:00,+886-903-880-012,"假投資,內線交易,VIP通道",6,2762946,碩博士,1
UID-d1cd1d38,2026-03-12 18:30:00,+886-902-197-621,"假檢警,監管帳戶",1,6295276,70+ 長者,1
UID-956f9587,2026-03-13 06:30:00,+886-905-269-325,"交易糾紛,商品瑕疵",1,3000,學生,0
UID-228cb54d,2026-03-12 21:56:00,+886-903-885-065,"假投資,虛擬貨幣,高報酬",10,515998,50-69 中高齡,1
UID-68cc0725,2026-03-12 21:48:00,+886-903-881-009,"假投資,內線交易,VIP通道",7,2478899,上班族,1
UID-8bc6893f,2026-03-13 05:01:00,+886-903-884-059,"假投資,內線交易,VIP通道",10,1729346,50-69 中高齡,1
UID-c4befdd4,2026-03-12 17:12:00,+886-905-990-828,"司法文書送達,正常公務",2,3000,50-69 中高齡,0
UID-9fc0136c,2026-03-13 06:43:00,+886-903-887-008,"假投資,內線交易,VIP通道",20,1839612,大專院校,1
UID-1adaeacd,2026-03-13 00:48:00,+886-905-308-385,"一般客訴,服務態度",2,3000,上班族,0
UID-a3f485c7,2026-03-12 18:31:00,+886-903-880-009,"假投資,虛擬貨幣,高報酬",17,2447555,碩博士,1
UID-32f1325d,2026-03-13 03:46:00,+886-901-746-043,"網路購物詐騙,假賣場",217,22759,學生,1
UID-0e38aea4,2026-03-12 18:12:00,+886-901-736-044,"網路購物詐騙,ATM操作",164,13548,學生,1
UID-b06df960,2026-03-12 17:13:00,+886-905-692-722,"正常投資諮詢,理財規劃",1,3000,50-69 中高齡,0
UID-c64895c6,2026-03-12 22:38:00,+886-905-640-835,"司法文書送達,正常公務",1,0,50-69 中高齡,0
UID-5c0bb422,2026-03-12 13:03:00,+886-902-146-639,"假員警,偵查不公開",1,5932267,70+ 長者,1
UID-6cd297d3,2026-03-13 06:12:00,+886-904-936-012,"網路交友,要求儲值,點數卡",17,66244,大專院校,1
UID-af2beab3,2026-03-13 00:59:00,+886-901-122-033,"網路購物詐騙,假賣場",153,44415,上班族,1
UID-646f52c3,2026-03-13 04:51:00,+886-904-872-085,"網路交友,要求儲值,點數卡",16,91260,學生,1
UID-a8d853fe,2026-03-12 14:16:00,+886-905-926-193,"正常投資諮詢,理財規劃",1,500,高中職以下,0
UID-49854372,2026-03-12 13:45:00,+886-905-646-981,"債務不履行,退款延遲",1,500,50-69 中高齡,0
UID-63b317a3,2026-03-12 10:20:00,+886-905-804-761,"正常投資諮詢,理財規劃",1,15000,學生,0
UID-8a1904d2,2026-03-13 02:18:00,+886-903-885-079,"假投資,內線交易,VIP通道",6,4386347,50-69 中高齡,1
UID-dd220193,2026-03-13 05:39:00,+886-903-888-061,"假投資,資金盤",8,4107021,50-69 中高齡,1
UID-c3151dc3,2026-03-13 03:00:00,+886-903-883-058,"假投資,保證獲利",8,3883669,碩博士,1
UID-a3a0e1a1,2026-03-12 19:46:00,+886-905-986-425,"一般客訴,服務態度",1,500,高中職以下,0
UID-da0a529d,2026-03-12 15:04:00,+886-902-185-754,"假員警,偵查不公開",2,5820730,50-69 中高齡,1
UID-0c10de2e,2026-03-12 12:39:00,+886-905-345-127,"債務不履行,退款延遲",1,15000,上班族,0
UID-ba4d406f,2026-03-12 14:46:00,+886-904-560-071,"網路交友,AI濾鏡假冒",13,13560,碩博士,1
UID-6f511d5d,2026-03-13 02:14:00,+886-904-616-024,"網路交友,要求儲值,點數卡",11,72655,學生,1
UID-ddb816d7,2026-03-12 20:13:00,+886-901-140-045,"網路購物詐騙,假賣場",186,13893,高中職以下,1
UID-fe192b25,2026-03-13 08:45:00,+886-902-110-153,"假冒郵局,普發現金冒領",1,3720595,70+ 長者,1
UID-fc2e2127,2026-03-13 00:50:00,+886-903-880-082,"假投資,虛擬貨幣,高報酬",11,769877,50-69 中高齡,1
UID-3f8369e3,2026-03-12 20:30:00,+886-902-162-864,"假檢警,監管帳戶",2,2599682,50-69 中高齡,1
UID-bee6a5fe,2026-03-12 22:37:00,+886-905-741-779,"債務不履行,退款延遲",2,15000,50-69 中高齡,0
UID-21f8353a,2026-03-13 06:00:00,+886-902-195-963,"假冒郵局,普發現金冒領",2,4351575,50-69 中高齡,1
UID-c773410c,2026-03-12 09:03:00,+886-999-999-999,"機器人測試,惡意灌水",13399,0,未知,0
UID-908ec7b9,2026-03-12 20:36:00,+886-905-531-879,"司法文書送達,正常公務",2,0,學生,0
UID-0e6a1151,2026-03-13 03:38:00,+886-903-889-057,"假投資,內線交易,VIP通道",14,2767480,碩博士,1
UID-9e5b0825,2026-03-13 06:07:00,+886-901-586-038,"幽靈包裹,超商取貨",334,7847,大專院校,1
UID-f07a8e9d,2026-03-12 23:08:00,+886-903-889-027,"假投資,保證獲利",7,2248259,碩博士,1
UID-1079f6ef,2026-03-12 15:14:00,+886-905-634-507,"司法文書送達,正常公務",2,0,大專院校,0
UID-901737fd,2026-03-12 09:14:00,+886-905-509-482,"司法文書送達,正常公務",2,0,70+ 長者,0
UID-3f0fac13,2026-03-13 02:21:00,+886-905-925-100,"一般客訴,服務態度",1,0,上班族,0
UID-f7819c99,2026-03-12 13:04:00,+886-904-663-071,"網路交友,要求儲值,點數卡",9,114785,上班族,1
UID-ec27ed21,2026-03-12 15:42:00,+886-905-461-281,"債務不履行,退款延遲",1,500,學生,0
UID-1c759aa9,2026-03-12 12:49:00,+886-904-171-043,"網路交友,AI濾鏡假冒",13,18447,大專院校,1
UID-7c0908b6,2026-03-12 19:03:00,+886-901-891-032,"網路購物詐騙,假賣場",185,27192,學生,1
UID-7313768e,2026-03-13 02:17:00,+886-905-549-710,"司法文書送達,正常公務",1,500,學生,0
UID-d3532c02,2026-03-12 13:37:00,+886-904-533-011,"殺豬盤,平台無法出金",30,145278,學生,1
UID-744ec2bb,2026-03-13 00:34:00,+886-901-610-004,"幽靈包裹,超商取貨",151,9292,高中職以下,1
UID-ae040c86,2026-03-13 05:38:00,+886-905-935-208,"交易糾紛,商品瑕疵",1,15000,高中職以下,0
UID-103586df,2026-03-12 14:00:00,+886-903-886-093,"假投資,內線交易,VIP通道",5,3550579,50-69 中高齡,1
UID-7e428c2e,2026-03-12 17:07:00,+886-903-880-007,"假投資,資金盤",11,1912640,上班族,1
UID-6ac01b9f,2026-03-12 16:22:00,+886-905-571-640,"債務不履行,退款延遲",1,500,70+ 長者,0
UID-364529b4,2026-03-13 04:52:00,+886-905-115-776,"一般客訴,服務態度",1,0,70+ 長者,0
UID-f7356d98,2026-03-12 15:11:00,+886-902-170-577,"假冒郵局,普發現金冒領",2,5549485,70+ 長者,1
UID-2a15924a,2026-03-13 06:18:00,+886-904-797-066,"殺豬盤,平台無法出金",25,64411,大專院校,1
UID-1fd75937,2026-03-12 13:22:00,+886-905-182-717,"一般客訴,服務態度",2,0,學生,0
UID-f3e5a433,2026-03-12 09:18:00,+886-903-881-004,"假投資,內線交易,VIP通道",7,1506032,碩博士,1
UID-762ecd3d,2026-03-13 04:28:00,+886-905-798-138,"正常投資諮詢,理財規劃",2,0,學生,0
UID-505f171c,2026-03-13 00:41:00,+886-904-466-011,"網路交友,AI濾鏡假冒",4,55678,大專院校,1
UID-53885340,2026-03-12 23:46:00,+886-901-608-027,"網路購物詐騙,解除分期付款",261,16545,學生,1
UID-a8db68c4,2026-03-12 16:30:00,+886-901-329-032,"網路購物詐騙,ATM操作",205,23669,上班族,1
UID-32ad91bf,2026-03-12 11:13:00,+886-902-157-595,"假員警,偵查不公開",2,4893050,70+ 長者,1
UID-b196def8,2026-03-12 17:27:00,+886-905-280-588,"交易糾紛,商品瑕疵",1,15000,學生,0
UID-b0a289aa,2026-03-12 20:58:00,+886-904-972-012,"Threads廣告,假兼職",28,61078,大專院校,1
UID-c1503e44,2026-03-13 08:10:00,+886-905-526-305,"司法文書送達,正常公務",2,15000,大專院校,0
UID-22230dd2,2026-03-12 09:51:00,+886-903-881-076,"假投資,虛擬貨幣,高報酬",15,4235357,碩博士,1
UID-d1453ee0,2026-03-13 07:14:00,+886-904-893-051,"網路交友,AI濾鏡假冒",8,38680,上班族,1
UID-5c3835ab,2026-03-12 12:38:00,+886-903-889-063,"假投資,內線交易,VIP通道",7,1881780,大專院校,1
UID-a5600a69,2026-03-13 01:23:00,+886-902-144-170,"假檢警,監管帳戶",2,2710825,50-69 中高齡,1
UID-3da6c8be,2026-03-12 20:18:00,+886-905-846-375,"交易糾紛,商品瑕疵",1,3000,大專院校,0
UID-0b927550,2026-03-13 02:30:00,+886-902-176-380,"假員警,偵查不公開",3,5343486,70+ 長者,1
UID-72ee551d,2026-03-13 02:40:00,+886-903-888-025,"假投資,虛擬貨幣,高報酬",14,1982643,50-69 中高齡,1
UID-842b95a2,2026-03-12 14:22:00,+886-901-198-048,"網路購物詐騙,解除分期付款",191,14477,高中職以下,1
UID-7ce47df8,2026-03-12 15:47:00,+886-903-882-057,"假投資,虛擬貨幣,高報酬",5,3419507,上班族,1
UID-07363fe0,2026-03-12 17:37:00,+886-905-619-714,"司法文書送達,正常公務",2,15000,高中職以下,0
UID-84979fed,2026-03-12 22:30:00,+886-904-746-034,"網路交友,要求儲值,點數卡",19,139301,大專院校,1
UID-8e8eddc9,2026-03-12 11:25:00,+886-903-889-080,"假投資,內線交易,VIP通道",20,2295440,上班族,1
UID-85360ef0,2026-03-13 08:42:00,+886-904-104-092,"Threads廣告,假兼職",23,5245,學生,1
UID-91c2e493,2026-03-13 06:53:00,+886-901-949-036,"幽靈包裹,超商取貨",309,17660,大專院校,1
UID-6e90a740,2026-03-13 02:30:00,+886-905-324-669,"一般客訴,服務態度",1,0,50-69 中高齡,0
UID-37f5fce9,2026-03-13 06:17:00,+886-901-959-020,"網路購物詐騙,解除分期付款",277,18800,大專院校,1
UID-95132fd4,2026-03-13 00:53:00,+886-902-179-814,"假員警,偵查不公開",3,3193292,70+ 長者,1
UID-c57b340f,2026-03-12 14:38:00,+886-904-810-082,"Threads廣告,假兼職",26,87186,學生,1
UID-85cea73a,2026-03-13 04:50:00,+886-902-124-869,"假扣押財產,面交黃金白銀",3,5287685,50-69 中高齡,1
UID-1ba229f7,2026-03-13 07:41:00,+886-904-410-021,"殺豬盤,平台無法出金",5,114105,碩博士,1
UID-b848f1fa,2026-03-13 06:47:00,+886-903-883-001,"假投資,虛擬貨幣,高報酬",11,650723,碩博士,1
UID-1eacc27c,2026-03-12 16:24:00,+886-903-888-047,"假投資,資金盤",19,2834975,碩博士,1
UID-3d0b9702,2026-03-12 14:26:00,+886-901-468-021,"網路購物詐騙,解除分期付款",205,37302,高中職以下,1
UID-21c34efb,2026-03-12 16:15:00,+886-903-889-085,"假投資,虛擬貨幣,高報酬",5,801642,上班族,1
UID-ce296cdf,2026-03-12 13:14:00,+886-905-732-479,"一般客訴,服務態度",1,15000,上班族,0
UID-d6df0eca,2026-03-12 16:01:00,+886-902-105-308,"假扣押財產,面交黃金白銀",1,6065066,70+ 長者,1
UID-9bcd9ff9,2026-03-12 19:33:00,+886-905-597-165,"正常投資諮詢,理財規劃",1,0,70+ 長者,0
UID-7a249a8d,2026-03-13 02:12:00,+886-902-116-843,"假員警,偵查不公開",1,1917767,50-69 中高齡,1
UID-e4294317,2026-03-12 16:06:00,+886-905-358-405,"交易糾紛,商品瑕疵",2,500,50-69 中高齡,0
UID-42f5bcb6,2026-03-12 11:01:00,+886-903-887-038,"假投資,內線交易,VIP通道",10,1148653,上班族,1
UID-b9c54f2d,2026-03-12 11:24:00,+886-903-881-068,"假投資,資金盤",19,3874929,上班族,1
UID-f82bd915,2026-03-12 16:21:00,+886-905-687-573,"一般客訴,服務態度",2,500,碩博士,0
UID-31579113,2026-03-12 12:48:00,+886-901-564-020,"網路購物詐騙,解除分期付款",279,13395,上班族,1
UID-3be202f9,2026-03-12 12:21:00,+886-904-397-090,"殺豬盤,平台無法出金",7,27928,大專院校,1
UID-af2a8263,2026-03-12 23:44:00,+886-903-889-006,"假投資,內線交易,VIP通道",14,3495255,上班族,1
UID-b0929c54,2026-03-13 05:55:00,+886-902-192-843,"假扣押財產,面交黃金白銀",3,6387347,70+ 長者,1
UID-0226c9d7,2026-03-12 10:19:00,+886-903-880-069,"假投資,資金盤",11,3068392,上班族,1
UID-29a13fea,2026-03-13 05:13:00,+886-905-117-284,"債務不履行,退款延遲",1,500,大專院校,0
UID-ca79baf6,2026-03-12 17:08:00,+886-905-136-267,"債務不履行,退款延遲",2,3000,50-69 中高齡,0
UID-b7d30b91,2026-03-12 10:48:00,+886-905-796-277,"正常投資諮詢,理財規劃",2,3000,學生,0
UID-1e01f655,2026-03-13 05:22:00,+886-903-883-056,"假投資,資金盤",10,2103907,碩博士,1
UID-9ec49388,2026-03-12 19:51:00,+886-904-473-078,"Threads廣告,假兼職",21,144073,大專院校,1
UID-073e289e,2026-03-13 07:20:00,+886-905-500-925,"正常投資諮詢,理財規劃",2,500,學生,0
UID-82698c40,2026-03-12 12:33:00,+886-905-471-321,"司法文書送達,正常公務",2,15000,上班族,0
UID-e67cbddf,2026-03-13 04:19:00,+886-901-268-001,"網路購物詐騙,解除分期付款",163,18849,高中職以下,1
UID-2dc543a0,2026-03-13 06:20:00,+886-903-883-085,"假投資,保證獲利",14,3708300,碩博士,1
UID-4290973e,2026-03-13 01:34:00,+886-905-624-967,"交易糾紛,商品瑕疵",1,500,70+ 長者,0
UID-bf482307,2026-03-12 11:08:00,+886-901-953-044,"網路購物詐騙,解除分期付款",456,25200,高中職以下,1
UID-a14ee360,2026-03-12 18:35:00,+886-905-647-296,"一般客訴,服務態度",1,3000,學生,0
UID-0a50987c,2026-03-12 17:41:00,+886-903-884-011,"假投資,內線交易,VIP通道",10,3253910,50-69 中高齡,1
UID-ece5f8d9,2026-03-12 17:21:00,+886-903-886-080,"假投資,資金盤",15,2500582,上班族,1
UID-558376ce,2026-03-12 09:57:00,+886-903-883-053,"假投資,保證獲利",17,4085811,碩博士,1
UID-0a734a0d,2026-03-12 18:20:00,+886-903-887-009,"假投資,虛擬貨幣,高報酬",12,4273470,上班族,1
UID-9f77627c,2026-03-12 16:13:00,+886-905-577-549,"交易糾紛,商品瑕疵",1,500,70+ 長者,0
UID-ec9073a5,2026-03-13 02:10:00,+886-902-164-127,"假扣押財產,面交黃金白銀",1,7244625,70+ 長者,1
UID-15b3ad6b,2026-03-12 13:31:00,+886-903-881-016,"假投資,虛擬貨幣,高報酬",6,967715,碩博士,1
UID-894a4fb0,2026-03-13 02:00:00,+886-902-132-207,"假扣押財產,面交黃金白銀",2,630785,50-69 中高齡,1
UID-1570e304,2026-03-12 15:44:00,+886-905-317-863,"一般客訴,服務態度",1,3000,70+ 長者,0
UID-62d163b7,2026-03-13 08:59:00,+886-902-196-446,"假檢警,監管帳戶",1,7541749,碩博士,1
UID-342dee50,2026-03-12 12:13:00,+886-905-645-201,"一般客訴,服務態度",1,500,70+ 長者,0
UID-54ed2171,2026-03-13 01:31:00,+886-905-761-709,"債務不履行,退款延遲",1,15000,大專院校,0
UID-0e383f14,2026-03-12 23:54:00,+886-903-884-030,"假投資,資金盤",11,3598193,碩博士,1
UID-de4e4943,2026-03-13 02:41:00,+886-904-169-007,"網路交友,要求儲值,點數卡",28,6913,碩博士,1
UID-fa9f1740,2026-03-13 08:55:00,+886-905-264-407,"交易糾紛,商品瑕疵",1,3000,高中職以下,0
UID-4fca62ac,2026-03-12 15:09:00,+886-901-691-017,"網路購物詐騙,假賣場",5144,16714,學生,1
UID-3273e2f2,2026-03-13 08:33:00,+886-904-438-050,"Threads廣告,假兼職",16,61333,學生,1
UID-5094650a,2026-03-13 07:34:00,+886-905-362-941,"交易糾紛,商品瑕疵",2,0,高中職以下,0
UID-04fcf087,2026-03-12 12:43:00,+886-905-279-723,"司法文書送達,正常公務",1,15000,70+ 長者,0
UID-be87637e,2026-03-13 01:46:00,+886-903-883-057,"假投資,資金盤",6,4275446,50-69 中高齡,1
UID-c155b53f,2026-03-12 16:02:00,+886-905-828-504,"正常投資諮詢,理財規劃",1,3000,大專院校,0
UID-d3bb3afd,2026-03-12 23:49:00,+886-903-884-020,"假投資,內線交易,VIP通道",17,3121739,碩博士,1
UID-27f47dd4,2026-03-12 09:41:00,+886-905-699-944,"一般客訴,服務態度",2,500,碩博士,0
UID-3e0ab22a,2026-03-13 06:56:00,+886-905-563-838,"一般客訴,服務態度",1,500,上班族,0
UID-2e7fcc31,2026-03-12 09:06:00,+886-902-191-419,"假檢警,監管帳戶",3,1609882,碩博士,1
UID-b33fe164,2026-03-12 11:35:00,+886-905-932-688,"債務不履行,退款延遲",1,0,高中職以下,0
UID-d975ccf2,2026-03-13 06:23:00,+886-905-949-159,"正常投資諮詢,理財規劃",1,500,上班族,0
UID-f50a81aa,2026-03-12 22:30:00,+886-905-847-249,"債務不履行,退款延遲",1,3000,大專院校,0
UID-8251abe3,2026-03-12 12:07:00,+886-902-162-415,"假扣押財產,面交黃金白銀",3,2641472,碩博士,1
UID-3f9a8ced,2026-03-12 22:25:00,+886-903-881-095,"假投資,資金盤",15,4127896,碩博士,1
UID-3afc59ac,2026-03-12 18:25:00,+886-901-761-031,"網路購物詐騙,解除分期付款",257,31553,高中職以下,1
UID-8a318ba4,2026-03-12 16:29:00,+886-902-101-162,"假檢警,監管帳戶",2,4454520,50-69 中高齡,1
UID-a5073015,2026-03-13 05:47:00,+886-902-122-638,"假員警,偵查不公開",1,4038362,碩博士,1
UID-da2f466b,2026-03-13 03:15:00,+886-901-446-008,"網路購物詐騙,解除分期付款",195,20670,大專院校,1
UID-e36965a7,2026-03-12 09:04:00,+886-902-172-761,"假員警,偵查不公開",1,3614664,70+ 長者,1
UID-92bac8eb,2026-03-12 13:29:00,+886-901-729-014,"網路購物詐騙,假賣場",232,3679,高中職以下,1
UID-c5e03468,2026-03-12 17:36:00,+886-902-110-344,"假檢警,監管帳戶",1,6044072,50-69 中高齡,1
UID-cf26b7a2,2026-03-12 22:45:00,+886-905-137-491,"正常投資諮詢,理財規劃",1,15000,碩博士,0
UID-10a7be8c,2026-03-12 14:20:00,+886-905-608-811,"一般客訴,服務態度",2,15000,大專院校,0
UID-64671761,2026-03-12 09:06:00,+886-999-999-999,"機器人測試,惡意灌水",13561,0,未知,0
UID-9714acd0,2026-03-13 02:34:00,+886-903-881-020,"假投資,內線交易,VIP通道",18,1426728,50-69 中高齡,1
UID-304d0cc3,2026-03-13 06:32:00,+886-902-132-261,"假員警,偵查不公開",3,5618725,70+ 長者,1
UID-d9a04fb7,2026-03-13 08:14:00,+886-903-888-067,"假投資,資金盤",6,4331789,碩博士,1
UID-1ce79563,2026-03-12 10:04:00,+886-905-798-468,"一般客訴,服務態度",1,500,上班族,0
UID-505a91f2,2026-03-13 06:02:00,+886-901-553-044,"網路購物詐騙,ATM操作",357,14388,高中職以下,1
UID-10c46239,2026-03-12 17:33:00,+886-902-102-265,"假員警,偵查不公開",2,660048,50-69 中高齡,1
UID-6c9645b4,2026-03-12 23:39:00,+886-903-887-071,"假投資,保證獲利",5,4096578,50-69 中高齡,1
UID-baa06991,2026-03-13 05:11:00,+886-903-881-061,"假投資,資金盤",14,712780,碩博士,1
UID-650fbb9a,2026-03-13 05:19:00,+886-904-684-099,"網路交友,要求儲值,點數卡",14,95865,學生,1
UID-13aa62b3,2026-03-13 08:21:00,+886-902-191-164,"假扣押財產,面交黃金白銀",1,4771907,70+ 長者,1
UID-70b75389,2026-03-12 11:01:00,+886-903-886-050,"假投資,保證獲利",11,3765120,50-69 中高齡,1
UID-d0777aec,2026-03-12 09:46:00,+886-905-813-709,"正常投資諮詢,理財規劃",2,500,大專院校,0
UID-835a68c3,2026-03-12 09:41:00,+886-901-201-044,"網路購物詐騙,ATM操作",199,37664,上班族,1
UID-bb74a01a,2026-03-12 11:37:00,+886-903-887-041,"假投資,資金盤",5,3308357,50-69 中高齡,1
UID-dbf64501,2026-03-12 20:15:00,+886-902-108-166,"假檢警,監管帳戶",3,5086335,70+ 長者,1
UID-6fdb44c5,2026-03-12 15:14:00,+886-903-886-081,"假投資,保證獲利",11,2835615,上班族,1
UID-f3bd919b,2026-03-13 03:52:00,+886-902-148-833,"假扣押財產,面交黃金白銀",2,592697,碩博士,1
UID-97761a86,2026-03-13 05:13:00,+886-905-891-180,"正常投資諮詢,理財規劃",1,3000,70+ 長者,0
UID-39da9cf9,2026-03-13 01:53:00,+886-903-884-003,"假投資,虛擬貨幣,高報酬",8,2062377,50-69 中高齡,1
UID-d6a276c5,2026-03-12 10:20:00,+886-905-684-218,"正常投資諮詢,理財規劃",2,3000,碩博士,0
UID-b63d84c1,2026-03-13 00:51:00,+886-904-779-008,"殺豬盤,平台無法出金",26,27773,學生,1
UID-05aa09e1,2026-03-12 18:38:00,+886-903-889-046,"假投資,內線交易,VIP通道",8,1229413,上班族,1
UID-165de25a,2026-03-12 19:38:00,+886-905-181-808,"債務不履行,退款延遲",2,3000,高中職以下,0
UID-adef4d3e,2026-03-12 14:39:00,+886-904-453-058,"網路交友,要求儲值,點數卡",15,134803,學生,1
UID-234c860c,2026-03-13 08:16:00,+886-901-575-043,"網路購物詐騙,解除分期付款",204,44022,高中職以下,1
UID-c87a1a23,2026-03-12 16:55:00,+886-901-424-032,"網路購物詐騙,假賣場",283,28692,高中職以下,1
UID-6dac35c0,2026-03-13 05:54:00,+886-905-917-300,"正常投資諮詢,理財規劃",1,500,上班族,0
UID-519058c9,2026-03-12 15:04:00,+886-902-116-369,"假檢警,監管帳戶",2,4968266,碩博士,1
UID-6d98b9c4,2026-03-12 15:52:00,+886-902-140-442,"假冒郵局,普發現金冒領",3,7166779,70+ 長者,1
UID-4d2a4d85,2026-03-12 15:01:00,+886-901-648-017,"幽靈包裹,超商取貨",247,9131,學生,1
UID-1fa7c4d0,2026-03-12 12:08:00,+886-904-604-023,"網路交友,AI濾鏡假冒",15,134077,學生,1
UID-a52653c1,2026-03-12 13:18:00,+886-901-412-038,"網路購物詐騙,ATM操作",190,44329,高中職以下,1
UID-199a6e25,2026-03-12 09:39:00,+886-903-880-069,"假投資,資金盤",11,3514099,50-69 中高齡,1
UID-f2ae0552,2026-03-12 20:44:00,+886-905-655-361,"一般客訴,服務態度",2,15000,碩博士,0
UID-fe0c0b79,2026-03-12 10:10:00,+886-905-125-606,"司法文書送達,正常公務",2,3000,大專院校,0
UID-99f86853,2026-03-13 03:56:00,+886-903-883-075,"假投資,資金盤",9,4985719,碩博士,1
UID-623d83b9,2026-03-12 13:09:00,+886-904-410-003,"網路交友,AI濾鏡假冒",17,60899,碩博士,1
UID-abe2e414,2026-03-12 17:25:00,+886-905-960-493,"一般客訴,服務態度",2,3000,碩博士,0
UID-085e9140,2026-03-13 05:30:00,+886-901-308-021,"網路購物詐騙,ATM操作",263,18407,大專院校,1
UID-69b24308,2026-03-13 04:57:00,+886-902-168-160,"假冒郵局,普發現金冒領",2,5570147,50-69 中高齡,1
UID-3b6c8f7d,2026-03-12 21:40:00,+886-903-880-025,"假投資,虛擬貨幣,高報酬",6,2425178,上班族,1
UID-4b580824,2026-03-13 07:54:00,+886-905-892-937,"司法文書送達,正常公務",2,500,學生,0
UID-195425f0,2026-03-12 11:22:00,+886-903-889-061,"假投資,內線交易,VIP通道",9,462557,碩博士,1
UID-7c148900,2026-03-12 09:02:00,+886-905-143-819,"交易糾紛,商品瑕疵",1,3000,50-69 中高齡,0
UID-637469fe,2026-03-12 10:35:00,+886-905-865-298,"債務不履行,退款延遲",1,15000,大專院校,0
UID-639727c1,2026-03-13 03:16:00,+886-902-138-390,"假檢警,監管帳戶",1,2914667,70+ 長者,1
UID-2d0293dc,2026-03-12 18:36:00,+886-905-735-382,"司法文書送達,正常公務",1,15000,碩博士,0
UID-1667d42c,2026-03-12 23:14:00,+886-904-793-043,"網路交友,AI濾鏡假冒",8,12419,碩博士,1
UID-f55b1355,2026-03-12 10:37:00,+886-903-881-079,"假投資,保證獲利",13,1414869,上班族,1
UID-c37b39d3,2026-03-13 04:40:00,+886-901-992-048,"幽靈包裹,超商取貨",182,18463,大專院校,1
UID-ae950939,2026-03-12 23:37:00,+886-901-125-045,"幽靈包裹,超商取貨",260,25155,大專院校,1
UID-a766eebf,2026-03-12 21:48:00,+886-905-401-790,"一般客訴,服務態度",1,0,70+ 長者,0
UID-87a03c5f,2026-03-12 13:04:00,+886-902-135-328,"假檢警,監管帳戶",3,4493879,70+ 長者,1
UID-6c6e9517,2026-03-12 21:53:00,+886-903-882-052,"假投資,虛擬貨幣,高報酬",20,3610296,碩博士,1
UID-79ad8784,2026-03-12 18:29:00,+886-902-136-774,"假員警,偵查不公開",1,4895737,70+ 長者,1
UID-809b04b8,2026-03-12 15:08:00,+886-901-512-006,"網路購物詐騙,解除分期付款",216,21998,學生,1
UID-64086ed4,2026-03-12 14:23:00,+886-901-712-001,"網路購物詐騙,ATM操作",232,41474,高中職以下,1
UID-84b71676,2026-03-12 16:33:00,+886-905-577-243,"司法文書送達,正常公務",2,3000,上班族,0
UID-fc6602e9,2026-03-12 19:36:00,+886-905-565-180,"正常投資諮詢,理財規劃",2,3000,大專院校,0
UID-37946bad,2026-03-13 01:23:00,+886-901-439-022,"幽靈包裹,超商取貨",215,12440,上班族,1
UID-f701477c,2026-03-13 01:06:00,+886-905-863-538,"交易糾紛,商品瑕疵",1,500,上班族,0
UID-0850599d,2026-03-12 12:08:00,+886-904-559-028,"網路交友,要求儲值,點數卡",18,109442,學生,1
UID-fcc506e7,2026-03-12 16:45:00,+886-905-501-239,"交易糾紛,商品瑕疵",1,0,50-69 中高齡,0
UID-98ca5646,2026-03-13 04:21:00,+886-901-560-007,"網路購物詐騙,解除分期付款",173,1660,學生,1
UID-f3c01e27,2026-03-12 13:19:00,+886-905-502-583,"債務不履行,退款延遲",2,15000,70+ 長者,0
UID-1cb6e24b,2026-03-12 23:52:00,+886-904-831-023,"殺豬盤,平台無法出金",5,126521,上班族,1
UID-d1b0201a,2026-03-12 17:40:00,+886-905-412-546,"司法文書送達,正常公務",2,0,學生,0
UID-1d671467,2026-03-13 06:37:00,+886-903-883-020,"假投資,資金盤",6,862322,碩博士,1
UID-e23b3fde,2026-03-12 20:49:00,+886-901-350-042,"網路購物詐騙,ATM操作",387,3442,高中職以下,1
UID-0ac6671a,2026-03-12 09:44:00,+886-901-512-035,"幽靈包裹,超商取貨",171,16332,大專院校,1
UID-c8c4ff5a,2026-03-12 22:17:00,+886-902-117-862,"假冒郵局,普發現金冒領",1,2776920,50-69 中高齡,1
UID-a183a3be,2026-03-12 18:18:00,+886-905-897-511,"一般客訴,服務態度",1,15000,碩博士,0
UID-df17b741,2026-03-12 14:55:00,+886-905-834-922,"交易糾紛,商品瑕疵",1,500,學生,0
UID-ef98826f,2026-03-12 09:18:00,+886-902-158-340,"假檢警,監管帳戶",1,3856344,50-69 中高齡,1
UID-2a451e06,2026-03-12 15:39:00,+886-901-690-003,"網路購物詐騙,ATM操作",171,35479,大專院校,1
UID-03a804f1,2026-03-12 13:02:00,+886-904-927-052,"網路交友,要求儲值,點數卡",16,65340,大專院校,1
UID-8b33b276,2026-03-12 17:23:00,+886-905-638-846,"正常投資諮詢,理財規劃",1,3000,高中職以下,0
UID-e140d523,2026-03-12 20:30:00,+886-902-199-185,"假檢警,監管帳戶",1,716632,50-69 中高齡,1
UID-5e9c40aa,2026-03-13 07:23:00,+886-902-152-260,"假員警,偵查不公開",3,4350058,50-69 中高齡,1
UID-44e3d30a,2026-03-12 09:08:00,+886-905-672-665,"司法文書送達,正常公務",2,0,學生,0
UID-dd37cf7e,2026-03-12 18:41:00,+886-903-887-003,"假投資,資金盤",17,1922774,碩博士,1
UID-622923fd,2026-03-12 16:02:00,+886-902-140-212,"假員警,偵查不公開",1,1972914,50-69 中高齡,1
UID-fd1fb404,2026-03-12 09:10:00,+886-999-999-999,"機器人測試,惡意灌水",11595,0,未知,0
UID-4051e0bc,2026-03-13 06:33:00,+886-904-816-056,"網路交友,AI濾鏡假冒",3,115253,碩博士,1
UID-2eac8752,2026-03-13 07:45:00,+886-901-185-035,"網路購物詐騙,ATM操作",166,34069,上班族,1
UID-511775ec,2026-03-13 06:23:00,+886-904-665-021,"Threads廣告,假兼職",10,142688,碩博士,1
UID-83182286,2026-03-13 02:18:00,+886-904-818-008,"Threads廣告,假兼職",20,29096,大專院校,1
UID-718e839d,2026-03-12 21:55:00,+886-905-712-708,"正常投資諮詢,理財規劃",2,15000,50-69 中高齡,0
UID-c7df1af9,2026-03-12 09:16:00,+886-904-951-065,"殺豬盤,平台無法出金",22,77349,上班族,1
UID-5855f2ec,2026-03-12 18:06:00,+886-902-128-610,"假冒郵局,普發現金冒領",1,1261620,70+ 長者,1
UID-288f7db3,2026-03-12 14:13:00,+886-903-887-011,"假投資,保證獲利",15,3360545,碩博士,1
UID-ed64cbba,2026-03-12 11:16:00,+886-905-713-368,"交易糾紛,商品瑕疵",2,3000,上班族,0
UID-a0311adb,2026-03-12 09:22:00,+886-905-953-507,"債務不履行,退款延遲",2,15000,學生,0
UID-31bfee72,2026-03-12 19:45:00,+886-904-592-039,"網路交友,AI濾鏡假冒",10,130038,碩博士,1
UID-82c6ca53,2026-03-12 21:13:00,+886-904-407-067,"Threads廣告,假兼職",19,109811,大專院校,1
UID-85372bb2,2026-03-12 22:21:00,+886-902-136-238,"假扣押財產,面交黃金白銀",1,2522940,50-69 中高齡,1
UID-3beaabd5,2026-03-13 08:55:00,+886-904-277-002,"網路交友,要求儲值,點數卡",19,79971,學生,1
UID-6ec4c134,2026-03-12 10:37:00,+886-903-885-046,"假投資,保證獲利",15,640628,上班族,1
UID-63a95de9,2026-03-13 07:50:00,+886-901-107-049,"網路購物詐騙,ATM操作",165,34203,大專院校,1
UID-bcffaacf,2026-03-12 20:22:00,+886-901-787-036,"幽靈包裹,超商取貨",624,23457,上班族,1
UID-b2311f32,2026-03-12 09:03:00,+886-999-999-999,"機器人測試,惡意灌水",11057,0,未知,0
UID-df2509c1,2026-03-12 19:48:00,+886-905-836-383,"正常投資諮詢,理財規劃",1,15000,70+ 長者,0
UID-93cc1236,2026-03-12 16:02:00,+886-901-657-011,"幽靈包裹,超商取貨",248,17487,大專院校,1
UID-db7bbe99,2026-03-13 05:48:00,+886-905-640-560,"一般客訴,服務態度",2,15000,50-69 中高齡,0
UID-fb568bea,2026-03-12 12:17:00,+886-901-703-036,"網路購物詐騙,假賣場",174,17822,學生,1
UID-034efced,2026-03-13 01:47:00,+886-904-675-001,"網路交友,AI濾鏡假冒",26,116806,上班族,1
UID-228fb544,2026-03-12 17:04:00,+886-901-296-033,"網路購物詐騙,假賣場",458,7366,高中職以下,1
UID-289e3c90,2026-03-12 11:13:00,+886-903-889-030,"假投資,保證獲利",18,3857255,上班族,1
UID-07a8b9c0,2026-03-13 05:11:00,+886-904-400-067,"網路交友,要求儲值,點數卡",21,143964,大專院校,1
UID-28e85756,2026-03-12 19:43:00,+886-902-126-266,"假檢警,監管帳戶",3,4356757,70+ 長者,1
UID-65237623,2026-03-13 01:12:00,+886-902-141-211,"假員警,偵查不公開",2,6360343,70+ 長者,1
UID-ffa7161b,2026-03-12 23:43:00,+886-901-948-022,"幽靈包裹,超商取貨",196,34367,學生,1
UID-61410a1a,2026-03-12 20:56:00,+886-905-690-660,"一般客訴,服務態度",1,0,學生,0
UID-e166cd8a,2026-03-13 07:42:00,+886-905-912-545,"正常投資諮詢,理財規劃",1,0,上班族,0
UID-8ad2a080,2026-03-13 05:57:00,+886-901-634-039,"網路購物詐騙,假賣場",225,3281,高中職以下,1
UID-fe773f47,2026-03-12 12:12:00,+886-902-102-856,"假扣押財產,面交黃金白銀",2,4696726,70+ 長者,1
UID-566ad072,2026-03-12 20:02:00,+886-902-108-710,"假員警,偵查不公開",1,4533079,50-69 中高齡,1
UID-f60aacce,2026-03-12 17:10:00,+886-905-822-984,"債務不履行,退款延遲",2,3000,學生,0
UID-b2539b20,2026-03-13 00:29:00,+886-905-998-961,"一般客訴,服務態度",1,15000,高中職以下,0
UID-bc801dd8,2026-03-12 10:54:00,+886-904-935-061,"網路交友,AI濾鏡假冒",26,84174,上班族,1
UID-cc5e5930,2026-03-12 09:05:00,+886-905-919-347,"一般客訴,服務態度",1,500,碩博士,0
UID-a8468052,2026-03-12 17:09:00,+886-905-788-256,"正常投資諮詢,理財規劃",1,15000,高中職以下,0
UID-b46f590d,2026-03-13 03:27:00,+886-901-959-035,"網路購物詐騙,解除分期付款",184,27920,高中職以下,1
UID-45930f64,2026-03-13 04:25:00,+886-903-883-088,"假投資,內線交易,VIP通道",12,1000528,碩博士,1
UID-f5a0a78a,2026-03-12 14:39:00,+886-901-699-041,"網路購物詐騙,解除分期付款",163,14132,大專院校,1
UID-8aa8a8fa,2026-03-13 06:10:00,+886-901-340-047,"幽靈包裹,超商取貨",206,4710,大專院校,1
UID-25474a1c,2026-03-12 22:07:00,+886-905-609-966,"一般客訴,服務態度",1,500,上班族,0
UID-4e675783,2026-03-12 09:35:00,+886-903-880-053,"假投資,虛擬貨幣,高報酬",12,2855751,50-69 中高齡,1
UID-770c90dd,2026-03-13 08:04:00,+886-903-889-007,"假投資,虛擬貨幣,高報酬",14,1280073,碩博士,1
UID-7a68f2b5,2026-03-12 14:06:00,+886-903-888-072,"假投資,內線交易,VIP通道",18,898417,碩博士,1
UID-2c8326b2,2026-03-12 17:30:00,+886-904-730-077,"Threads廣告,假兼職",17,55040,大專院校,1
UID-4b67fb5e,2026-03-12 13:59:00,+886-902-174-136,"假冒郵局,普發現金冒領",2,3844840,70+ 長者,1
UID-24fdc5ff,2026-03-12 11:51:00,+886-902-167-581,"假檢警,監管帳戶",3,3524620,70+ 長者,1
UID-30f49c08,2026-03-12 18:41:00,+886-905-103-571,"交易糾紛,商品瑕疵",2,0,學生,0
UID-ef205c49,2026-03-12 09:08:00,+886-999-999-999,"機器人測試,惡意灌水",14366,0,未知,0
UID-e2a1b990,2026-03-12 19:15:00,+886-905-292-985,"債務不履行,退款延遲",2,3000,大專院校,0
UID-0b4dbbc7,2026-03-13 03:33:00,+886-901-866-025,"網路購物詐騙,假賣場",199,9790,高中職以下,1
UID-357086ed,2026-03-13 07:28:00,+886-901-191-048,"網路購物詐騙,解除分期付款",241,35405,學生,1
UID-8b914447,2026-03-13 06:00:00,+886-905-171-471,"司法文書送達,正常公務",1,500,高中職以下,0
UID-2ffcc959,2026-03-12 13:32:00,+886-901-594-028,"幽靈包裹,超商取貨",270,34843,上班族,1
UID-5c974f3e,2026-03-12 19:20:00,+886-905-335-863,"司法文書送達,正常公務",1,3000,70+ 長者,0
UID-9f40f945,2026-03-12 20:58:00,+886-904-105-015,"Threads廣告,假兼職",12,58693,大專院校,1
UID-6b1e030e,2026-03-13 03:29:00,+886-902-130-618,"假員警,偵查不公開",3,6230501,碩博士,1
UID-3756b705,2026-03-12 11:18:00,+886-903-889-030,"假投資,保證獲利",17,2240870,碩博士,1
UID-78b2304e,2026-03-12 23:24:00,+886-903-881-059,"假投資,保證獲利",13,1012209,碩博士,1
UID-ee6c84c7,2026-03-13 08:16:00,+886-905-807-874,"一般客訴,服務態度",1,500,70+ 長者,0
UID-143d3cd1,2026-03-12 18:12:00,+886-903-889-067,"假投資,虛擬貨幣,高報酬",12,4787056,碩博士,1
UID-83a1eca1,2026-03-13 01:34:00,+886-902-154-464,"假員警,偵查不公開",1,2512444,70+ 長者,1
UID-03f3f1da,2026-03-12 20:36:00,+886-901-907-026,"網路購物詐騙,假賣場",192,28970,上班族,1
UID-3b51e341,2026-03-12 11:48:00,+886-903-885-078,"假投資,保證獲利",6,1470769,上班族,1
UID-8778ec8a,2026-03-12 14:48:00,+886-905-684-686,"司法文書送達,正常公務",1,500,50-69 中高齡,0
UID-3da16c5c,2026-03-12 19:34:00,+886-905-775-464,"交易糾紛,商品瑕疵",1,0,上班族,0
UID-f695fbd3,2026-03-12 22:58:00,+886-905-118-384,"債務不履行,退款延遲",1,3000,大專院校,0
UID-47c117d8,2026-03-12 15:27:00,+886-905-809-345,"正常投資諮詢,理財規劃",2,3000,學生,0
UID-8419b77a,2026-03-12 15:22:00,+886-903-883-083,"假投資,資金盤",5,2655954,碩博士,1
UID-a4a3a4e6,2026-03-12 22:31:00,+886-903-883-086,"假投資,虛擬貨幣,高報酬",9,4703130,碩博士,1
UID-6058d1f8,2026-03-13 04:22:00,+886-905-684-579,"交易糾紛,商品瑕疵",1,3000,碩博士,0
UID-28a616cc,2026-03-12 13:23:00,+886-901-411-049,"網路購物詐騙,ATM操作",150,32765,上班族,1
UID-64944d39,2026-03-13 05:49:00,+886-904-428-025,"Threads廣告,假兼職",10,51449,碩博士,1
UID-510ffb7f,2026-03-12 12:10:00,+886-904-956-079,"網路交友,AI濾鏡假冒",21,102768,大專院校,1
UID-8d573996,2026-03-13 00:54:00,+886-904-107-020,"Threads廣告,假兼職",15,136544,碩博士,1
UID-820cb620,2026-03-12 18:02:00,+886-903-883-008,"假投資,資金盤",13,1011745,50-69 中高齡,1
UID-ad79bbbb,2026-03-12 22:26:00,+886-904-484-056,"網路交友,要求儲值,點數卡",27,46582,學生,1
UID-8719a721,2026-03-13 04:46:00,+886-904-222-077,"殺豬盤,平台無法出金",4,103472,碩博士,1
UID-0fd1ea0c,2026-03-12 12:43:00,+886-905-870-873,"一般客訴,服務態度",1,3000,高中職以下,0
UID-4485d5c5,2026-03-13 02:54:00,+886-904-280-004,"網路交友,要求儲值,點數卡",17,38439,上班族,1
UID-b53197ab,2026-03-12 11:40:00,+886-905-935-983,"司法文書送達,正常公務",2,0,大專院校,0
UID-807a201f,2026-03-13 00:18:00,+886-904-910-055,"網路交友,AI濾鏡假冒",16,398,碩博士,1
UID-7eccbf43,2026-03-13 05:04:00,+886-901-128-019,"網路購物詐騙,ATM操作",980,38548,高中職以下,1
UID-5ecc1740,2026-03-12 21:58:00,+886-905-789-704,"司法文書送達,正常公務",2,15000,70+ 長者,0
UID-91deb909,2026-03-13 07:28:00,+886-903-887-045,"假投資,內線交易,VIP通道",15,3503130,上班族,1
UID-8c3717a0,2026-03-12 09:34:00,+886-905-999-939,"一般客訴,服務態度",2,15000,大專院校,0
UID-32d4ce8a,2026-03-12 12:10:00,+886-903-880-044,"假投資,虛擬貨幣,高報酬",11,1030318,碩博士,1
UID-dafd083b,2026-03-13 00:52:00,+886-903-886-038,"假投資,內線交易,VIP通道",13,791922,50-69 中高齡,1
UID-5c3c1127,2026-03-12 13:27:00,+886-903-880-016,"假投資,虛擬貨幣,高報酬",16,3681662,上班族,1
UID-8072431a,2026-03-13 01:40:00,+886-904-407-036,"網路交友,要求儲值,點數卡",15,76186,大專院校,1
UID-d5cfca0e,2026-03-12 21:47:00,+886-905-789-752,"一般客訴,服務態度",1,3000,50-69 中高齡,0
UID-f0a1d0e2,2026-03-13 06:55:00,+886-904-722-037,"殺豬盤,平台無法出金",29,120513,大專院校,1
UID-3b49a759,2026-03-12 23:21:00,+886-902-146-303,"假員警,偵查不公開",3,6782850,70+ 長者,1
UID-49fb4e88,2026-03-13 07:48:00,+886-901-803-033,"網路購物詐騙,假賣場",165,37161,上班族,1
UID-4b7a058a,2026-03-13 07:08:00,+886-905-382-371,"一般客訴,服務態度",1,15000,學生,0
UID-3d926bf5,2026-03-13 06:44:00,+886-901-867-016,"網路購物詐騙,假賣場",206,7261,上班族,1
UID-26dcbb13,2026-03-13 03:03:00,+886-905-646-203,"司法文書送達,正常公務",1,0,學生,0
UID-91ea01e9,2026-03-12 18:09:00,+886-903-886-019,"假投資,內線交易,VIP通道",20,1138766,上班族,1
UID-27298ac4,2026-03-12 14:20:00,+886-903-885-072,"假投資,虛擬貨幣,高報酬",12,2638445,大專院校,1
UID-a02075a9,2026-03-13 07:57:00,+886-905-994-969,"正常投資諮詢,理財規劃",1,15000,學生,0
UID-89ba9e57,2026-03-12 10:07:00,+886-903-883-069,"假投資,資金盤",5,219874,碩博士,1
UID-feefcead,2026-03-12 15:37:00,+886-902-146-719,"假扣押財產,面交黃金白銀",2,7305873,70+ 長者,1
UID-2af5a767,2026-03-12 18:00:00,+886-902-110-754,"假扣押財產,面交黃金白銀",2,4266217,70+ 長者,1
UID-2c137708,2026-03-13 07:26:00,+886-905-254-444,"正常投資諮詢,理財規劃",1,3000,50-69 中高齡,0
UID-70eb5d79,2026-03-13 08:43:00,+886-905-883-192,"一般客訴,服務態度",1,3000,50-69 中高齡,0
UID-25631a6f,2026-03-12 12:42:00,+886-902-126-865,"假員警,偵查不公開",2,4384645,70+ 長者,1
UID-ceac02cd,2026-03-12 23:47:00,+886-905-198-797,"正常投資諮詢,理財規劃",2,0,70+ 長者,0
UID-3f055501,2026-03-13 08:34:00,+886-903-880-032,"假投資,保證獲利",6,3669493,碩博士,1
UID-64c02323,2026-03-12 09:46:00,+886-905-286-752,"司法文書送達,正常公務",2,3000,上班族,0
UID-2feee30b,2026-03-12 14:21:00,+886-905-290-341,"債務不履行,退款延遲",2,15000,學生,0
UID-40ca5af0,2026-03-12 11:04:00,+886-903-886-017,"假投資,保證獲利",15,4161020,上班族,1
UID-2ab0a6bc,2026-03-13 06:12:00,+886-903-889-013,"假投資,虛擬貨幣,高報酬",5,1663912,上班族,1
UID-6c69955f,2026-03-13 05:05:00,+886-905-736-425,"正常投資諮詢,理財規劃",2,3000,大專院校,0
UID-5e336e0d,2026-03-13 07:08:00,+886-902-155-469,"假扣押財產,面交黃金白銀",3,4656603,70+ 長者,1
UID-73a44286,2026-03-13 00:10:00,+886-904-221-053,"網路交友,要求儲值,點數卡",18,94709,大專院校,1
UID-fe56ae01,2026-03-12 09:53:00,+886-904-395-046,"網路交友,要求儲值,點數卡",10,26849,學生,1
UID-a93e8a5a,2026-03-12 16:37:00,+886-904-838-013,"殺豬盤,平台無法出金",25,124925,碩博士,1
UID-473728b8,2026-03-13 06:16:00,+886-902-149-865,"假員警,偵查不公開",3,5788018,50-69 中高齡,1
UID-d30badc7,2026-03-12 10:11:00,+886-902-125-681,"假冒郵局,普發現金冒領",1,5063362,70+ 長者,1
UID-309f04d7,2026-03-12 20:08:00,+886-903-881-011,"假投資,保證獲利",13,352044,碩博士,1
UID-4adc8d31,2026-03-12 13:09:00,+886-902-197-243,"假扣押財產,面交黃金白銀",1,4982986,70+ 長者,1
UID-025c2031,2026-03-12 18:31:00,+886-903-883-009,"假投資,虛擬貨幣,高報酬",16,1959632,50-69 中高齡,1
UID-1374c0ca,2026-03-12 09:16:00,+886-903-885-089,"假投資,虛擬貨幣,高報酬",16,1562963,50-69 中高齡,1
UID-1261bd60,2026-03-12 12:23:00,+886-903-880-031,"假投資,虛擬貨幣,高報酬",13,4320926,碩博士,1
UID-c46117aa,2026-03-12 11:20:00,+886-905-739-106,"債務不履行,退款延遲",1,0,學生,0
UID-903cfdc4,2026-03-13 01:32:00,+886-905-460-766,"正常投資諮詢,理財規劃",1,0,70+ 長者,0
UID-175c0f45,2026-03-13 07:09:00,+886-904-385-065,"網路交友,要求儲值,點數卡",21,89403,大專院校,1
UID-a6f1ec37,2026-03-12 10:51:00,+886-903-884-080,"假投資,資金盤",18,4999528,上班族,1
UID-062cbd32,2026-03-12 15:17:00,+886-901-601-041,"網路購物詐騙,假賣場",668,10929,高中職以下,1
UID-57979d22,2026-03-13 06:00:00,+886-901-380-019,"幽靈包裹,超商取貨",186,35226,上班族,1
UID-a05d5e1a,2026-03-12 10:47:00,+886-904-192-081,"網路交友,AI濾鏡假冒",2,145226,碩博士,1
UID-67e8523e,2026-03-13 02:41:00,+886-903-885-058,"假投資,保證獲利",6,4117011,上班族,1
UID-129c4dae,2026-03-12 12:15:00,+886-901-581-046,"網路購物詐騙,解除分期付款",194,44242,高中職以下,1
UID-b1edc6c9,2026-03-13 01:35:00,+886-905-156-870,"正常投資諮詢,理財規劃",2,3000,50-69 中高齡,0
UID-573da415,2026-03-12 19:12:00,+886-902-137-952,"假冒郵局,普發現金冒領",2,7289461,70+ 長者,1
UID-b81a62d9,2026-03-13 05:38:00,+886-905-383-817,"交易糾紛,商品瑕疵",2,15000,學生,0
UID-16852cae,2026-03-12 18:10:00,+886-905-603-602,"司法文書送達,正常公務",2,500,70+ 長者,0
UID-3a2eac1a,2026-03-13 01:00:00,+886-905-170-600,"司法文書送達,正常公務",1,3000,碩博士,0
UID-bbd88c9a,2026-03-12 13:10:00,+886-905-659-642,"債務不履行,退款延遲",2,0,70+ 長者,0
UID-446b2ffe,2026-03-12 18:12:00,+886-905-936-636,"正常投資諮詢,理財規劃",2,500,碩博士,0
UID-b2d281c3,2026-03-12 20:03:00,+886-903-885-061,"假投資,資金盤",7,2678080,上班族,1
UID-8fa7fd40,2026-03-12 16:27:00,+886-902-197-384,"假員警,偵查不公開",2,6542995,70+ 長者,1
UID-f6c98b84,2026-03-13 04:05:00,+886-903-886-046,"假投資,保證獲利",15,208370,碩博士,1
UID-02ad2a8f,2026-03-13 07:10:00,+886-903-883-045,"假投資,保證獲利",14,3302569,碩博士,1
UID-3203c7d6,2026-03-13 00:18:00,+886-903-882-025,"假投資,資金盤",9,2871213,50-69 中高齡,1
UID-15d6dc86,2026-03-12 19:47:00,+886-903-889-093,"假投資,虛擬貨幣,高報酬",13,4685449,碩博士,1
UID-506590bd,2026-03-12 22:37:00,+886-901-160-020,"幽靈包裹,超商取貨",185,27495,大專院校,1
UID-e29900f2,2026-03-12 23:18:00,+886-903-883-087,"假投資,資金盤",19,2095860,上班族,1
UID-1ee5f92a,2026-03-12 18:02:00,+886-903-888-027,"假投資,資金盤",13,2188339,上班族,1
UID-3fb31416,2026-03-12 22:03:00,+886-903-881-037,"假投資,資金盤",16,2708727,上班族,1
UID-922cc602,2026-03-13 00:42:00,+886-905-859-982,"交易糾紛,商品瑕疵",1,15000,上班族,0
UID-9d74f873,2026-03-13 08:52:00,+886-905-678-725,"交易糾紛,商品瑕疵",1,500,70+ 長者,0
UID-e9072b44,2026-03-12 12:51:00,+886-902-193-661,"假檢警,監管帳戶",2,6727599,50-69 中高齡,1
UID-7dd0dfa0,2026-03-12 20:33:00,+886-901-157-049,"網路購物詐騙,假賣場",463,23312,學生,1
UID-99c58f2a,2026-03-12 11:49:00,+886-904-300-043,"網路交友,要求儲值,點數卡",12,72065,學生,1
UID-38e1c9ad,2026-03-13 07:09:00,+886-903-880-028,"假投資,資金盤",16,1314246,上班族,1
UID-982ecead,2026-03-13 00:16:00,+886-904-928-052,"Threads廣告,假兼職",26,60825,碩博士,1
UID-4a492a54,2026-03-12 19:38:00,+886-901-359-020,"網路購物詐騙,解除分期付款",662,23012,高中職以下,1
UID-a931067f,2026-03-12 13:18:00,+886-905-442-240,"債務不履行,退款延遲",2,3000,70+ 長者,0
UID-b1608a03,2026-03-13 08:42:00,+886-903-884-039,"假投資,內線交易,VIP通道",7,360595,碩博士,1
UID-9b32b2bc,2026-03-12 23:17:00,+886-903-886-048,"假投資,虛擬貨幣,高報酬",8,2071424,上班族,1
UID-a43f1484,2026-03-12 10:55:00,+886-905-445-214,"司法文書送達,正常公務",2,500,50-69 中高齡,0
UID-d6dcf17f,2026-03-13 00:40:00,+886-903-886-063,"假投資,虛擬貨幣,高報酬",10,4906721,碩博士,1
UID-43b36b89,2026-03-13 01:37:00,+886-903-883-071,"假投資,保證獲利",16,4806774,上班族,1
UID-c31f6f8b,2026-03-12 11:44:00,+886-905-754-781,"一般客訴,服務態度",2,0,學生,0
UID-ebc44ac6,2026-03-12 21:19:00,+886-901-639-008,"幽靈包裹,超商取貨",248,36859,上班族,1
UID-81ec6525,2026-03-13 00:11:00,+886-903-888-061,"假投資,虛擬貨幣,高報酬",14,519520,50-69 中高齡,1
UID-385fba89,2026-03-12 18:59:00,+886-902-197-176,"假扣押財產,面交黃金白銀",2,4116362,50-69 中高齡,1
UID-2322c414,2026-03-12 14:50:00,+886-903-883-099,"假投資,內線交易,VIP通道",11,2219790,50-69 中高齡,1
UID-eaa06ff7,2026-03-12 20:28:00,+886-901-100-029,"網路購物詐騙,ATM操作",183,13252,大專院校,1
UID-1b7ae811,2026-03-13 03:11:00,+886-905-940-437,"一般客訴,服務態度",2,3000,學生,0
UID-9d115890,2026-03-13 02:14:00,+886-901-459-048,"網路購物詐騙,假賣場",150,24913,高中職以下,1
UID-02900a7f,2026-03-13 02:59:00,+886-901-766-015,"網路購物詐騙,解除分期付款",719,18479,高中職以下,1
UID-6b4028b8,2026-03-13 04:38:00,+886-905-453-983,"正常投資諮詢,理財規劃",1,15000,高中職以下,0
UID-6429efee,2026-03-12 19:54:00,+886-903-885-037,"假投資,虛擬貨幣,高報酬",9,2688661,上班族,1
UID-20540208,2026-03-12 12:47:00,+886-903-889-087,"假投資,虛擬貨幣,高報酬",14,4146515,50-69 中高齡,1
UID-fb4ef414,2026-03-13 08:03:00,+886-905-168-515,"債務不履行,退款延遲",2,3000,學生,0
UID-ff8929ee,2026-03-12 23:26:00,+886-902-192-420,"假冒郵局,普發現金冒領",1,1579523,70+ 長者,1
UID-85da88d1,2026-03-12 15:09:00,+886-903-888-030,"假投資,內線交易,VIP通道",18,1423908,碩博士,1
UID-0c05351a,2026-03-13 02:19:00,+886-904-676-034,"Threads廣告,假兼職",20,138186,學生,1
UID-7c09049f,2026-03-12 12:25:00,+886-905-113-148,"債務不履行,退款延遲",2,3000,上班族,0
UID-f489ea43,2026-03-13 04:41:00,+886-905-230-589,"司法文書送達,正常公務",2,500,大專院校,0
UID-8e34b56e,2026-03-13 01:02:00,+886-901-722-039,"網路購物詐騙,假賣場",178,23625,上班族,1
UID-1458ce63,2026-03-12 09:46:00,+886-904-135-095,"網路交友,要求儲值,點數卡",18,139047,大專院校,1
UID-2f8df9d5,2026-03-12 13:54:00,+886-905-686-422,"交易糾紛,商品瑕疵",1,3000,50-69 中高齡,0
UID-d8c2959e,2026-03-13 05:17:00,+886-901-503-007,"網路購物詐騙,ATM操作",235,40390,大專院校,1
UID-7d322e53,2026-03-12 16:40:00,+886-902-174-212,"假員警,偵查不公開",2,4150381,70+ 長者,1
UID-4968cc0e,2026-03-12 18:38:00,+886-902-112-418,"假扣押財產,面交黃金白銀",2,7316865,碩博士,1
UID-fe19fefc,2026-03-12 23:22:00,+886-901-220-007,"網路購物詐騙,解除分期付款",380,10707,大專院校,1
UID-e9793c61,2026-03-12 09:04:00,+886-999-999-999,"機器人測試,惡意灌水",11581,0,未知,0
UID-3da8b936,2026-03-13 08:28:00,+886-903-884-035,"假投資,資金盤",5,1929937,上班族,1
UID-246e126f,2026-03-12 09:14:00,+886-903-885-056,"假投資,保證獲利",11,319723,上班族,1
UID-3df38e4b,2026-03-12 12:00:00,+886-903-881-096,"假投資,資金盤",13,2215984,大專院校,1
UID-78227878,2026-03-13 08:46:00,+886-902-199-953,"假檢警,監管帳戶",2,7406137,50-69 中高齡,1
UID-0005a978,2026-03-13 04:38:00,+886-903-889-091,"假投資,保證獲利",6,2272800,50-69 中高齡,1
UID-96f99749,2026-03-12 09:06:00,+886-999-999-999,"機器人測試,惡意灌水",10146,0,未知,0
UID-a7a0c0fb,2026-03-12 15:06:00,+886-904-433-013,"Threads廣告,假兼職",5,138224,學生,1
UID-bfe49c9d,2026-03-13 00:20:00,+886-902-197-840,"假扣押財產,面交黃金白銀",3,1380743,50-69 中高齡,1
UID-20ed27a1,2026-03-13 02:43:00,+886-903-882-037,"假投資,保證獲利",15,2180613,50-69 中高齡,1
UID-28e5eb7b,2026-03-12 17:22:00,+886-903-889-050,"假投資,內線交易,VIP通道",14,3309094,50-69 中高齡,1
UID-b2829dbb,2026-03-12 17:17:00,+886-904-491-027,"網路交友,AI濾鏡假冒",20,147499,大專院校,1
UID-7140a294,2026-03-13 01:06:00,+886-902-117-852,"假扣押財產,面交黃金白銀",1,7789208,50-69 中高齡,1
UID-11778791,2026-03-12 16:40:00,+886-905-969-463,"債務不履行,退款延遲",1,500,70+ 長者,0
UID-64398a04,2026-03-12 15:50:00,+886-905-526-858,"交易糾紛,商品瑕疵",2,0,碩博士,0
UID-c0d7200d,2026-03-12 18:11:00,+886-904-869-024,"殺豬盤,平台無法出金",30,43162,碩博士,1
UID-c1bdfee8,2026-03-12 09:02:00,+886-999-999-999,"機器人測試,惡意灌水",12757,0,未知,0
UID-a3f51f30,2026-03-13 02:59:00,+886-903-884-071,"假投資,內線交易,VIP通道",13,996123,碩博士,1
UID-6270d068,2026-03-12 10:18:00,+886-902-144-158,"假扣押財產,面交黃金白銀",3,3138430,70+ 長者,1
UID-cab403e7,2026-03-12 20:53:00,+886-905-771-724,"一般客訴,服務態度",1,500,上班族,0
UID-32e10151,2026-03-12 11:10:00,+886-904-569-066,"Threads廣告,假兼職",13,35008,學生,1
UID-4d1d4eca,2026-03-12 09:08:00,+886-999-999-999,"機器人測試,惡意灌水",14882,0,未知,0
UID-7eb8cb06,2026-03-12 10:04:00,+886-903-883-067,"假投資,內線交易,VIP通道",9,2688435,碩博士,1
UID-d3449ccd,2026-03-12 10:17:00,+886-901-359-035,"網路購物詐騙,假賣場",262,1408,學生,1
UID-edfb9b3f,2026-03-13 00:05:00,+886-901-940-039,"幽靈包裹,超商取貨",174,32773,學生,1
UID-93261c60,2026-03-13 05:30:00,+886-903-884-035,"假投資,保證獲利",6,1215827,碩博士,1
UID-39c704a7,2026-03-12 18:44:00,+886-905-461-451,"司法文書送達,正常公務",2,500,大專院校,0
UID-aec87098,2026-03-13 03:56:00,+886-904-643-001,"Threads廣告,假兼職",10,37799,學生,1
UID-2c4b9576,2026-03-13 02:01:00,+886-905-899-173,"一般客訴,服務態度",2,3000,學生,0
UID-6a71bd39,2026-03-12 10:14:00,+886-902-102-847,"假扣押財產,面交黃金白銀",2,7056544,50-69 中高齡,1
UID-e5fdd0f3,2026-03-12 21:18:00,+886-901-303-034,"網路購物詐騙,ATM操作",210,16898,大專院校,1
UID-50ba8535,2026-03-13 02:43:00,+886-903-887-017,"假投資,保證獲利",7,1332884,上班族,1
UID-27085928,2026-03-12 22:12:00,+886-903-882-081,"假投資,保證獲利",13,3592588,碩博士,1
UID-f79a1888,2026-03-12 22:32:00,+886-902-113-547,"假冒郵局,普發現金冒領",1,6426373,70+ 長者,1
UID-7df4251a,2026-03-12 18:00:00,+886-902-130-232,"假員警,偵查不公開",3,3096134,50-69 中高齡,1
UID-f93c9e96,2026-03-12 13:38:00,+886-903-882-078,"假投資,資金盤",12,1686406,碩博士,1
UID-667374c9,2026-03-12 22:41:00,+886-901-339-049,"網路購物詐騙,ATM操作",155,21255,學生,1
UID-a7b16db3,2026-03-13 08:48:00,+886-903-886-020,"假投資,保證獲利",14,2011178,上班族,1
UID-76cae3b3,2026-03-12 18:38:00,+886-905-339-643,"一般客訴,服務態度",2,15000,學生,0
UID-0c158102,2026-03-13 03:32:00,+886-904-657-021,"殺豬盤,平台無法出金",10,12639,大專院校,1
UID-e3e128e4,2026-03-12 19:41:00,+886-901-556-028,"網路購物詐騙,解除分期付款",356,38131,大專院校,1
UID-0360fdc4,2026-03-13 01:25:00,+886-905-776-539,"正常投資諮詢,理財規劃",1,15000,碩博士,0
UID-5ab7c4d8,2026-03-12 10:22:00,+886-905-425-791,"債務不履行,退款延遲",2,15000,碩博士,0
UID-fef7168f,2026-03-12 15:34:00,+886-904-844-024,"Threads廣告,假兼職",21,112612,上班族,1
UID-2e7c9662,2026-03-12 20:09:00,+886-902-101-240,"假冒郵局,普發現金冒領",1,4119235,70+ 長者,1
UID-50a4f9de,2026-03-12 17:12:00,+886-904-397-082,"網路交友,要求儲值,點數卡",13,132575,碩博士,1
UID-5eed1f01,2026-03-13 09:00:00,+886-905-564-547,"正常投資諮詢,理財規劃",1,3000,上班族,0
UID-3760d6bd,2026-03-12 15:39:00,+886-903-880-073,"假投資,虛擬貨幣,高報酬",16,874317,50-69 中高齡,1
UID-ed53d9e6,2026-03-12 14:59:00,+886-904-402-013,"殺豬盤,平台無法出金",7,71969,碩博士,1
UID-cb8a5b43,2026-03-12 09:06:00,+886-999-999-999,"機器人測試,惡意灌水",14201,0,未知,0
UID-2a918e07,2026-03-12 16:29:00,+886-905-829-942,"債務不履行,退款延遲",1,3000,50-69 中高齡,0
UID-7c161a0d,2026-03-12 22:35:00,+886-901-906-047,"網路購物詐騙,ATM操作",217,4978,高中職以下,1
UID-37094604,2026-03-13 05:33:00,+886-905-139-465,"交易糾紛,商品瑕疵",2,15000,高中職以下,0
UID-90f8bf11,2026-03-13 03:11:00,+886-905-411-954,"交易糾紛,商品瑕疵",2,15000,70+ 長者,0
UID-81bf7aa0,2026-03-13 01:23:00,+886-903-885-094,"假投資,資金盤",14,3696907,碩博士,1
UID-16e45a33,2026-03-13 08:23:00,+886-905-861-612,"交易糾紛,商品瑕疵",1,3000,50-69 中高齡,0
UID-9094974c,2026-03-12 22:39:00,+886-904-716-032,"殺豬盤,平台無法出金",4,149834,學生,1
UID-28ab8219,2026-03-12 12:08:00,+886-903-880-084,"假投資,資金盤",11,4496088,大專院校,1
UID-f505ebb2,2026-03-12 20:07:00,+886-905-954-674,"正常投資諮詢,理財規劃",2,3000,高中職以下,0
UID-41d2a0ac,2026-03-12 12:31:00,+886-905-881-424,"債務不履行,退款延遲",1,500,碩博士,0
UID-33d40838,2026-03-12 18:16:00,+886-901-281-001,"網路購物詐騙,ATM操作",247,21847,學生,1
UID-7fb3334d,2026-03-12 09:08:00,+886-999-999-999,"機器人測試,惡意灌水",8507,0,未知,0
UID-c8535a6b,2026-03-13 02:47:00,+886-901-388-047,"網路購物詐騙,假賣場",171,41780,上班族,1
UID-0a4e6d6f,2026-03-12 21:30:00,+886-905-739-604,"一般客訴,服務態度",1,0,碩博士,0
UID-c7d8035a,2026-03-12 16:22:00,+886-903-884-040,"假投資,虛擬貨幣,高報酬",5,3198067,上班族,1
UID-f7b52e58,2026-03-12 20:22:00,+886-904-508-043,"網路交友,AI濾鏡假冒",6,26476,上班族,1
UID-624bd0e5,2026-03-13 06:52:00,+886-901-452-003,"網路購物詐騙,ATM操作",157,11173,高中職以下,1
UID-6acef769,2026-03-13 02:37:00,+886-903-884-012,"假投資,保證獲利",14,1447486,上班族,1
UID-28ee839c,2026-03-12 13:51:00,+886-901-438-039,"網路購物詐騙,解除分期付款",14028,30247,高中職以下,1
UID-33bc3845,2026-03-12 11:47:00,+886-905-416-235,"一般客訴,服務態度",2,500,高中職以下,0
UID-23819b29,2026-03-12 18:57:00,+886-905-424-861,"交易糾紛,商品瑕疵",2,3000,學生,0
UID-3a201cea,2026-03-12 14:45:00,+886-903-881-065,"假投資,保證獲利",19,3275350,上班族,1
UID-a9845948,2026-03-12 10:57:00,+886-904-799-007,"網路交友,AI濾鏡假冒",18,84641,大專院校,1
UID-3b145ce7,2026-03-12 19:58:00,+886-905-114-631,"正常投資諮詢,理財規劃",2,0,70+ 長者,0
UID-cd2009de,2026-03-12 18:33:00,+886-902-137-523,"假檢警,監管帳戶",3,5132571,70+ 長者,1
UID-5bf70a6a,2026-03-13 02:53:00,+886-901-198-044,"網路購物詐騙,假賣場",201,23295,學生,1
UID-5310de29,2026-03-12 15:06:00,+886-905-846-764,"一般客訴,服務態度",2,15000,高中職以下,0
UID-13cb2199,2026-03-12 16:13:00,+886-902-129-852,"假員警,偵查不公開",3,6812602,70+ 長者,1
UID-b174785a,2026-03-12 14:52:00,+886-905-742-768,"債務不履行,退款延遲",1,3000,70+ 長者,0
UID-518178a6,2026-03-13 06:49:00,+886-902-127-805,"假檢警,監管帳戶",3,6458808,碩博士,1
UID-eb5dc6c6,2026-03-12 16:02:00,+886-901-446-040,"網路購物詐騙,ATM操作",237,44780,高中職以下,1
UID-3845278b,2026-03-12 19:50:00,+886-902-128-238,"假冒郵局,普發現金冒領",1,4685686,50-69 中高齡,1
UID-bc351861,2026-03-13 01:27:00,+886-905-428-969,"交易糾紛,商品瑕疵",1,15000,50-69 中高齡,0
UID-c73d02eb,2026-03-13 01:17:00,+886-901-974-037,"網路購物詐騙,ATM操作",162,9612,高中職以下,1
UID-f11efa8f,2026-03-12 14:51:00,+886-903-883-030,"假投資,虛擬貨幣,高報酬",20,868649,碩博士,1
UID-bd2162b5,2026-03-12 10:23:00,+886-905-988-728,"交易糾紛,商品瑕疵",2,15000,碩博士,0
UID-c8b9f5b0,2026-03-12 10:58:00,+886-905-616-229,"債務不履行,退款延遲",2,0,高中職以下,0
UID-60872710,2026-03-13 06:35:00,+886-903-883-085,"假投資,虛擬貨幣,高報酬",13,4512757,50-69 中高齡,1
UID-0783edf2,2026-03-13 04:33:00,+886-905-338-106,"司法文書送達,正常公務",1,3000,高中職以下,0
UID-f260a80a,2026-03-12 11:59:00,+886-903-884-005,"假投資,內線交易,VIP通道",18,487489,碩博士,1
UID-eddec593,2026-03-12 17:03:00,+886-903-884-046,"假投資,內線交易,VIP通道",16,4229024,上班族,1
UID-fe49c983,2026-03-12 23:46:00,+886-905-177-912,"一般客訴,服務態度",1,3000,高中職以下,0
UID-017a309f,2026-03-12 18:05:00,+886-905-952-176,"債務不履行,退款延遲",2,500,70+ 長者,0
UID-ed115195,2026-03-12 12:23:00,+886-903-888-035,"假投資,內線交易,VIP通道",15,413077,上班族,1
UID-343e0996,2026-03-12 13:57:00,+886-905-413-159,"一般客訴,服務態度",1,500,高中職以下,0
UID-0cd530e3,2026-03-13 02:09:00,+886-901-607-048,"網路購物詐騙,ATM操作",187,34165,高中職以下,1
UID-6dc20030,2026-03-13 03:16:00,+886-902-192-233,"假檢警,監管帳戶",1,3851466,70+ 長者,1
UID-998ea893,2026-03-12 11:46:00,+886-905-715-359,"交易糾紛,商品瑕疵",2,3000,學生,0
UID-00df24ff,2026-03-12 12:13:00,+886-904-505-086,"殺豬盤,平台無法出金",10,115861,碩博士,1
UID-adb85140,2026-03-13 00:31:00,+886-905-850-688,"債務不履行,退款延遲",1,15000,碩博士,0
UID-5c0ee413,2026-03-12 19:50:00,+886-903-884-066,"假投資,虛擬貨幣,高報酬",11,777695,50-69 中高齡,1
UID-fa65d01c,2026-03-13 03:47:00,+886-904-572-033,"Threads廣告,假兼職",14,120743,學生,1
UID-46827a71,2026-03-12 09:59:00,+886-903-882-099,"假投資,保證獲利",14,3073070,上班族,1
UID-d2a83c64,2026-03-13 04:06:00,+886-902-131-699,"假檢警,監管帳戶",3,3824916,70+ 長者,1
UID-a667a5ae,2026-03-12 13:59:00,+886-902-185-164,"假扣押財產,面交黃金白銀",1,1672887,50-69 中高齡,1
UID-4f2d2617,2026-03-13 07:54:00,+886-905-568-344,"債務不履行,退款延遲",1,3000,50-69 中高齡,0
UID-4107cb56,2026-03-13 07:40:00,+886-905-474-719,"債務不履行,退款延遲",2,0,大專院校,0
UID-f297a8d3,2026-03-13 06:53:00,+886-904-856-049,"殺豬盤,平台無法出金",12,107940,碩博士,1
UID-1a03304d,2026-03-13 01:49:00,+886-901-133-006,"幽靈包裹,超商取貨",150,8023,上班族,1
UID-e0ed17c1,2026-03-13 01:13:00,+886-904-794-010,"網路交友,要求儲值,點數卡",4,143090,上班族,1
UID-7198f6c1,2026-03-13 07:43:00,+886-903-888-018,"假投資,內線交易,VIP通道",8,3134182,上班族,1
UID-945f239e,2026-03-12 20:02:00,+886-903-885-056,"假投資,虛擬貨幣,高報酬",13,3040315,上班族,1
UID-e8e83266,2026-03-12 14:29:00,+886-904-840-007,"網路交友,AI濾鏡假冒",19,109445,碩博士,1
UID-72948669,2026-03-13 06:27:00,+886-905-971-259,"司法文書送達,正常公務",1,15000,碩博士,0
UID-bbf67a28,2026-03-12 09:07:00,+886-999-999-999,"機器人測試,惡意灌水",12590,0,未知,0
UID-7e62c988,2026-03-12 11:49:00,+886-902-137-545,"假冒郵局,普發現金冒領",2,5775175,70+ 長者,1
UID-f2e38ebc,2026-03-13 01:07:00,+886-904-462-077,"網路交友,要求儲值,點數卡",17,67557,上班族,1
UID-2247a527,2026-03-13 05:32:00,+886-905-553-897,"正常投資諮詢,理財規劃",2,500,碩博士,0
UID-2ad0c0bf,2026-03-13 00:00:00,+886-905-377-645,"正常投資諮詢,理財規劃",2,15000,大專院校,0
UID-520aa6af,2026-03-13 07:24:00,+886-903-887-029,"假投資,保證獲利",8,4206898,上班族,1
UID-2d983a58,2026-03-12 16:05:00,+886-902-197-631,"假員警,偵查不公開",2,2520967,70+ 長者,1
UID-aa03dfd1,2026-03-13 00:27:00,+886-901-557-010,"網路購物詐騙,ATM操作",271,30036,大專院校,1
UID-3e37c13d,2026-03-12 16:52:00,+886-905-360-974,"司法文書送達,正常公務",2,0,上班族,0
UID-3de781e6,2026-03-12 17:45:00,+886-905-117-823,"正常投資諮詢,理財規劃",1,500,碩博士,0
UID-868c24e5,2026-03-12 18:21:00,+886-904-469-049,"殺豬盤,平台無法出金",21,66898,大專院校,1
UID-98500f3d,2026-03-13 03:40:00,+886-901-636-007,"幽靈包裹,超商取貨",222,38063,大專院校,1
UID-645abf76,2026-03-12 22:01:00,+886-905-112-403,"一般客訴,服務態度",1,500,高中職以下,0
UID-c68f3cc1,2026-03-12 20:56:00,+886-903-886-022,"假投資,虛擬貨幣,高報酬",6,1607835,上班族,1
UID-f0773132,2026-03-12 23:39:00,+886-905-803-646,"正常投資諮詢,理財規劃",1,3000,50-69 中高齡,0
UID-ad2d348b,2026-03-13 08:26:00,+886-902-182-133,"假員警,偵查不公開",1,7881054,70+ 長者,1
UID-22fe62e5,2026-03-13 01:00:00,+886-903-880-095,"假投資,虛擬貨幣,高報酬",14,3586042,上班族,1
UID-5da33458,2026-03-12 13:59:00,+886-903-880-097,"假投資,保證獲利",17,606404,碩博士,1
UID-4b449645,2026-03-12 10:57:00,+886-905-875-159,"一般客訴,服務態度",1,500,學生,0
UID-acd7e70b,2026-03-12 14:45:00,+886-905-386-327,"債務不履行,退款延遲",1,500,50-69 中高齡,0
UID-f21f6ecb,2026-03-12 23:57:00,+886-901-123-042,"網路購物詐騙,假賣場",191,13199,高中職以下,1
UID-4386baed,2026-03-12 15:30:00,+886-903-882-084,"假投資,虛擬貨幣,高報酬",10,925729,碩博士,1
UID-cdd072e7,2026-03-12 13:41:00,+886-903-884-014,"假投資,保證獲利",18,779020,50-69 中高齡,1
UID-32c09ffe,2026-03-12 13:52:00,+886-902-117-820,"假冒郵局,普發現金冒領",3,4981523,70+ 長者,1
UID-d797474f,2026-03-12 16:46:00,+886-904-671-023,"Threads廣告,假兼職",11,85117,學生,1
UID-8c6e8e43,2026-03-12 14:40:00,+886-901-796-031,"網路購物詐騙,解除分期付款",165,27519,學生,1
UID-bfb6621f,2026-03-13 06:34:00,+886-902-134-253,"假檢警,監管帳戶",2,4685013,70+ 長者,1
UID-354ae1c6,2026-03-13 02:19:00,+886-903-884-002,"假投資,虛擬貨幣,高報酬",12,3288103,碩博士,1
UID-4024c5a0,2026-03-12 18:09:00,+886-903-882-026,"假投資,資金盤",7,1912520,上班族,1
UID-903c0ed7,2026-03-12 13:11:00,+886-905-644-897,"債務不履行,退款延遲",1,15000,學生,0
UID-5ccee9c3,2026-03-12 16:41:00,+886-902-181-517,"假扣押財產,面交黃金白銀",2,1733081,70+ 長者,1
UID-aee0d84c,2026-03-13 00:56:00,+886-905-385-228,"交易糾紛,商品瑕疵",1,15000,上班族,0
UID-5bcc2db7,2026-03-12 11:10:00,+886-904-710-050,"殺豬盤,平台無法出金",4,79657,上班族,1
UID-cbc5a7e4,2026-03-12 09:05:00,+886-999-999-999,"機器人測試,惡意灌水",11217,0,未知,0
UID-6e3f7805,2026-03-12 14:41:00,+886-905-485-116,"交易糾紛,商品瑕疵",2,500,50-69 中高齡,0
UID-d9e38229,2026-03-12 17:39:00,+886-905-578-182,"債務不履行,退款延遲",2,500,高中職以下,0
UID-2adb196f,2026-03-13 08:11:00,+886-905-951-390,"一般客訴,服務態度",2,0,70+ 長者,0
UID-448386d5,2026-03-12 23:52:00,+886-903-880-092,"假投資,虛擬貨幣,高報酬",6,316659,50-69 中高齡,1
UID-a9efdade,2026-03-13 08:46:00,+886-903-889-014,"假投資,資金盤",10,2301573,50-69 中高齡,1
UID-d09a1822,2026-03-12 14:34:00,+886-903-886-016,"假投資,虛擬貨幣,高報酬",9,4825096,上班族,1
UID-a5039469,2026-03-12 22:17:00,+886-903-880-016,"假投資,保證獲利",10,1248725,大專院校,1
UID-48dcc83b,2026-03-13 06:03:00,+886-903-884-014,"假投資,虛擬貨幣,高報酬",10,1703390,碩博士,1
UID-a08db525,2026-03-12 12:57:00,+886-902-113-799,"假扣押財產,面交黃金白銀",1,4411552,70+ 長者,1
UID-b30e52a2,2026-03-12 17:23:00,+886-905-783-217,"正常投資諮詢,理財規劃",1,0,學生,0
UID-a3a6b989,2026-03-12 23:14:00,+886-902-128-641,"假員警,偵查不公開",1,5935367,70+ 長者,1
UID-104b32e3,2026-03-12 11:00:00,+886-905-615-471,"正常投資諮詢,理財規劃",2,3000,高中職以下,0
UID-0e8dee35,2026-03-12 16:15:00,+886-903-886-024,"假投資,虛擬貨幣,高報酬",9,1915895,上班族,1
UID-dae42e0b,2026-03-13 05:37:00,+886-905-289-977,"一般客訴,服務態度",2,3000,70+ 長者,0
UID-0d8981c6,2026-03-13 03:05:00,+886-901-569-029,"網路購物詐騙,ATM操作",209,1184,上班族,1
UID-2dea63cb,2026-03-13 08:34:00,+886-905-806-981,"債務不履行,退款延遲",2,500,70+ 長者,0
UID-6da7012d,2026-03-12 12:32:00,+886-903-889-068,"假投資,內線交易,VIP通道",13,1707323,碩博士,1
UID-ff0c7691,2026-03-12 20:30:00,+886-905-474-673,"交易糾紛,商品瑕疵",1,3000,高中職以下,0
UID-519317d9,2026-03-12 22:38:00,+886-904-938-047,"Threads廣告,假兼職",16,112713,上班族,1
UID-0a4d34dd,2026-03-12 18:02:00,+886-905-671-305,"司法文書送達,正常公務",2,0,碩博士,0
UID-548c1ac3,2026-03-12 16:09:00,+886-904-845-054,"網路交友,要求儲值,點數卡",7,10238,大專院校,1
UID-2c1cf2b7,2026-03-12 20:44:00,+886-903-883-092,"假投資,內線交易,VIP通道",11,4099102,碩博士,1
UID-14a46a2b,2026-03-13 06:58:00,+886-904-532-030,"網路交友,AI濾鏡假冒",24,84806,碩博士,1
UID-4186bfdd,2026-03-13 00:14:00,+886-901-169-046,"網路購物詐騙,ATM操作",549,10257,大專院校,1
UID-9222e615,2026-03-13 03:54:00,+886-902-171-577,"假扣押財產,面交黃金白銀",1,7125034,70+ 長者,1
UID-75c56a3f,2026-03-12 17:32:00,+886-905-766-917,"司法文書送達,正常公務",1,15000,高中職以下,0
UID-bce5c53a,2026-03-12 22:12:00,+886-905-108-943,"一般客訴,服務態度",2,0,70+ 長者,0
UID-7431c4b4,2026-03-12 09:01:00,+886-999-999-999,"機器人測試,惡意灌水",12320,0,未知,0
UID-b01c5d4b,2026-03-12 21:06:00,+886-903-889-059,"假投資,內線交易,VIP通道",12,3786174,上班族,1
UID-bcfadacb,2026-03-12 20:30:00,+886-903-888-017,"假投資,保證獲利",18,3912202,上班族,1
UID-60ebfb3e,2026-03-12 13:23:00,+886-903-883-020,"假投資,保證獲利",17,1017758,上班族,1
UID-72573044,2026-03-12 14:57:00,+886-904-100-018,"殺豬盤,平台無法出金",8,10223,學生,1
UID-279f5386,2026-03-12 16:51:00,+886-902-174-408,"假扣押財產,面交黃金白銀",2,1456908,50-69 中高齡,1
UID-298920bf,2026-03-13 07:31:00,+886-903-883-057,"假投資,保證獲利",16,851688,上班族,1
UID-ad654655,2026-03-12 10:37:00,+886-903-884-029,"假投資,虛擬貨幣,高報酬",5,4156392,碩博士,1
UID-d1d1da10,2026-03-12 12:55:00,+886-904-483-051,"網路交友,要求儲值,點數卡",4,91832,大專院校,1
UID-72ad07d9,2026-03-12 16:19:00,+886-903-884-029,"假投資,資金盤",18,1625740,上班族,1
UID-7e5b2df6,2026-03-12 11:47:00,+886-903-886-052,"假投資,資金盤",19,4705512,碩博士,1
UID-b716d508,2026-03-13 05:42:00,+886-901-940-030,"網路購物詐騙,假賣場",367,37415,高中職以下,1
UID-40b2a5d7,2026-03-13 00:43:00,+886-903-885-065,"假投資,資金盤",18,2815163,碩博士,1
UID-a5069000,2026-03-12 15:59:00,+886-905-115-593,"司法文書送達,正常公務",2,500,50-69 中高齡,0
UID-2eda700e,2026-03-13 00:43:00,+886-903-887-053,"假投資,保證獲利",10,3087076,碩博士,1
UID-fe2148f5,2026-03-13 05:06:00,+886-902-162-581,"假員警,偵查不公開",2,7944545,70+ 長者,1
UID-2dbc3b59,2026-03-13 06:37:00,+886-904-302-013,"網路交友,要求儲值,點數卡",4,98433,上班族,1
UID-077cc6d5,2026-03-12 12:52:00,+886-905-291-764,"債務不履行,退款延遲",2,3000,50-69 中高齡,0
UID-8cb5e93a,2026-03-13 05:25:00,+886-903-885-065,"假投資,虛擬貨幣,高報酬",9,4397382,上班族,1
UID-3a7eac7d,2026-03-12 23:14:00,+886-903-889-020,"假投資,虛擬貨幣,高報酬",12,220924,上班族,1
UID-e1b2359d,2026-03-13 05:31:00,+886-905-573-338,"一般客訴,服務態度",2,500,碩博士,0
UID-9960079d,2026-03-12 15:44:00,+886-902-167-330,"假扣押財產,面交黃金白銀",2,7344354,70+ 長者,1
UID-ac93a159,2026-03-12 10:12:00,+886-902-149-769,"假冒郵局,普發現金冒領",1,6833225,70+ 長者,1
UID-2a467e77,2026-03-13 08:38:00,+886-905-377-423,"一般客訴,服務態度",2,500,大專院校,0
UID-df7d8f80,2026-03-12 22:42:00,+886-902-132-184,"假檢警,監管帳戶",3,5720106,50-69 中高齡,1
UID-62c80342,2026-03-12 17:12:00,+886-905-558-295,"司法文書送達,正常公務",1,500,70+ 長者,0
UID-426cdad2,2026-03-12 13:37:00,+886-903-881-051,"假投資,內線交易,VIP通道",11,4644541,上班族,1
UID-80f94169,2026-03-12 12:04:00,+886-905-761-598,"交易糾紛,商品瑕疵",1,15000,高中職以下,0
UID-cdacfab0,2026-03-13 05:09:00,+886-901-677-048,"網路購物詐騙,假賣場",227,4980,高中職以下,1
UID-d8cc473c,2026-03-12 11:13:00,+886-905-318-367,"債務不履行,退款延遲",1,0,70+ 長者,0
UID-93afc58d,2026-03-13 05:20:00,+886-901-812-009,"網路購物詐騙,假賣場",227,24564,高中職以下,1
UID-e4b9282a,2026-03-13 01:54:00,+886-903-888-097,"假投資,內線交易,VIP通道",11,355808,50-69 中高齡,1
UID-318a686c,2026-03-13 06:49:00,+886-903-880-073,"假投資,保證獲利",14,3731585,50-69 中高齡,1
UID-57b67838,2026-03-13 03:03:00,+886-905-120-996,"交易糾紛,商品瑕疵",2,15000,70+ 長者,0
UID-9bf6dfa1,2026-03-12 14:27:00,+886-901-117-027,"幽靈包裹,超商取貨",224,3982,大專院校,1
UID-312533f6,2026-03-12 20:14:00,+886-905-165-357,"一般客訴,服務態度",1,15000,學生,0
UID-645217d5,2026-03-13 03:06:00,+886-903-881-024,"假投資,虛擬貨幣,高報酬",20,3376272,碩博士,1
UID-304d0810,2026-03-12 19:59:00,+886-901-504-043,"網路購物詐騙,假賣場",238,35798,大專院校,1
UID-eb80fadc,2026-03-12 13:30:00,+886-901-918-007,"網路購物詐騙,ATM操作",182,42604,大專院校,1
UID-ca86c34d,2026-03-13 05:57:00,+886-905-372-983,"交易糾紛,商品瑕疵",2,0,70+ 長者,0
UID-5dd885e4,2026-03-13 06:06:00,+886-905-961-716,"司法文書送達,正常公務",2,0,大專院校,0
UID-04a9484f,2026-03-13 04:38:00,+886-905-361-373,"司法文書送達,正常公務",1,3000,上班族,0
UID-8dfc8047,2026-03-12 21:36:00,+886-903-886-092,"假投資,資金盤",6,274498,碩博士,1
UID-87836911,2026-03-12 17:29:00,+886-903-880-051,"假投資,資金盤",8,1216301,50-69 中高齡,1
UID-e32a990f,2026-03-13 00:53:00,+886-904-447-068,"網路交友,要求儲值,點數卡",30,139908,上班族,1
UID-afc90980,2026-03-13 05:05:00,+886-905-699-466,"交易糾紛,商品瑕疵",2,15000,上班族,0
UID-2d606543,2026-03-12 22:46:00,+886-902-114-204,"假扣押財產,面交黃金白銀",1,3889234,50-69 中高齡,1
UID-436f13bd,2026-03-12 13:23:00,+886-905-221-990,"司法文書送達,正常公務",2,3000,50-69 中高齡,0
UID-e131036c,2026-03-12 19:48:00,+886-902-102-230,"假扣押財產,面交黃金白銀",3,4296702,70+ 長者,1
UID-06989051,2026-03-13 03:12:00,+886-904-642-056,"Threads廣告,假兼職",26,76235,上班族,1
UID-3195afdc,2026-03-12 10:22:00,+886-903-886-066,"假投資,虛擬貨幣,高報酬",9,2496609,50-69 中高齡,1
UID-f7952075,2026-03-13 04:21:00,+886-904-811-060,"網路交友,AI濾鏡假冒",24,3312,學生,1
UID-ed5b0789,2026-03-13 05:07:00,+886-903-886-098,"假投資,保證獲利",8,1054091,碩博士,1
UID-c25bb742,2026-03-12 22:10:00,+886-902-198-129,"假檢警,監管帳戶",3,5929435,70+ 長者,1
UID-674a0e7f,2026-03-12 09:55:00,+886-905-706-766,"正常投資諮詢,理財規劃",2,3000,70+ 長者,0
UID-84393dfd,2026-03-12 10:05:00,+886-901-328-010,"網路購物詐騙,假賣場",255,30060,高中職以下,1
UID-f99aea3b,2026-03-12 17:44:00,+886-902-167-432,"假員警,偵查不公開",1,2367831,50-69 中高齡,1
UID-5b728730,2026-03-12 19:02:00,+886-903-886-081,"假投資,保證獲利",20,3193304,上班族,1
UID-dfb4fa2d,2026-03-13 07:05:00,+886-903-883-038,"假投資,虛擬貨幣,高報酬",6,4629509,上班族,1
UID-146a97c0,2026-03-12 10:28:00,+886-901-661-044,"網路購物詐騙,解除分期付款",267,43305,大專院校,1
UID-2ac0ab8a,2026-03-13 03:35:00,+886-901-434-023,"幽靈包裹,超商取貨",213,39841,高中職以下,1
UID-b70f6604,2026-03-12 10:15:00,+886-905-878-606,"交易糾紛,商品瑕疵",1,15000,學生,0
UID-9a3c0350,2026-03-12 16:53:00,+886-903-888-062,"假投資,資金盤",18,1349088,上班族,1
UID-f0dd8e34,2026-03-12 20:37:00,+886-904-691-006,"Threads廣告,假兼職",14,126003,學生,1
UID-5fed3cb9,2026-03-12 18:44:00,+886-903-884-075,"假投資,虛擬貨幣,高報酬",9,1864239,碩博士,1
UID-0298566b,2026-03-13 06:11:00,+886-902-146-429,"假員警,偵查不公開",3,1834854,70+ 長者,1
UID-d9a795f2,2026-03-13 00:21:00,+886-905-401-807,"一般客訴,服務態度",2,0,學生,0
UID-814b8f7b,2026-03-12 23:57:00,+886-903-888-063,"假投資,內線交易,VIP通道",7,1614110,碩博士,1
UID-71a4abc0,2026-03-12 09:08:00,+886-999-999-999,"機器人測試,惡意灌水",14914,0,未知,0
UID-aafeb06d,2026-03-12 17:48:00,+886-905-215-460,"交易糾紛,商品瑕疵",2,3000,碩博士,0
UID-8c1ca5d0,2026-03-13 02:42:00,+886-905-496-721,"一般客訴,服務態度",2,15000,碩博士,0
UID-c644551c,2026-03-13 08:46:00,+886-903-884-063,"假投資,資金盤",17,2479586,大專院校,1
UID-cc19214a,2026-03-12 13:11:00,+886-903-889-008,"假投資,資金盤",7,3554982,碩博士,1
UID-e4414f38,2026-03-12 12:10:00,+886-904-392-089,"殺豬盤,平台無法出金",5,3152,學生,1
UID-4a52b631,2026-03-12 17:19:00,+886-905-491-297,"債務不履行,退款延遲",1,500,碩博士,0
UID-403515b6,2026-03-13 04:06:00,+886-903-883-061,"假投資,虛擬貨幣,高報酬",8,168610,碩博士,1
UID-911f529e,2026-03-13 06:59:00,+886-905-560-626,"債務不履行,退款延遲",2,0,碩博士,0
UID-6f332d9c,2026-03-13 06:59:00,+886-905-984-416,"債務不履行,退款延遲",1,15000,上班族,0
UID-cb2d0092,2026-03-13 05:41:00,+886-905-939-151,"交易糾紛,商品瑕疵",1,500,大專院校,0
UID-622499c9,2026-03-12 17:57:00,+886-905-686-969,"一般客訴,服務態度",1,15000,大專院校,0
UID-7fe54207,2026-03-12 14:51:00,+886-902-119-463,"假扣押財產,面交黃金白銀",1,5064570,70+ 長者,1
UID-96f4f963,2026-03-12 20:47:00,+886-903-886-046,"假投資,虛擬貨幣,高報酬",10,3291592,上班族,1
UID-a362f5b8,2026-03-12 22:34:00,+886-905-539-419,"交易糾紛,商品瑕疵",2,500,高中職以下,0
UID-8b00a4da,2026-03-13 00:27:00,+886-902-139-130,"假員警,偵查不公開",3,7673408,50-69 中高齡,1
UID-4ae98db9,2026-03-12 09:02:00,+886-902-164-939,"假冒郵局,普發現金冒領",3,2578166,碩博士,1
UID-90a488d0,2026-03-12 17:21:00,+886-903-888-098,"假投資,資金盤",19,2159405,碩博士,1
UID-da8f05ad,2026-03-12 09:09:00,+886-902-121-902,"假扣押財產,面交黃金白銀",2,2252622,50-69 中高齡,1
UID-4afa674c,2026-03-12 11:45:00,+886-902-156-217,"假員警,偵查不公開",1,2392729,70+ 長者,1
UID-00d6513c,2026-03-12 23:02:00,+886-904-514-086,"殺豬盤,平台無法出金",4,135379,學生,1
UID-124f49f2,2026-03-13 02:01:00,+886-905-725-846,"正常投資諮詢,理財規劃",1,15000,學生,0
UID-bf40be72,2026-03-12 23:44:00,+886-905-884-830,"司法文書送達,正常公務",2,500,大專院校,0
UID-8b961d81,2026-03-13 03:25:00,+886-901-119-030,"網路購物詐騙,解除分期付款",160,20493,高中職以下,1
UID-e02f947e,2026-03-12 22:21:00,+886-901-288-048,"網路購物詐騙,ATM操作",158,26567,上班族,1
UID-f60e86ab,2026-03-13 08:21:00,+886-901-203-008,"網路購物詐騙,解除分期付款",340,5903,大專院校,1
UID-806d7cc3,2026-03-12 23:41:00,+886-904-490-025,"Threads廣告,假兼職",23,2856,大專院校,1
UID-ea4201dc,2026-03-12 19:20:00,+886-905-594-861,"正常投資諮詢,理財規劃",2,3000,上班族,0
UID-849ebfe0,2026-03-12 16:12:00,+886-903-881-039,"假投資,資金盤",16,2920721,大專院校,1
UID-1873459b,2026-03-13 08:21:00,+886-902-102-410,"假員警,偵查不公開",1,4648183,70+ 長者,1
UID-a3b06c3a,2026-03-12 19:48:00,+886-905-304-657,"交易糾紛,商品瑕疵",1,500,高中職以下,0
UID-604083d3,2026-03-12 18:36:00,+886-905-423-336,"一般客訴,服務態度",1,0,高中職以下,0
UID-d5605a98,2026-03-12 11:24:00,+886-901-263-014,"網路購物詐騙,假賣場",174,39317,大專院校,1
UID-40a6183a,2026-03-12 09:05:00,+886-999-999-999,"機器人測試,惡意灌水",11823,0,未知,0
UID-f7ea3d00,2026-03-13 03:57:00,+886-902-128-703,"假員警,偵查不公開",1,4168107,70+ 長者,1
UID-2a423e6c,2026-03-13 01:19:00,+886-902-180-953,"假冒郵局,普發現金冒領",3,5872651,50-69 中高齡,1
UID-b6504888,2026-03-12 14:17:00,+886-902-198-604,"假冒郵局,普發現金冒領",3,4620413,碩博士,1
UID-e5dee59b,2026-03-13 05:05:00,+886-903-882-040,"假投資,虛擬貨幣,高報酬",10,2077276,碩博士,1
UID-1d63dc20,2026-03-13 06:20:00,+886-903-884-064,"假投資,保證獲利",5,1583898,上班族,1
UID-13759a5e,2026-03-12 12:43:00,+886-904-596-007,"殺豬盤,平台無法出金",23,8824,碩博士,1
UID-f9db5868,2026-03-13 06:12:00,+886-905-813-439,"一般客訴,服務態度",1,0,上班族,0
UID-9ad03541,2026-03-12 17:24:00,+886-904-150-032,"網路交友,要求儲值,點數卡",23,92810,學生,1
UID-8e1d520d,2026-03-13 08:25:00,+886-901-868-012,"網路購物詐騙,解除分期付款",151,21729,上班族,1
UID-94e478fb,2026-03-12 17:19:00,+886-905-369-728,"一般客訴,服務態度",1,15000,70+ 長者,0
UID-51c08198,2026-03-12 22:13:00,+886-905-227-572,"司法文書送達,正常公務",2,500,學生,0
UID-b5823113,2026-03-13 08:18:00,+886-905-463-327,"交易糾紛,商品瑕疵",2,0,50-69 中高齡,0
UID-e9aca8e0,2026-03-13 01:00:00,+886-905-473-120,"正常投資諮詢,理財規劃",1,500,50-69 中高齡,0
UID-03d1dc5b,2026-03-12 09:35:00,+886-901-886-030,"網路購物詐騙,假賣場",166,40765,學生,1
UID-128f654d,2026-03-13 01:37:00,+886-905-259-567,"債務不履行,退款延遲",1,15000,碩博士,0
UID-926b8593,2026-03-12 09:14:00,+886-902-172-558,"假檢警,監管帳戶",3,2127792,70+ 長者,1
UID-7cfd2639,2026-03-12 10:19:00,+886-901-765-012,"網路購物詐騙,ATM操作",284,8598,高中職以下,1
UID-72cbd4cf,2026-03-13 08:24:00,+886-904-649-092,"Threads廣告,假兼職",14,7437,上班族,1
UID-f79e0450,2026-03-12 09:03:00,+886-999-999-999,"機器人測試,惡意灌水",8855,0,未知,0
UID-ddd4e785,2026-03-12 09:30:00,+886-903-887-056,"假投資,虛擬貨幣,高報酬",5,4683691,50-69 中高齡,1
UID-39d9a9bf,2026-03-12 09:28:00,+886-901-757-042,"網路購物詐騙,解除分期付款",270,44080,大專院校,1
UID-d7ace8c5,2026-03-12 16:25:00,+886-903-885-043,"假投資,內線交易,VIP通道",17,4209463,上班族,1
UID-49cd93bd,2026-03-12 11:53:00,+886-903-885-062,"假投資,保證獲利",20,3337099,大專院校,1
UID-a7e0ddcf,2026-03-13 04:21:00,+886-905-344-126,"司法文書送達,正常公務",2,15000,碩博士,0
UID-7a94da2d,2026-03-13 03:17:00,+886-905-592-943,"一般客訴,服務態度",2,15000,學生,0
UID-891220bf,2026-03-13 06:31:00,+886-905-792-897,"正常投資諮詢,理財規劃",1,15000,50-69 中高齡,0
UID-404de157,2026-03-12 21:13:00,+886-905-880-343,"一般客訴,服務態度",1,3000,學生,0
UID-18d081a9,2026-03-12 16:54:00,+886-902-111-289,"假冒郵局,普發現金冒領",1,6054258,50-69 中高齡,1
UID-1ed4190b,2026-03-12 10:10:00,+886-903-888-087,"假投資,虛擬貨幣,高報酬",17,3236690,碩博士,1
UID-8f500e15,2026-03-12 16:30:00,+886-901-109-022,"網路購物詐騙,假賣場",245,11600,大專院校,1
UID-5699cb0b,2026-03-13 06:59:00,+886-901-940-016,"網路購物詐騙,假賣場",226,23355,大專院校,1
UID-0670d99c,2026-03-12 13:04:00,+886-902-178-472,"假檢警,監管帳戶",1,3801653,70+ 長者,1
UID-e915129e,2026-03-12 20:16:00,+886-902-155-729,"假檢警,監管帳戶",3,7242644,50-69 中高齡,1
UID-88538e49,2026-03-12 09:34:00,+886-904-793-022,"殺豬盤,平台無法出金",19,112034,碩博士,1
UID-e91e10ad,2026-03-13 08:32:00,+886-902-110-208,"假扣押財產,面交黃金白銀",2,5162932,70+ 長者,1
UID-9af44e18,2026-03-13 02:32:00,+886-905-884-186,"一般客訴,服務態度",1,500,70+ 長者,0
UID-2eaafd2f,2026-03-13 04:11:00,+886-903-888-013,"假投資,內線交易,VIP通道",20,3287389,上班族,1
UID-9a3f79c3,2026-03-12 23:33:00,+886-902-164-786,"假檢警,監管帳戶",2,1108815,70+ 長者,1
UID-71fddedb,2026-03-12 15:54:00,+886-904-919-091,"網路交友,AI濾鏡假冒",10,46091,上班族,1
UID-c7f21b46,2026-03-13 05:42:00,+886-903-883-021,"假投資,資金盤",5,3565791,上班族,1
UID-2e1a3196,2026-03-12 13:54:00,+886-901-801-022,"網路購物詐騙,假賣場",191,12177,上班族,1
UID-2cb71f2d,2026-03-12 16:01:00,+886-903-889-039,"假投資,資金盤",10,664077,50-69 中高齡,1
UID-17f685e4,2026-03-13 01:12:00,+886-904-739-054,"Threads廣告,假兼職",8,31036,碩博士,1
UID-50459e7f,2026-03-13 00:57:00,+886-904-325-033,"Threads廣告,假兼職",25,143155,大專院校,1
UID-5d77f227,2026-03-13 01:22:00,+886-903-882-038,"假投資,虛擬貨幣,高報酬",5,4848009,大專院校,1
UID-1553fdf6,2026-03-12 19:38:00,+886-905-667-114,"一般客訴,服務態度",2,500,50-69 中高齡,0
UID-06d614a7,2026-03-12 12:51:00,+886-901-487-032,"幽靈包裹,超商取貨",186,33898,高中職以下,1
UID-24b9b6a9,2026-03-12 23:01:00,+886-905-274-139,"司法文書送達,正常公務",2,3000,高中職以下,0
UID-8b9c7640,2026-03-12 17:33:00,+886-903-887-037,"假投資,保證獲利",15,1484774,上班族,1
UID-de67f6c0,2026-03-13 02:35:00,+886-901-916-049,"網路購物詐騙,ATM操作",151,28823,學生,1
UID-4f1b3a37,2026-03-13 03:28:00,+886-905-809-543,"交易糾紛,商品瑕疵",1,3000,學生,0
UID-2bc33ffd,2026-03-12 13:25:00,+886-903-882-035,"假投資,資金盤",16,1955248,50-69 中高齡,1
UID-2802e660,2026-03-12 12:48:00,+886-905-273-283,"交易糾紛,商品瑕疵",2,500,學生,0
UID-53e51edd,2026-03-12 12:26:00,+886-904-215-077,"殺豬盤,平台無法出金",8,70657,上班族,1
UID-4130262e,2026-03-12 16:42:00,+886-905-870-686,"一般客訴,服務態度",2,15000,大專院校,0
UID-d91d2d1f,2026-03-12 11:39:00,+886-902-156-354,"假冒郵局,普發現金冒領",2,1369960,70+ 長者,1
UID-32ae98dc,2026-03-13 00:42:00,+886-904-188-054,"殺豬盤,平台無法出金",22,17878,碩博士,1
UID-91ac60fc,2026-03-13 08:44:00,+886-905-792-717,"司法文書送達,正常公務",2,500,大專院校,0
UID-45bf9de9,2026-03-12 11:26:00,+886-901-342-016,"幽靈包裹,超商取貨",177,32546,高中職以下,1
UID-7acb2ee9,2026-03-12 20:34:00,+886-905-599-927,"正常投資諮詢,理財規劃",2,0,高中職以下,0
UID-a6dcc375,2026-03-12 10:16:00,+886-904-653-087,"網路交友,AI濾鏡假冒",11,20904,大專院校,1
UID-d00793fa,2026-03-12 13:58:00,+886-902-137-942,"假員警,偵查不公開",1,7017205,70+ 長者,1
UID-e1696740,2026-03-13 00:44:00,+886-903-886-003,"假投資,內線交易,VIP通道",16,647888,上班族,1
UID-58fc0f2f,2026-03-13 06:01:00,+886-903-884-070,"假投資,保證獲利",19,1988454,大專院校,1
UID-c3a6dbb5,2026-03-13 05:48:00,+886-903-880-030,"假投資,資金盤",9,878826,上班族,1
UID-e922ab19,2026-03-12 13:30:00,+886-903-885-057,"假投資,保證獲利",13,3296923,大專院校,1
UID-2e8094d9,2026-03-12 18:47:00,+886-903-885-032,"假投資,資金盤",9,886478,大專院校,1
UID-2b01b769,2026-03-12 21:56:00,+886-903-880-008,"假投資,內線交易,VIP通道",12,3396166,上班族,1
UID-afae98bb,2026-03-12 09:01:00,+886-903-884-013,"假投資,資金盤",20,1892898,碩博士,1
UID-130c764a,2026-03-12 21:46:00,+886-902-181-721,"假員警,偵查不公開",2,6239810,70+ 長者,1
UID-b9ad18d3,2026-03-13 08:22:00,+886-901-183-045,"網路購物詐騙,假賣場",170,34855,學生,1
UID-15d9e6e0,2026-03-12 17:55:00,+886-901-613-016,"網路購物詐騙,ATM操作",154,25069,大專院校,1
UID-10f832a0,2026-03-13 08:11:00,+886-902-130-466,"假員警,偵查不公開",3,805146,70+ 長者,1
UID-5ef7189f,2026-03-13 01:52:00,+886-903-886-001,"假投資,虛擬貨幣,高報酬",12,3545134,碩博士,1
UID-124ae9d0,2026-03-12 17:54:00,+886-905-868-260,"交易糾紛,商品瑕疵",1,15000,50-69 中高齡,0
UID-68869440,2026-03-12 09:11:00,+886-901-251-042,"網路購物詐騙,ATM操作",1326,6089,上班族,1
UID-0930f1d0,2026-03-13 01:46:00,+886-904-437-065,"Threads廣告,假兼職",24,96200,碩博士,1
UID-6768e34a,2026-03-13 07:38:00,+886-903-883-083,"假投資,內線交易,VIP通道",8,1832477,大專院校,1
UID-3eac3db8,2026-03-12 22:57:00,+886-904-990-006,"殺豬盤,平台無法出金",19,129077,上班族,1
UID-aa24ba24,2026-03-13 05:34:00,+886-904-758-081,"殺豬盤,平台無法出金",16,83838,上班族,1
UID-cec9ecd7,2026-03-13 08:33:00,+886-905-495-526,"司法文書送達,正常公務",1,3000,上班族,0
UID-ad9191fd,2026-03-13 01:58:00,+886-901-876-047,"網路購物詐騙,解除分期付款",272,1202,上班族,1
UID-7367a5b6,2026-03-12 21:58:00,+886-903-883-035,"假投資,資金盤",20,2768541,上班族,1
UID-d176fb76,2026-03-12 12:30:00,+886-905-471-647,"司法文書送達,正常公務",1,0,70+ 長者,0
UID-3df47dcb,2026-03-12 18:51:00,+886-903-889-087,"假投資,內線交易,VIP通道",18,1437654,碩博士,1
UID-ce0e7e51,2026-03-12 13:20:00,+886-904-262-040,"殺豬盤,平台無法出金",5,113397,碩博士,1
UID-f578acd6,2026-03-12 13:10:00,+886-903-885-081,"假投資,資金盤",7,1720392,碩博士,1
UID-ddce1fac,2026-03-12 15:44:00,+886-905-338-198,"交易糾紛,商品瑕疵",2,15000,學生,0
UID-34e4930a,2026-03-13 01:52:00,+886-905-626-720,"一般客訴,服務態度",2,15000,上班族,0
UID-4a110d68,2026-03-13 04:50:00,+886-903-881-019,"假投資,虛擬貨幣,高報酬",12,4109394,上班族,1
UID-753aa1f2,2026-03-13 08:35:00,+886-901-863-004,"幽靈包裹,超商取貨",906,44036,上班族,1
UID-ac7e6942,2026-03-12 13:54:00,+886-905-174-376,"一般客訴,服務態度",1,0,70+ 長者,0
UID-8cff276d,2026-03-12 13:46:00,+886-903-885-063,"假投資,虛擬貨幣,高報酬",20,4454016,50-69 中高齡,1
UID-ff6d8372,2026-03-12 17:12:00,+886-902-193-654,"假冒郵局,普發現金冒領",1,5599245,50-69 中高齡,1
UID-2861f289,2026-03-12 23:51:00,+886-905-842-543,"交易糾紛,商品瑕疵",2,0,高中職以下,0
UID-ef6f0395,2026-03-13 03:13:00,+886-903-881-035,"假投資,保證獲利",18,693546,上班族,1
UID-a7adfdf0,2026-03-13 00:34:00,+886-903-883-004,"假投資,保證獲利",20,3600597,上班族,1
UID-407f854b,2026-03-12 15:58:00,+886-905-789-466,"司法文書送達,正常公務",2,15000,高中職以下,0
UID-4423a478,2026-03-12 13:46:00,+886-904-849-097,"網路交友,要求儲值,點數卡",4,107377,上班族,1
UID-a69ce81b,2026-03-12 11:11:00,+886-905-141-323,"司法文書送達,正常公務",1,0,上班族,0
UID-3ce9d74c,2026-03-13 00:54:00,+886-905-381-769,"交易糾紛,商品瑕疵",2,0,大專院校,0
UID-6d84f7dc,2026-03-12 12:00:00,+886-903-886-079,"假投資,資金盤",9,3951544,上班族,1
UID-c9c46123,2026-03-12 19:58:00,+886-905-201-737,"交易糾紛,商品瑕疵",1,15000,50-69 中高齡,0
UID-59a56e6e,2026-03-12 16:46:00,+886-905-630-797,"一般客訴,服務態度",2,15000,50-69 中高齡,0
UID-aeb114f2,2026-03-13 02:41:00,+886-905-581-309,"一般客訴,服務態度",1,0,大專院校,0
UID-28d32353,2026-03-12 11:52:00,+886-905-163-768,"正常投資諮詢,理財規劃",2,15000,70+ 長者,0
UID-64be20bd,2026-03-12 18:50:00,+886-905-214-359,"司法文書送達,正常公務",1,0,學生,0
UID-916ff18b,2026-03-13 08:24:00,+886-903-886-006,"假投資,保證獲利",6,829363,碩博士,1
UID-f175007e,2026-03-12 20:20:00,+886-904-771-033,"網路交友,AI濾鏡假冒",19,72826,學生,1
UID-f0061be4,2026-03-12 23:46:00,+886-904-460-096,"Threads廣告,假兼職",3,101539,大專院校,1
UID-0417cce7,2026-03-13 03:09:00,+886-902-139-560,"假員警,偵查不公開",2,7379452,70+ 長者,1
UID-42ba06b1,2026-03-12 11:35:00,+886-903-881-007,"假投資,保證獲利",15,768635,碩博士,1
UID-f02d9979,2026-03-13 05:36:00,+886-903-888-021,"假投資,資金盤",9,3277494,碩博士,1
UID-ab92f3c6,2026-03-12 15:19:00,+886-903-882-068,"假投資,虛擬貨幣,高報酬",18,4356709,上班族,1
UID-ad926578,2026-03-12 17:44:00,+886-903-885-026,"假投資,內線交易,VIP通道",13,2560998,50-69 中高齡,1
UID-d7f01ef1,2026-03-13 02:15:00,+886-903-883-044,"假投資,虛擬貨幣,高報酬",7,2202986,50-69 中高齡,1
UID-a94bae54,2026-03-13 07:08:00,+886-903-884-033,"假投資,資金盤",18,3132182,上班族,1
UID-dad812cc,2026-03-12 15:17:00,+886-905-126-377,"一般客訴,服務態度",1,0,70+ 長者,0
UID-27eb76b6,2026-03-12 21:12:00,+886-903-888-063,"假投資,內線交易,VIP通道",19,2711870,碩博士,1
UID-db7d5a3b,2026-03-12 09:04:00,+886-999-999-999,"機器人測試,惡意灌水",11741,0,未知,0
UID-f9902645,2026-03-12 15:29:00,+886-903-888-061,"假投資,虛擬貨幣,高報酬",8,4010853,上班族,1
UID-4e397222,2026-03-12 10:45:00,+886-902-190-502,"假扣押財產,面交黃金白銀",2,5705374,碩博士,1
UID-7112bab7,2026-03-12 23:14:00,+886-905-729-206,"正常投資諮詢,理財規劃",1,15000,碩博士,0
UID-603541b9,2026-03-13 08:52:00,+886-904-130-048,"殺豬盤,平台無法出金",14,149509,上班族,1
UID-b2e3334f,2026-03-13 01:51:00,+886-905-418-415,"一般客訴,服務態度",2,15000,碩博士,0
UID-140374c6,2026-03-12 14:20:00,+886-905-823-128,"債務不履行,退款延遲",1,3000,50-69 中高齡,0
UID-737ca24e,2026-03-13 03:59:00,+886-902-103-352,"假冒郵局,普發現金冒領",1,3026134,碩博士,1
UID-6dbc9bf6,2026-03-13 06:51:00,+886-903-887-068,"假投資,虛擬貨幣,高報酬",20,2846978,碩博士,1
UID-83cb9765,2026-03-13 07:31:00,+886-903-883-050,"假投資,虛擬貨幣,高報酬",7,759997,50-69 中高齡,1
UID-ff5d02cb,2026-03-12 18:47:00,+886-905-485-572,"一般客訴,服務態度",1,0,高中職以下,0
UID-6cd8096a,2026-03-12 13:14:00,+886-902-137-925,"假冒郵局,普發現金冒領",3,3655725,50-69 中高齡,1
UID-4d6d4a3a,2026-03-13 04:50:00,+886-905-989-765,"一般客訴,服務態度",1,15000,碩博士,0
UID-83e4441c,2026-03-12 18:19:00,+886-902-111-657,"假檢警,監管帳戶",2,7250480,70+ 長者,1
UID-b4ec0b14,2026-03-12 19:12:00,+886-904-808-003,"殺豬盤,平台無法出金",14,30714,碩博士,1
UID-8cdf43cb,2026-03-13 01:43:00,+886-903-883-008,"假投資,虛擬貨幣,高報酬",14,271794,上班族,1
UID-17a17b84,2026-03-12 21:59:00,+886-903-880-061,"假投資,保證獲利",19,4075733,大專院校,1
UID-2e5f05e4,2026-03-13 07:52:00,+886-901-380-008,"網路購物詐騙,ATM操作",239,42475,高中職以下,1
UID-39607617,2026-03-12 19:20:00,+886-901-753-041,"網路購物詐騙,假賣場",150,39702,上班族,1
UID-77c3861f,2026-03-13 07:29:00,+886-905-342-555,"正常投資諮詢,理財規劃",2,500,70+ 長者,0
UID-c4b400cb,2026-03-12 20:49:00,+886-901-743-015,"幽靈包裹,超商取貨",150,31773,高中職以下,1
UID-a5f77838,2026-03-13 07:15:00,+886-905-954-506,"司法文書送達,正常公務",1,500,碩博士,0
UID-7906e6b4,2026-03-13 08:46:00,+886-905-252-250,"一般客訴,服務態度",2,500,碩博士,0
UID-76c8ce21,2026-03-12 17:32:00,+886-904-760-061,"殺豬盤,平台無法出金",22,9966,上班族,1
UID-a45bfa46,2026-03-12 09:55:00,+886-902-101-756,"假冒郵局,普發現金冒領",3,6106888,碩博士,1
UID-37d30a53,2026-03-12 15:31:00,+886-905-679-739,"司法文書送達,正常公務",2,15000,高中職以下,0
UID-6389b323,2026-03-12 15:14:00,+886-902-183-717,"假檢警,監管帳戶",3,1458584,70+ 長者,1
UID-0ae48cf7,2026-03-12 09:29:00,+886-903-882-075,"假投資,虛擬貨幣,高報酬",12,3664538,碩博士,1
UID-1e04c2dc,2026-03-12 23:29:00,+886-905-600-326,"司法文書送達,正常公務",1,15000,上班族,0
UID-acb8bff6,2026-03-12 22:57:00,+886-901-782-049,"網路購物詐騙,假賣場",357,9768,上班族,1
UID-8c49ce67,2026-03-12 19:45:00,+886-905-799-644,"司法文書送達,正常公務",1,3000,50-69 中高齡,0
UID-74452dae,2026-03-12 19:21:00,+886-905-514-159,"正常投資諮詢,理財規劃",1,500,學生,0
UID-e45e893b,2026-03-13 03:17:00,+886-903-880-074,"假投資,保證獲利",10,2461530,50-69 中高齡,1
UID-27f31207,2026-03-12 15:12:00,+886-902-147-964,"假扣押財產,面交黃金白銀",1,1190502,70+ 長者,1
UID-88bdd719,2026-03-12 10:00:00,+886-905-439-243,"正常投資諮詢,理財規劃",2,15000,高中職以下,0
UID-4d4ad835,2026-03-13 07:07:00,+886-905-934-331,"債務不履行,退款延遲",1,500,大專院校,0
UID-0e186db5,2026-03-12 20:24:00,+886-905-551-704,"司法文書送達,正常公務",2,3000,碩博士,0
UID-635c898c,2026-03-12 09:29:00,+886-905-950-897,"正常投資諮詢,理財規劃",2,15000,碩博士,0
UID-f1cf1ad1,2026-03-12 19:56:00,+886-902-146-421,"假員警,偵查不公開",3,6065870,碩博士,1
UID-3a4bc9a0,2026-03-13 02:31:00,+886-902-150-618,"假員警,偵查不公開",2,5852193,50-69 中高齡,1
UID-f395082b,2026-03-12 10:02:00,+886-904-714-028,"殺豬盤,平台無法出金",8,126761,上班族,1
UID-625537a2,2026-03-13 01:27:00,+886-902-149-345,"假員警,偵查不公開",2,2026901,50-69 中高齡,1
UID-2bc5a937,2026-03-12 11:38:00,+886-901-120-028,"幽靈包裹,超商取貨",243,25860,學生,1
UID-c9908811,2026-03-12 17:36:00,+886-905-628-642,"一般客訴,服務態度",2,0,高中職以下,0
UID-9803d6e2,2026-03-12 13:40:00,+886-903-880-027,"假投資,保證獲利",15,410563,50-69 中高齡,1
UID-f1589bb8,2026-03-13 02:09:00,+886-901-847-035,"網路購物詐騙,ATM操作",164,29077,高中職以下,1
UID-71657ace,2026-03-13 08:20:00,+886-905-394-358,"正常投資諮詢,理財規劃",1,0,學生,0
UID-7024e464,2026-03-12 12:00:00,+886-904-514-087,"殺豬盤,平台無法出金",29,56267,大專院校,1
UID-20d69ce9,2026-03-12 19:50:00,+886-902-119-711,"假檢警,監管帳戶",3,1366708,70+ 長者,1
UID-03955908,2026-03-12 10:31:00,+886-903-885-004,"假投資,資金盤",5,1830648,50-69 中高齡,1
UID-efc7740e,2026-03-13 08:35:00,+886-905-349-215,"正常投資諮詢,理財規劃",1,0,上班族,0
UID-98fcb5e2,2026-03-13 03:18:00,+886-903-886-087,"假投資,資金盤",14,1839147,碩博士,1
UID-65d2010f,2026-03-13 03:54:00,+886-905-976-127,"一般客訴,服務態度",1,500,上班族,0
UID-766676ba,2026-03-12 16:59:00,+886-905-504-230,"司法文書送達,正常公務",2,500,上班族,0
UID-30fe2549,2026-03-13 06:43:00,+886-903-882-030,"假投資,虛擬貨幣,高報酬",7,1167022,碩博士,1
UID-4d7aead6,2026-03-13 08:37:00,+886-905-920-537,"一般客訴,服務態度",1,0,學生,0
UID-19b92010,2026-03-12 12:46:00,+886-905-940-652,"一般客訴,服務態度",2,15000,高中職以下,0
UID-6b12b095,2026-03-12 10:46:00,+886-905-161-329,"債務不履行,退款延遲",2,3000,高中職以下,0
UID-299a3a9c,2026-03-12 19:50:00,+886-904-427-094,"Threads廣告,假兼職",26,93718,上班族,1
UID-7bed151b,2026-03-13 06:04:00,+886-904-331-055,"殺豬盤,平台無法出金",19,135240,上班族,1
UID-d29ce2ed,2026-03-12 10:28:00,+886-902-177-111,"假員警,偵查不公開",2,1444278,70+ 長者,1
UID-80e5e4f7,2026-03-12 16:41:00,+886-903-883-056,"假投資,虛擬貨幣,高報酬",15,1989945,碩博士,1
UID-36c61345,2026-03-12 15:48:00,+886-905-487-587,"交易糾紛,商品瑕疵",2,3000,70+ 長者,0
UID-b613e08d,2026-03-13 02:32:00,+886-902-194-148,"假扣押財產,面交黃金白銀",2,1374702,50-69 中高齡,1
UID-5bb6a740,2026-03-12 10:16:00,+886-903-883-066,"假投資,資金盤",8,475849,碩博士,1
UID-00275f9b,2026-03-13 04:32:00,+886-904-388-083,"網路交友,AI濾鏡假冒",28,103497,碩博士,1
UID-61610a5f,2026-03-12 23:35:00,+886-903-886-058,"假投資,保證獲利",11,2883854,碩博士,1
UID-f0736254,2026-03-13 01:45:00,+886-902-190-344,"假冒郵局,普發現金冒領",2,6521527,70+ 長者,1
UID-185169a9,2026-03-12 17:29:00,+886-903-881-036,"假投資,內線交易,VIP通道",18,4071385,50-69 中高齡,1
UID-95d12f20,2026-03-12 12:16:00,+886-904-295-032,"Threads廣告,假兼職",18,100464,上班族,1
UID-845be531,2026-03-13 02:54:00,+886-905-725-710,"交易糾紛,商品瑕疵",2,500,高中職以下,0
UID-ae9b0b3e,2026-03-13 03:58:00,+886-905-207-787,"一般客訴,服務態度",2,3000,高中職以下,0
UID-70aae242,2026-03-13 08:50:00,+886-905-948-280,"司法文書送達,正常公務",1,3000,學生,0
UID-5cc635fb,2026-03-12 20:52:00,+886-904-225-069,"網路交友,要求儲值,點數卡",30,67139,大專院校,1
UID-a7d80e43,2026-03-12 13:40:00,+886-905-184-476,"司法文書送達,正常公務",1,500,大專院校,0
UID-2723e082,2026-03-12 12:13:00,+886-903-888-051,"假投資,內線交易,VIP通道",19,4079166,碩博士,1
UID-c69e73fe,2026-03-13 01:48:00,+886-903-885-005,"假投資,內線交易,VIP通道",11,3655584,碩博士,1
UID-07ad6965,2026-03-12 11:52:00,+886-902-171-271,"假扣押財產,面交黃金白銀",2,2237232,70+ 長者,1
UID-64887088,2026-03-12 14:15:00,+886-903-881-044,"假投資,虛擬貨幣,高報酬",13,993448,大專院校,1
UID-8d333b04,2026-03-13 08:45:00,+886-903-884-077,"假投資,保證獲利",16,1494901,碩博士,1
UID-f698cb4a,2026-03-12 17:45:00,+886-905-886-708,"一般客訴,服務態度",2,500,大專院校,0
UID-aa4aae03,2026-03-12 15:08:00,+886-903-887-066,"假投資,資金盤",19,1254714,碩博士,1
UID-82a367ab,2026-03-13 06:28:00,+886-903-882-090,"假投資,虛擬貨幣,高報酬",19,3774318,碩博士,1
UID-5838b9e9,2026-03-12 15:37:00,+886-901-938-011,"幽靈包裹,超商取貨",260,4615,大專院校,1
UID-60b4e457,2026-03-13 08:36:00,+886-905-788-414,"一般客訴,服務態度",2,500,70+ 長者,0
UID-deea2f76,2026-03-12 22:23:00,+886-903-883-025,"假投資,虛擬貨幣,高報酬",10,1911030,上班族,1
UID-72baceb1,2026-03-13 08:10:00,+886-902-108-842,"假員警,偵查不公開",2,5261809,70+ 長者,1
UID-32ce1e26,2026-03-12 09:51:00,+886-904-470-057,"網路交友,要求儲值,點數卡",28,14930,大專院校,1
UID-fa14e2b0,2026-03-12 20:24:00,+886-901-232-044,"幽靈包裹,超商取貨",311,23609,上班族,1
UID-1909e582,2026-03-13 07:13:00,+886-902-126-547,"假員警,偵查不公開",3,2543287,碩博士,1
UID-bab42cba,2026-03-12 11:44:00,+886-901-161-015,"網路購物詐騙,ATM操作",393,10467,學生,1
UID-04ac1039,2026-03-12 15:15:00,+886-901-998-020,"網路購物詐騙,解除分期付款",165,20303,大專院校,1
UID-7e0e3cab,2026-03-12 12:16:00,+886-901-418-042,"網路購物詐騙,ATM操作",187,25912,高中職以下,1
UID-f33c4bc2,2026-03-12 16:16:00,+886-903-882-092,"假投資,保證獲利",5,4584960,碩博士,1
UID-43dde022,2026-03-13 01:15:00,+886-905-594-954,"債務不履行,退款延遲",2,3000,上班族,0
UID-2236f3b1,2026-03-12 10:12:00,+886-901-476-011,"幽靈包裹,超商取貨",189,37908,大專院校,1
UID-feb3ad60,2026-03-12 19:30:00,+886-901-780-022,"網路購物詐騙,假賣場",308,26019,大專院校,1
UID-b5b95450,2026-03-12 22:15:00,+886-901-423-030,"網路購物詐騙,假賣場",270,5220,大專院校,1
UID-2951dc53,2026-03-12 21:38:00,+886-905-508-936,"司法文書送達,正常公務",2,500,學生,0
UID-769c6565,2026-03-12 12:55:00,+886-905-156-119,"司法文書送達,正常公務",1,500,70+ 長者,0
UID-efbfa9ca,2026-03-12 18:46:00,+886-903-880-085,"假投資,資金盤",6,4036481,碩博士,1
UID-f77e9deb,2026-03-12 14:45:00,+886-905-463-841,"司法文書送達,正常公務",1,15000,高中職以下,0
UID-13793d77,2026-03-12 20:00:00,+886-903-882-043,"假投資,內線交易,VIP通道",15,418419,碩博士,1
UID-5f5b7b4b,2026-03-12 22:05:00,+886-903-889-032,"假投資,虛擬貨幣,高報酬",5,4302829,上班族,1
UID-4133350a,2026-03-12 13:25:00,+886-901-948-035,"網路購物詐騙,假賣場",200,20824,高中職以下,1
UID-19f37bce,2026-03-12 13:22:00,+886-901-432-013,"網路購物詐騙,ATM操作",176,20275,學生,1
UID-75869505,2026-03-12 16:18:00,+886-905-291-393,"一般客訴,服務態度",2,500,大專院校,0
UID-839d82c6,2026-03-12 19:05:00,+886-904-597-019,"網路交友,AI濾鏡假冒",29,51383,碩博士,1
UID-9ea79179,2026-03-13 07:06:00,+886-905-868-824,"交易糾紛,商品瑕疵",1,0,50-69 中高齡,0
UID-46eb634e,2026-03-12 10:32:00,+886-903-884-047,"假投資,保證獲利",15,3632867,碩博士,1
UID-a95c099a,2026-03-13 08:44:00,+886-903-881-011,"假投資,保證獲利",18,828639,碩博士,1
UID-02aa38f8,2026-03-13 02:20:00,+886-904-598-044,"Threads廣告,假兼職",29,130597,上班族,1
UID-01154847,2026-03-13 08:02:00,+886-903-888-053,"假投資,內線交易,VIP通道",15,2310089,50-69 中高齡,1
UID-aa577a90,2026-03-13 00:26:00,+886-904-348-077,"網路交友,AI濾鏡假冒",20,117950,大專院校,1
UID-21dd8c62,2026-03-12 20:48:00,+886-905-675-543,"一般客訴,服務態度",1,15000,50-69 中高齡,0
UID-ec0d9510,2026-03-12 14:36:00,+886-905-387-179,"一般客訴,服務態度",1,0,碩博士,0
UID-c1eb719c,2026-03-13 07:23:00,+886-905-420-970,"正常投資諮詢,理財規劃",1,3000,70+ 長者,0
UID-40ed6bad,2026-03-12 13:14:00,+886-904-127-081,"網路交友,要求儲值,點數卡",14,16498,碩博士,1
UID-595c239e,2026-03-12 18:44:00,+886-903-885-072,"假投資,資金盤",13,2668649,碩博士,1
UID-283f6c65,2026-03-12 10:05:00,+886-903-886-057,"假投資,資金盤",15,4203922,大專院校,1
UID-d9fd24a3,2026-03-12 18:27:00,+886-904-148-077,"殺豬盤,平台無法出金",14,67827,大專院校,1
UID-983c65eb,2026-03-12 11:52:00,+886-903-880-004,"假投資,內線交易,VIP通道",19,1657512,上班族,1
UID-b0576d33,2026-03-12 10:00:00,+886-905-106-834,"債務不履行,退款延遲",1,0,學生,0
UID-ae12cd10,2026-03-12 19:27:00,+886-905-929-703,"債務不履行,退款延遲",1,3000,大專院校,0
UID-96e24d0b,2026-03-12 19:15:00,+886-904-233-049,"殺豬盤,平台無法出金",5,8219,碩博士,1
UID-00d66aeb,2026-03-12 15:12:00,+886-905-605-946,"司法文書送達,正常公務",1,0,70+ 長者,0
UID-3cd72d36,2026-03-13 08:44:00,+886-902-125-165,"假員警,偵查不公開",2,7699285,70+ 長者,1
UID-140690a5,2026-03-12 11:31:00,+886-903-885-091,"假投資,保證獲利",10,2961514,碩博士,1
UID-a2d5a0a8,2026-03-13 07:05:00,+886-902-176-883,"假員警,偵查不公開",3,1864675,50-69 中高齡,1
UID-7cac1f81,2026-03-13 01:52:00,+886-905-995-718,"正常投資諮詢,理財規劃",1,3000,學生,0
UID-88d23060,2026-03-12 15:18:00,+886-904-382-082,"網路交友,AI濾鏡假冒",2,113506,上班族,1
UID-ccbe0538,2026-03-13 01:17:00,+886-905-560-471,"正常投資諮詢,理財規劃",2,3000,大專院校,0
UID-16a3927d,2026-03-12 21:07:00,+886-902-161-671,"假檢警,監管帳戶",1,5901309,50-69 中高齡,1
UID-42073237,2026-03-12 09:08:00,+886-999-999-999,"機器人測試,惡意灌水",14166,0,未知,0
UID-f533a0c5,2026-03-13 05:43:00,+886-901-636-039,"幽靈包裹,超商取貨",167,17518,學生,1
UID-cf43c2ca,2026-03-13 07:55:00,+886-904-407-025,"殺豬盤,平台無法出金",14,132047,學生,1
UID-fe60c6d0,2026-03-12 21:14:00,+886-903-885-084,"假投資,資金盤",10,1458520,上班族,1
UID-3b415d87,2026-03-12 22:30:00,+886-904-923-066,"網路交友,要求儲值,點數卡",17,64240,上班族,1
UID-77438c65,2026-03-13 06:00:00,+886-904-118-032,"網路交友,AI濾鏡假冒",13,114895,上班族,1
UID-218ffee7,2026-03-12 14:57:00,+886-901-459-041,"網路購物詐騙,解除分期付款",155,38153,高中職以下,1
UID-9caaccc0,2026-03-13 03:19:00,+886-904-671-010,"Threads廣告,假兼職",4,120704,大專院校,1
UID-d1acec9d,2026-03-13 08:22:00,+886-901-403-012,"網路購物詐騙,假賣場",271,43119,大專院校,1
UID-f8b4dcd8,2026-03-13 02:34:00,+886-902-142-965,"假員警,偵查不公開",2,3265917,50-69 中高齡,1
UID-f7b9efb2,2026-03-12 18:12:00,+886-903-888-052,"假投資,內線交易,VIP通道",12,3462689,上班族,1
UID-d7a29be5,2026-03-12 09:50:00,+886-903-882-088,"假投資,保證獲利",5,526073,大專院校,1
UID-2c05e819,2026-03-13 01:25:00,+886-904-238-052,"Threads廣告,假兼職",28,104642,碩博士,1
UID-903a2384,2026-03-13 01:17:00,+886-903-889-043,"假投資,內線交易,VIP通道",12,3801914,50-69 中高齡,1
UID-856619f4,2026-03-12 09:04:00,+886-903-886-096,"假投資,資金盤",16,1731107,碩博士,1
UID-14dcd48d,2026-03-12 23:47:00,+886-905-707-857,"司法文書送達,正常公務",1,0,70+ 長者,0
UID-ff7ec23c,2026-03-12 11:53:00,+886-902-166-320,"假員警,偵查不公開",3,7061250,50-69 中高齡,1
UID-9b331455,2026-03-13 05:05:00,+886-903-884-089,"假投資,內線交易,VIP通道",20,1870485,大專院校,1
UID-2bf7d751,2026-03-12 15:33:00,+886-904-388-041,"網路交友,要求儲值,點數卡",11,117185,碩博士,1
UID-6d9f0956,2026-03-12 22:11:00,+886-902-186-783,"假檢警,監管帳戶",3,1721612,50-69 中高齡,1
UID-8afe42d7,2026-03-12 14:35:00,+886-901-739-008,"網路購物詐騙,ATM操作",253,6401,上班族,1
UID-b3b2107e,2026-03-12 21:01:00,+886-903-889-013,"假投資,資金盤",10,4160227,上班族,1
UID-caa76160,2026-03-13 04:51:00,+886-905-943-616,"正常投資諮詢,理財規劃",2,3000,學生,0
UID-18039757,2026-03-12 13:40:00,+886-903-884-045,"假投資,保證獲利",17,1347424,碩博士,1
UID-1de1ab12,2026-03-12 13:24:00,+886-903-882-089,"假投資,虛擬貨幣,高報酬",15,577363,碩博士,1
UID-75df0109,2026-03-13 03:36:00,+886-905-235-822,"司法文書送達,正常公務",2,500,70+ 長者,0
UID-9a089568,2026-03-12 17:40:00,+886-904-178-097,"網路交友,要求儲值,點數卡",16,61723,上班族,1
UID-77cb440d,2026-03-12 09:44:00,+886-902-167-491,"假檢警,監管帳戶",3,1306597,50-69 中高齡,1
UID-687c1a90,2026-03-13 04:47:00,+886-901-799-047,"網路購物詐騙,ATM操作",158,26733,上班族,1
UID-bb34a0e5,2026-03-13 01:11:00,+886-901-585-031,"網路購物詐騙,假賣場",366,22405,高中職以下,1
UID-bdefbe21,2026-03-12 21:55:00,+886-903-888-060,"假投資,虛擬貨幣,高報酬",13,1361790,上班族,1
UID-834bed36,2026-03-13 06:00:00,+886-904-337-050,"網路交友,要求儲值,點數卡",23,45115,大專院校,1
UID-b8ead7fe,2026-03-12 14:55:00,+886-903-880-047,"假投資,保證獲利",10,3665316,50-69 中高齡,1
UID-54570768,2026-03-13 05:19:00,+886-901-706-034,"網路購物詐騙,ATM操作",178,7418,高中職以下,1
UID-350eb24e,2026-03-13 02:00:00,+886-901-537-017,"網路購物詐騙,假賣場",271,8464,高中職以下,1
UID-2bbacb7f,2026-03-12 19:09:00,+886-902-198-304,"假員警,偵查不公開",3,6322387,70+ 長者,1
UID-32dfa477,2026-03-12 11:03:00,+886-903-888-033,"假投資,內線交易,VIP通道",20,2947287,50-69 中高齡,1
UID-6476bb96,2026-03-12 21:09:00,+886-905-510-558,"交易糾紛,商品瑕疵",1,3000,50-69 中高齡,0
UID-d0f11f02,2026-03-12 20:54:00,+886-905-150-350,"一般客訴,服務態度",1,500,大專院校,0
UID-819653fe,2026-03-12 14:16:00,+886-901-775-021,"幽靈包裹,超商取貨",244,41212,學生,1
UID-8047af3a,2026-03-12 09:33:00,+886-905-523-514,"債務不履行,退款延遲",2,3000,70+ 長者,0
UID-8b1064b5,2026-03-13 02:35:00,+886-905-841-453,"正常投資諮詢,理財規劃",2,500,上班族,0
UID-4d2037a3,2026-03-12 18:17:00,+886-905-992-953,"交易糾紛,商品瑕疵",2,500,高中職以下,0
UID-030085ac,2026-03-13 06:05:00,+886-905-419-816,"正常投資諮詢,理財規劃",1,500,學生,0
UID-7bbfb9b0,2026-03-12 15:02:00,+886-903-884-020,"假投資,虛擬貨幣,高報酬",15,2552406,上班族,1
UID-ec0f59be,2026-03-12 13:20:00,+886-905-272-612,"交易糾紛,商品瑕疵",1,500,碩博士,0
UID-3d7f5483,2026-03-12 09:38:00,+886-905-357-563,"正常投資諮詢,理財規劃",2,3000,50-69 中高齡,0
UID-192d5586,2026-03-12 18:55:00,+886-905-445-668,"司法文書送達,正常公務",1,3000,上班族,0
UID-c6957cd8,2026-03-13 01:43:00,+886-905-698-743,"司法文書送達,正常公務",1,500,高中職以下,0
UID-95a8c242,2026-03-12 19:21:00,+886-901-699-026,"網路購物詐騙,假賣場",177,39994,大專院校,1
UID-93f0634e,2026-03-13 07:19:00,+886-901-793-031,"網路購物詐騙,ATM操作",426,3732,學生,1
UID-90b5fa58,2026-03-12 12:31:00,+886-905-296-446,"交易糾紛,商品瑕疵",1,500,70+ 長者,0
UID-4e2bcfe8,2026-03-12 11:44:00,+886-903-885-078,"假投資,保證獲利",10,1666211,上班族,1
UID-4b93fcb5,2026-03-12 20:37:00,+886-905-233-486,"正常投資諮詢,理財規劃",2,0,高中職以下,0
UID-15f09591,2026-03-12 11:22:00,+886-901-959-007,"網路購物詐騙,解除分期付款",176,16999,學生,1
UID-46ba3966,2026-03-12 18:56:00,+886-903-889-084,"假投資,虛擬貨幣,高報酬",9,2873306,碩博士,1
UID-9adf9354,2026-03-12 20:15:00,+886-905-148-896,"一般客訴,服務態度",1,500,70+ 長者,0
UID-5c11d1e3,2026-03-12 17:40:00,+886-904-596-098,"網路交友,要求儲值,點數卡",13,140366,大專院校,1
UID-9093b1a8,2026-03-12 19:37:00,+886-905-593-942,"債務不履行,退款延遲",2,15000,高中職以下,0
UID-83e5583c,2026-03-12 13:30:00,+886-905-483-422,"交易糾紛,商品瑕疵",1,500,碩博士,0
UID-2a8e83c8,2026-03-12 10:36:00,+886-905-617-810,"正常投資諮詢,理財規劃",1,0,70+ 長者,0
UID-f3b54310,2026-03-13 01:47:00,+886-905-671-153,"債務不履行,退款延遲",2,0,大專院校,0
UID-6d35ca04,2026-03-13 08:39:00,+886-905-179-745,"一般客訴,服務態度",1,500,70+ 長者,0
UID-195cf773,2026-03-12 16:44:00,+886-905-632-441,"一般客訴,服務態度",1,15000,50-69 中高齡,0
UID-c8101792,2026-03-12 18:02:00,+886-903-882-076,"假投資,保證獲利",14,1223832,50-69 中高齡,1
UID-d7d4f382,2026-03-13 06:05:00,+886-901-433-031,"網路購物詐騙,解除分期付款",187,26787,上班族,1
UID-82ca8836,2026-03-12 22:56:00,+886-901-611-023,"網路購物詐騙,解除分期付款",279,31032,學生,1
UID-90798743,2026-03-12 09:42:00,+886-902-188-651,"假員警,偵查不公開",3,7775626,70+ 長者,1
UID-f08bfaab,2026-03-12 11:27:00,+886-903-889-075,"假投資,虛擬貨幣,高報酬",15,1043387,碩博士,1
UID-e6592823,2026-03-13 04:50:00,+886-905-500-253,"交易糾紛,商品瑕疵",2,500,碩博士,0
UID-e8182a90,2026-03-12 14:21:00,+886-902-125-715,"假檢警,監管帳戶",3,2677691,碩博士,1
UID-4a8be1a2,2026-03-12 18:26:00,+886-905-255-991,"交易糾紛,商品瑕疵",2,500,70+ 長者,0
UID-142adf12,2026-03-13 03:35:00,+886-905-408-751,"交易糾紛,商品瑕疵",1,500,大專院校,0
UID-e526cc22,2026-03-12 09:56:00,+886-904-166-078,"Threads廣告,假兼職",28,62370,碩博士,1
UID-2f291cce,2026-03-12 14:32:00,+886-905-300-482,"債務不履行,退款延遲",2,15000,70+ 長者,0
UID-1be0ea26,2026-03-13 02:27:00,+886-903-880-001,"假投資,資金盤",6,1299104,上班族,1
UID-35798e5d,2026-03-12 15:57:00,+886-902-118-648,"假員警,偵查不公開",2,1859578,50-69 中高齡,1
UID-cae3c485,2026-03-12 13:42:00,+886-904-595-084,"網路交友,AI濾鏡假冒",12,139782,大專院校,1
UID-f3b82b68,2026-03-13 08:01:00,+886-903-887-029,"假投資,保證獲利",20,160148,上班族,1
UID-12e7deaa,2026-03-12 15:17:00,+886-905-857-720,"司法文書送達,正常公務",2,0,上班族,0
UID-e6e94500,2026-03-13 08:01:00,+886-904-305-080,"網路交友,要求儲值,點數卡",12,108467,大專院校,1
UID-595adc0d,2026-03-12 22:35:00,+886-905-780-246,"正常投資諮詢,理財規劃",2,500,上班族,0
UID-c2115bda,2026-03-13 02:42:00,+886-904-150-073,"殺豬盤,平台無法出金",10,89310,大專院校,1
UID-9b68f88e,2026-03-12 21:40:00,+886-903-880-036,"假投資,虛擬貨幣,高報酬",14,3896586,50-69 中高齡,1
UID-55a2748a,2026-03-13 05:55:00,+886-903-884-036,"假投資,內線交易,VIP通道",7,849907,上班族,1
UID-4f0b6083,2026-03-13 08:13:00,+886-903-888-028,"假投資,保證獲利",15,268201,碩博士,1
UID-836726f1,2026-03-12 15:24:00,+886-905-533-275,"正常投資諮詢,理財規劃",2,500,上班族,0
UID-8c0a2862,2026-03-13 02:20:00,+886-905-595-111,"正常投資諮詢,理財規劃",2,15000,上班族,0
UID-0be834a2,2026-03-12 10:59:00,+886-903-880-016,"假投資,保證獲利",10,1775410,上班族,1
UID-ce60b55d,2026-03-12 15:22:00,+886-905-466-670,"交易糾紛,商品瑕疵",2,500,高中職以下,0
UID-ada52292,2026-03-12 16:01:00,+886-904-935-012,"網路交友,AI濾鏡假冒",4,38015,學生,1
UID-744f5d41,2026-03-12 21:01:00,+886-904-478-015,"網路交友,AI濾鏡假冒",4,49999,碩博士,1
UID-eac8f81b,2026-03-12 20:06:00,+886-901-207-022,"網路購物詐騙,ATM操作",178,35688,大專院校,1
UID-882df4f5,2026-03-12 14:50:00,+886-904-669-072,"殺豬盤,平台無法出金",9,46747,大專院校,1
UID-4e9da918,2026-03-12 14:31:00,+886-903-884-037,"假投資,內線交易,VIP通道",20,902239,上班族,1
UID-1ff70741,2026-03-12 17:58:00,+886-904-373-081,"網路交友,AI濾鏡假冒",3,95928,學生,1
UID-c1c8d87a,2026-03-13 04:13:00,+886-903-888-043,"假投資,虛擬貨幣,高報酬",19,1680761,大專院校,1
UID-7dd5cd89,2026-03-12 12:09:00,+886-904-747-082,"Threads廣告,假兼職",27,91554,學生,1
UID-919ec0cf,2026-03-12 15:55:00,+886-902-125-320,"假扣押財產,面交黃金白銀",3,6436862,70+ 長者,1
UID-b20552e8,2026-03-13 06:45:00,+886-903-880-036,"假投資,內線交易,VIP通道",16,4320104,上班族,1
UID-7bdbc3f8,2026-03-12 14:31:00,+886-905-888-203,"交易糾紛,商品瑕疵",1,0,碩博士,0
UID-9626091a,2026-03-12 13:42:00,+886-904-586-052,"網路交友,AI濾鏡假冒",8,105508,上班族,1
UID-51d6d187,2026-03-12 12:00:00,+886-905-760-700,"正常投資諮詢,理財規劃",2,15000,70+ 長者,0
UID-7b4f9080,2026-03-13 08:39:00,+886-903-885-065,"假投資,保證獲利",16,3172892,碩博士,1
UID-687ccda3,2026-03-12 11:22:00,+886-903-887-019,"假投資,保證獲利",12,4103325,50-69 中高齡,1
UID-6e3a8d41,2026-03-12 15:18:00,+886-902-168-834,"假員警,偵查不公開",1,5786564,50-69 中高齡,1
UID-a53ab6a9,2026-03-13 06:36:00,+886-904-669-018,"Threads廣告,假兼職",21,86879,上班族,1
UID-2b39f7b3,2026-03-13 02:49:00,+886-903-884-024,"假投資,保證獲利",5,1673161,上班族,1
UID-e831fbbe,2026-03-12 13:08:00,+886-903-884-075,"假投資,資金盤",17,3819245,碩博士,1
UID-9276e762,2026-03-12 16:07:00,+886-902-125-937,"假檢警,監管帳戶",2,7440840,50-69 中高齡,1
UID-ec889bf8,2026-03-12 09:51:00,+886-903-886-092,"假投資,虛擬貨幣,高報酬",19,4747564,50-69 中高齡,1
UID-231c4189,2026-03-13 05:42:00,+886-901-981-015,"網路購物詐騙,解除分期付款",185,23914,高中職以下,1
UID-ec990e08,2026-03-12 23:51:00,+886-905-914-555,"一般客訴,服務態度",1,500,50-69 中高齡,0
UID-9c78c761,2026-03-12 15:59:00,+886-903-888-027,"假投資,保證獲利",11,2787175,碩博士,1
UID-8cb99b4f,2026-03-12 23:24:00,+886-905-411-420,"交易糾紛,商品瑕疵",2,15000,高中職以下,0
UID-aa5b1529,2026-03-12 09:44:00,+886-905-200-175,"一般客訴,服務態度",2,0,大專院校,0
UID-c58cc329,2026-03-13 03:15:00,+886-902-192-497,"假檢警,監管帳戶",2,3014007,50-69 中高齡,1
UID-34239727,2026-03-12 17:31:00,+886-902-114-489,"假檢警,監管帳戶",2,6974377,70+ 長者,1
UID-346d7a81,2026-03-12 19:32:00,+886-901-565-026,"幽靈包裹,超商取貨",401,45000,上班族,1
UID-8d7b1563,2026-03-12 09:06:00,+886-999-999-999,"機器人測試,惡意灌水",8407,0,未知,0
UID-6a7674f0,2026-03-13 02:09:00,+886-905-895-515,"一般客訴,服務態度",2,0,碩博士,0
UID-59283c0c,2026-03-12 10:28:00,+886-902-159-113,"假員警,偵查不公開",2,3870365,70+ 長者,1
UID-fed343fe,2026-03-12 09:21:00,+886-902-113-502,"假員警,偵查不公開",2,4634211,50-69 中高齡,1
UID-3734400e,2026-03-12 18:06:00,+886-903-880-046,"假投資,保證獲利",11,4231291,碩博士,1
UID-84279c4f,2026-03-12 14:08:00,+886-905-603-626,"正常投資諮詢,理財規劃",2,3000,70+ 長者,0
UID-2b577349,2026-03-12 18:10:00,+886-901-346-039,"網路購物詐騙,ATM操作",177,5886,高中職以下,1
UID-1cf4692e,2026-03-12 13:55:00,+886-904-110-050,"Threads廣告,假兼職",2,132342,上班族,1
UID-e95e4ca8,2026-03-12 14:42:00,+886-903-889-064,"假投資,虛擬貨幣,高報酬",14,1182149,碩博士,1
UID-8401f875,2026-03-12 19:59:00,+886-903-888-011,"假投資,資金盤",7,1650412,上班族,1
UID-5d347da3,2026-03-12 10:56:00,+886-901-358-039,"網路購物詐騙,假賣場",189,3085,大專院校,1
UID-6b5b7bec,2026-03-13 00:36:00,+886-902-148-555,"假檢警,監管帳戶",1,6492958,70+ 長者,1
UID-16acc881,2026-03-12 22:58:00,+886-902-131-252,"假員警,偵查不公開",3,4604487,70+ 長者,1
UID-8de33d8c,2026-03-13 03:44:00,+886-904-721-050,"殺豬盤,平台無法出金",17,67824,碩博士,1
UID-f281622d,2026-03-12 19:26:00,+886-901-201-032,"幽靈包裹,超商取貨",222,6580,高中職以下,1
UID-ade25951,2026-03-13 05:51:00,+886-902-136-614,"假冒郵局,普發現金冒領",2,6012226,70+ 長者,1
UID-dc346af6,2026-03-12 11:23:00,+886-905-235-769,"債務不履行,退款延遲",1,0,50-69 中高齡,0
UID-db00cf52,2026-03-12 09:04:00,+886-999-999-999,"機器人測試,惡意灌水",13728,0,未知,0
UID-1a76c33d,2026-03-13 07:03:00,+886-901-838-001,"網路購物詐騙,解除分期付款",362,32285,學生,1
UID-4f7f5f0e,2026-03-12 18:17:00,+886-905-273-139,"司法文書送達,正常公務",2,3000,70+ 長者,0
UID-39b39a82,2026-03-13 07:16:00,+886-903-880-052,"假投資,內線交易,VIP通道",18,3860874,碩博士,1
UID-69a8bed5,2026-03-13 02:06:00,+886-903-889-025,"假投資,資金盤",10,1647404,碩博士,1
UID-e703af70,2026-03-12 22:30:00,+886-904-681-023,"殺豬盤,平台無法出金",25,5207,碩博士,1
UID-f80db935,2026-03-12 11:07:00,+886-902-145-674,"假檢警,監管帳戶",1,2102694,70+ 長者,1
UID-0a05abeb,2026-03-12 19:08:00,+886-905-721-673,"一般客訴,服務態度",1,500,學生,0
UID-04dbaf9d,2026-03-12 13:05:00,+886-905-237-140,"正常投資諮詢,理財規劃",2,0,高中職以下,0
UID-74663a0b,2026-03-13 03:55:00,+886-902-198-179,"假冒郵局,普發現金冒領",1,5017917,50-69 中高齡,1
UID-53a1f997,2026-03-12 19:26:00,+886-902-100-121,"假冒郵局,普發現金冒領",3,6389258,70+ 長者,1
UID-afc37fa5,2026-03-13 08:38:00,+886-903-880-020,"假投資,保證獲利",19,2075751,碩博士,1
UID-644b4845,2026-03-13 08:53:00,+886-903-889-075,"假投資,內線交易,VIP通道",16,998210,50-69 中高齡,1
UID-5059c119,2026-03-12 10:18:00,+886-901-286-032,"網路購物詐騙,ATM操作",156,8313,學生,1
UID-913db3d3,2026-03-12 16:24:00,+886-901-703-020,"網路購物詐騙,ATM操作",160,13062,上班族,1
UID-161ab866,2026-03-12 13:19:00,+886-905-967-612,"司法文書送達,正常公務",2,0,學生,0
UID-7575694b,2026-03-13 00:51:00,+886-905-752-965,"一般客訴,服務態度",2,500,上班族,0
UID-b1e5427d,2026-03-12 10:12:00,+886-901-289-044,"網路購物詐騙,假賣場",267,42911,學生,1
UID-5f180649,2026-03-13 07:23:00,+886-902-130-737,"假扣押財產,面交黃金白銀",2,7410406,70+ 長者,1
UID-5542912a,2026-03-12 17:41:00,+886-905-273-558,"司法文書送達,正常公務",1,0,碩博士,0
UID-3fbc38ae,2026-03-12 23:06:00,+886-903-881-017,"假投資,資金盤",9,4781371,50-69 中高齡,1
UID-84705f9b,2026-03-12 21:59:00,+886-902-138-822,"假冒郵局,普發現金冒領",1,4052967,70+ 長者,1
UID-21382298,2026-03-13 06:49:00,+886-902-171-876,"假員警,偵查不公開",1,5399413,70+ 長者,1
UID-ff65f632,2026-03-12 17:46:00,+886-903-880-054,"假投資,內線交易,VIP通道",19,2967713,50-69 中高齡,1
UID-86691f05,2026-03-12 21:56:00,+886-902-157-817,"假扣押財產,面交黃金白銀",1,6724298,50-69 中高齡,1
UID-202ae27a,2026-03-12 19:55:00,+886-903-889-058,"假投資,資金盤",9,4121404,上班族,1
UID-6aade04e,2026-03-12 17:22:00,+886-905-954-936,"債務不履行,退款延遲",1,500,50-69 中高齡,0
UID-53b33be4,2026-03-12 13:41:00,+886-905-775-407,"正常投資諮詢,理財規劃",1,15000,大專院校,0
UID-8ceb48ee,2026-03-12 21:26:00,+886-905-915-928,"正常投資諮詢,理財規劃",1,3000,上班族,0
UID-9a3c5770,2026-03-12 14:13:00,+886-903-881-063,"假投資,資金盤",17,4133714,大專院校,1
UID-eaffa4c3,2026-03-12 16:23:00,+886-901-302-014,"幽靈包裹,超商取貨",164,38353,高中職以下,1
UID-0b9fb0ec,2026-03-13 07:38:00,+886-902-165-977,"假檢警,監管帳戶",2,3533579,50-69 中高齡,1
UID-5ddff2ef,2026-03-13 00:36:00,+886-902-165-756,"假冒郵局,普發現金冒領",1,4926900,70+ 長者,1
UID-6b741743,2026-03-13 01:04:00,+886-904-629-041,"網路交友,AI濾鏡假冒",19,27492,碩博士,1
UID-e314c354,2026-03-13 01:30:00,+886-904-638-088,"網路交友,AI濾鏡假冒",12,95755,大專院校,1
UID-abe8c176,2026-03-12 17:04:00,+886-902-123-141,"假員警,偵查不公開",1,4309219,70+ 長者,1
UID-af5fd8f5,2026-03-12 18:35:00,+886-905-950-827,"一般客訴,服務態度",1,15000,碩博士,0
UID-12d47109,2026-03-12 23:46:00,+886-901-690-037,"網路購物詐騙,解除分期付款",172,22535,學生,1
UID-da5f3f64,2026-03-12 18:10:00,+886-902-112-943,"假扣押財產,面交黃金白銀",2,4893579,70+ 長者,1
UID-bdec2fc3,2026-03-12 18:19:00,+886-903-889-001,"假投資,資金盤",15,2775224,上班族,1
UID-a87816eb,2026-03-13 06:13:00,+886-903-886-009,"假投資,虛擬貨幣,高報酬",6,3466491,碩博士,1
UID-8c646518,2026-03-12 11:19:00,+886-903-881-038,"假投資,內線交易,VIP通道",17,1607957,上班族,1
UID-c135696a,2026-03-12 22:52:00,+886-903-888-021,"假投資,虛擬貨幣,高報酬",16,4577061,碩博士,1
UID-505b476f,2026-03-12 14:12:00,+886-903-883-002,"假投資,虛擬貨幣,高報酬",13,3214471,大專院校,1
UID-0d733931,2026-03-13 02:58:00,+886-902-159-902,"假扣押財產,面交黃金白銀",2,1127402,50-69 中高齡,1
UID-2000d52c,2026-03-12 21:38:00,+886-903-888-051,"假投資,資金盤",7,918274,上班族,1
UID-54e196e5,2026-03-12 09:07:00,+886-999-999-999,"機器人測試,惡意灌水",12422,0,未知,0
UID-fc2e40d7,2026-03-12 22:24:00,+886-904-191-070,"網路交友,AI濾鏡假冒",20,103363,上班族,1
UID-0860af1c,2026-03-12 11:20:00,+886-901-935-013,"網路購物詐騙,假賣場",432,13930,上班族,1
UID-a091c569,2026-03-13 00:18:00,+886-905-573-874,"司法文書送達,正常公務",2,0,大專院校,0
UID-7383c50e,2026-03-13 04:44:00,+886-901-394-025,"幽靈包裹,超商取貨",181,32634,大專院校,1
UID-6e72e0d7,2026-03-12 14:25:00,+886-903-884-026,"假投資,保證獲利",8,2628950,上班族,1
UID-e2694277,2026-03-12 23:03:00,+886-902-142-825,"假檢警,監管帳戶",2,6834920,70+ 長者,1
UID-c21acf34,2026-03-13 06:42:00,+886-903-882-041,"假投資,內線交易,VIP通道",14,181171,50-69 中高齡,1
UID-cd3ee629,2026-03-12 20:53:00,+886-901-566-049,"網路購物詐騙,假賣場",888,36548,大專院校,1
UID-d29995bc,2026-03-12 17:14:00,+886-901-393-002,"網路購物詐騙,假賣場",251,17192,上班族,1
UID-c21b35b0,2026-03-13 01:33:00,+886-901-405-012,"網路購物詐騙,解除分期付款",406,5692,學生,1
UID-0ad394dc,2026-03-13 02:53:00,+886-902-172-308,"假員警,偵查不公開",3,3068724,70+ 長者,1
UID-753bcf1a,2026-03-13 08:22:00,+886-905-723-942,"交易糾紛,商品瑕疵",1,0,上班族,0
UID-22784912,2026-03-12 23:51:00,+886-905-229-922,"正常投資諮詢,理財規劃",1,500,50-69 中高齡,0
UID-3da97f0a,2026-03-12 13:22:00,+886-901-521-047,"幽靈包裹,超商取貨",150,6876,上班族,1
UID-338c80ba,2026-03-12 21:40:00,+886-905-694-643,"交易糾紛,商品瑕疵",1,500,學生,0
UID-ba822ea5,2026-03-12 19:44:00,+886-903-889-032,"假投資,內線交易,VIP通道",18,2892859,50-69 中高齡,1
UID-3ca50976,2026-03-13 01:29:00,+886-903-888-070,"假投資,虛擬貨幣,高報酬",7,2745097,50-69 中高齡,1
UID-471b396d,2026-03-12 15:13:00,+886-902-157-554,"假檢警,監管帳戶",3,7630261,70+ 長者,1
UID-50a41c06,2026-03-13 03:16:00,+886-903-889-001,"假投資,資金盤",11,1054845,大專院校,1
UID-8d99cff8,2026-03-12 12:52:00,+886-903-886-077,"假投資,虛擬貨幣,高報酬",10,3333882,50-69 中高齡,1
UID-b9d8d4ff,2026-03-12 18:31:00,+886-903-880-035,"假投資,內線交易,VIP通道",17,4152760,50-69 中高齡,1
UID-ec92031d,2026-03-13 01:47:00,+886-901-417-014,"網路購物詐騙,假賣場",188,1735,上班族,1
UID-5e0e1d14,2026-03-12 23:05:00,+886-905-224-864,"債務不履行,退款延遲",1,3000,70+ 長者,0
UID-6167e014,2026-03-12 19:51:00,+886-905-230-224,"司法文書送達,正常公務",1,0,學生,0
UID-77f14b95,2026-03-13 04:44:00,+886-902-187-505,"假扣押財產,面交黃金白銀",3,4596854,70+ 長者,1
UID-435fcaa8,2026-03-13 05:59:00,+886-903-887-076,"假投資,資金盤",18,4307429,大專院校,1
UID-c0812206,2026-03-12 17:06:00,+886-905-821-956,"司法文書送達,正常公務",1,0,學生,0
UID-4d744792,2026-03-13 03:24:00,+886-905-574-991,"債務不履行,退款延遲",2,3000,學生,0
UID-dbc2a797,2026-03-12 22:18:00,+886-903-888-011,"假投資,內線交易,VIP通道",9,4769403,碩博士,1
UID-ad95200a,2026-03-12 21:50:00,+886-905-365-628,"正常投資諮詢,理財規劃",2,0,大專院校,0
UID-e2ea3e4b,2026-03-12 11:55:00,+886-905-721-656,"交易糾紛,商品瑕疵",1,0,70+ 長者,0
UID-224903df,2026-03-13 03:09:00,+886-901-873-028,"幽靈包裹,超商取貨",229,20468,大專院校,1
UID-d0f10a44,2026-03-12 10:58:00,+886-901-438-021,"幽靈包裹,超商取貨",229,29836,大專院校,1
UID-eeb54192,2026-03-12 10:39:00,+886-903-881-047,"假投資,資金盤",10,3502363,碩博士,1
UID-decd2198,2026-03-12 14:33:00,+886-902-155-180,"假冒郵局,普發現金冒領",1,2529942,50-69 中高齡,1
UID-d64e9f2b,2026-03-12 09:02:00,+886-902-188-670,"假扣押財產,面交黃金白銀",3,7214541,碩博士,1
UID-d2878cbe,2026-03-13 05:24:00,+886-903-883-015,"假投資,資金盤",10,3721688,碩博士,1
UID-51f782f5,2026-03-12 23:38:00,+886-905-383-432,"司法文書送達,正常公務",2,500,碩博士,0
UID-3bd28dfc,2026-03-13 07:51:00,+886-903-885-052,"假投資,資金盤",11,563084,碩博士,1
UID-346d8269,2026-03-12 12:45:00,+886-905-181-788,"交易糾紛,商品瑕疵",1,500,70+ 長者,0
UID-de95b154,2026-03-12 15:34:00,+886-901-675-029,"網路購物詐騙,ATM操作",398,43680,大專院校,1
UID-f665c3a4,2026-03-12 20:12:00,+886-905-252-485,"司法文書送達,正常公務",2,0,70+ 長者,0
UID-05c236ff,2026-03-12 18:53:00,+886-901-588-035,"網路購物詐騙,假賣場",155,33244,學生,1
UID-3e8d0990,2026-03-12 09:03:00,+886-999-999-999,"機器人測試,惡意灌水",14148,0,未知,0
UID-c047517a,2026-03-13 05:47:00,+886-903-881-030,"假投資,保證獲利",9,1530726,上班族,1
UID-2a592ac4,2026-03-12 12:09:00,+886-902-117-347,"假扣押財產,面交黃金白銀",1,3768723,50-69 中高齡,1
UID-7e9090cd,2026-03-12 09:37:00,+886-902-161-692,"假冒郵局,普發現金冒領",2,6448103,70+ 長者,1
UID-0236af50,2026-03-13 08:40:00,+886-903-881-071,"假投資,內線交易,VIP通道",17,4767680,碩博士,1
UID-11e6699e,2026-03-13 05:16:00,+886-903-881-049,"假投資,內線交易,VIP通道",7,1364283,碩博士,1
UID-ce89ffdf,2026-03-12 13:34:00,+886-903-887-078,"假投資,保證獲利",16,3382708,上班族,1
UID-3a1a9e03,2026-03-12 22:37:00,+886-904-476-035,"殺豬盤,平台無法出金",13,86552,上班族,1
UID-8f716eff,2026-03-12 16:56:00,+886-904-364-069,"Threads廣告,假兼職",27,18048,學生,1
UID-106cd1a7,2026-03-13 07:23:00,+886-905-311-983,"債務不履行,退款延遲",1,15000,70+ 長者,0
UID-82c73a55,2026-03-13 03:55:00,+886-905-922-624,"交易糾紛,商品瑕疵",2,500,高中職以下,0
UID-77e7ae04,2026-03-12 10:24:00,+886-904-108-087,"Threads廣告,假兼職",21,73671,大專院校,1
UID-aefdba01,2026-03-12 12:51:00,+886-903-888-068,"假投資,內線交易,VIP通道",9,1344233,上班族,1
UID-16bf5963,2026-03-13 04:39:00,+886-903-886-097,"假投資,資金盤",15,3130791,50-69 中高齡,1
UID-b8ea339c,2026-03-12 22:56:00,+886-903-886-001,"假投資,虛擬貨幣,高報酬",8,4129717,上班族,1
UID-85580612,2026-03-13 05:14:00,+886-903-885-086,"假投資,資金盤",6,1232354,大專院校,1
UID-384c8bcb,2026-03-12 18:22:00,+886-905-336-402,"正常投資諮詢,理財規劃",1,3000,70+ 長者,0
UID-8980c159,2026-03-12 10:47:00,+886-902-166-389,"假扣押財產,面交黃金白銀",1,4784197,70+ 長者,1
UID-31a8b1fc,2026-03-12 14:52:00,+886-905-444-450,"司法文書送達,正常公務",1,3000,大專院校,0
UID-a2776b9c,2026-03-12 16:31:00,+886-905-900-206,"交易糾紛,商品瑕疵",1,15000,高中職以下,0
UID-b6b9be2b,2026-03-13 05:09:00,+886-904-340-089,"網路交友,AI濾鏡假冒",28,77589,碩博士,1
UID-4deca4ab,2026-03-13 05:54:00,+886-901-148-013,"網路購物詐騙,ATM操作",162,27006,學生,1
UID-5cc6805f,2026-03-12 15:39:00,+886-903-889-097,"假投資,內線交易,VIP通道",17,2208813,碩博士,1
UID-7e632b63,2026-03-12 15:59:00,+886-903-885-075,"假投資,內線交易,VIP通道",20,2298839,上班族,1
UID-d48ee988,2026-03-12 10:18:00,+886-902-146-950,"假檢警,監管帳戶",1,6040959,50-69 中高齡,1
UID-b65c8cf5,2026-03-12 11:08:00,+886-902-128-861,"假冒郵局,普發現金冒領",3,2306012,碩博士,1
UID-72ffffc1,2026-03-12 15:05:00,+886-903-884-056,"假投資,保證獲利",16,4585262,上班族,1
UID-fde89e44,2026-03-12 19:06:00,+886-905-207-148,"司法文書送達,正常公務",1,15000,上班族,0
UID-3f58d686,2026-03-13 07:54:00,+886-905-427-736,"司法文書送達,正常公務",2,0,大專院校,0
UID-4c688fdb,2026-03-12 09:08:00,+886-999-999-999,"機器人測試,惡意灌水",9696,0,未知,0
UID-a2139eb5,2026-03-12 18:20:00,+886-903-885-035,"假投資,虛擬貨幣,高報酬",19,1673869,50-69 中高齡,1
UID-43ab69c3,2026-03-12 15:58:00,+886-903-885-013,"假投資,保證獲利",16,3408131,大專院校,1
UID-11ee2267,2026-03-13 02:24:00,+886-902-105-735,"假冒郵局,普發現金冒領",1,3123526,70+ 長者,1
UID-b77afe02,2026-03-12 16:36:00,+886-901-757-017,"網路購物詐騙,假賣場",158,26724,學生,1
UID-e37c4eb9,2026-03-13 04:26:00,+886-903-889-098,"假投資,資金盤",8,2879265,50-69 中高齡,1
UID-46e1201a,2026-03-13 00:31:00,+886-902-110-894,"假冒郵局,普發現金冒領",3,3318502,碩博士,1
UID-a25c5177,2026-03-13 00:48:00,+886-905-879-800,"司法文書送達,正常公務",1,0,70+ 長者,0
UID-580875c6,2026-03-12 11:51:00,+886-902-133-880,"假員警,偵查不公開",3,5677266,50-69 中高齡,1
UID-5935272c,2026-03-12 18:49:00,+886-903-880-084,"假投資,內線交易,VIP通道",8,1472179,上班族,1
UID-18900b24,2026-03-12 12:20:00,+886-903-882-073,"假投資,內線交易,VIP通道",15,1799022,上班族,1
UID-5316c0ad,2026-03-13 04:40:00,+886-905-783-775,"正常投資諮詢,理財規劃",2,500,大專院校,0
UID-992a24a1,2026-03-13 02:15:00,+886-902-103-683,"假檢警,監管帳戶",3,5056016,50-69 中高齡,1
UID-da50fb40,2026-03-12 21:38:00,+886-905-419-586,"司法文書送達,正常公務",2,15000,70+ 長者,0
UID-dc00d8a4,2026-03-12 22:03:00,+886-904-766-091,"Threads廣告,假兼職",28,57063,大專院校,1
UID-6223d14f,2026-03-12 09:05:00,+886-999-999-999,"機器人測試,惡意灌水",10484,0,未知,0
UID-cb2d0331,2026-03-12 20:49:00,+886-902-126-450,"假冒郵局,普發現金冒領",3,6170437,50-69 中高齡,1
UID-663d0a2d,2026-03-13 07:05:00,+886-904-187-050,"網路交友,要求儲值,點數卡",9,83790,碩博士,1
UID-f5945aa9,2026-03-12 09:05:00,+886-902-112-802,"假檢警,監管帳戶",2,903268,50-69 中高齡,1
UID-4a59164e,2026-03-12 14:25:00,+886-902-177-375,"假扣押財產,面交黃金白銀",2,3148996,70+ 長者,1
UID-43f28979,2026-03-12 15:16:00,+886-905-728-874,"正常投資諮詢,理財規劃",1,0,碩博士,0
UID-44407c35,2026-03-13 01:38:00,+886-903-887-008,"假投資,虛擬貨幣,高報酬",14,3342007,50-69 中高齡,1
UID-3f16cc53,2026-03-12 14:47:00,+886-902-149-826,"假員警,偵查不公開",1,1121764,50-69 中高齡,1
UID-12fb5b89,2026-03-12 12:11:00,+886-905-819-242,"債務不履行,退款延遲",2,500,70+ 長者,0
UID-c0c84dc2,2026-03-13 05:29:00,+886-904-236-030,"Threads廣告,假兼職",28,146178,大專院校,1
UID-8c86c820,2026-03-12 18:37:00,+886-904-671-056,"網路交友,要求儲值,點數卡",3,32583,學生,1
UID-ebbbcd4b,2026-03-12 19:36:00,+886-904-779-037,"殺豬盤,平台無法出金",17,25510,碩博士,1
UID-0ee541bd,2026-03-12 14:29:00,+886-901-478-013,"網路購物詐騙,ATM操作",1020,11836,高中職以下,1
UID-c6cc69fb,2026-03-13 07:37:00,+886-904-402-019,"網路交友,要求儲值,點數卡",26,97242,上班族,1
UID-c29a63fa,2026-03-12 23:13:00,+886-905-815-635,"交易糾紛,商品瑕疵",1,500,學生,0
UID-23a186e8,2026-03-13 01:06:00,+886-903-886-076,"假投資,資金盤",11,411905,碩博士,1
UID-1f5cf9fb,2026-03-13 01:28:00,+886-902-161-313,"假檢警,監管帳戶",2,5668658,50-69 中高齡,1
UID-76ef6c2b,2026-03-12 22:54:00,+886-903-888-029,"假投資,內線交易,VIP通道",9,4006844,碩博士,1
UID-23684a62,2026-03-12 09:39:00,+886-903-881-058,"假投資,資金盤",8,4187841,碩博士,1
UID-8b16c1df,2026-03-12 23:58:00,+886-903-884-056,"假投資,資金盤",17,3737376,50-69 中高齡,1
UID-28ff62c9,2026-03-12 15:55:00,+886-903-882-009,"假投資,虛擬貨幣,高報酬",20,4336646,大專院校,1
UID-4ad9c0ce,2026-03-12 22:28:00,+886-904-267-095,"Threads廣告,假兼職",30,117913,學生,1
UID-fd866b34,2026-03-12 13:32:00,+886-905-634-434,"債務不履行,退款延遲",2,3000,70+ 長者,0
UID-2ccfe482,2026-03-13 00:42:00,+886-902-178-717,"假扣押財產,面交黃金白銀",2,5619661,70+ 長者,1
UID-5835d654,2026-03-13 05:55:00,+886-905-700-400,"債務不履行,退款延遲",1,0,高中職以下,0
UID-c76837e7,2026-03-12 12:55:00,+886-901-943-026,"網路購物詐騙,解除分期付款",379,11827,上班族,1
UID-9aa6ece0,2026-03-12 11:26:00,+886-903-880-076,"假投資,資金盤",15,4944224,50-69 中高齡,1
UID-4d418e1e,2026-03-13 03:06:00,+886-901-826-040,"網路購物詐騙,假賣場",338,19158,高中職以下,1
UID-3dd9446d,2026-03-12 12:11:00,+886-903-884-031,"假投資,保證獲利",9,2189138,大專院校,1
UID-f075a1d2,2026-03-13 01:57:00,+886-905-123-421,"債務不履行,退款延遲",2,15000,50-69 中高齡,0
UID-34ecae81,2026-03-12 18:36:00,+886-905-877-379,"司法文書送達,正常公務",1,3000,70+ 長者,0
UID-3c04ba95,2026-03-13 06:54:00,+886-903-883-032,"假投資,資金盤",5,612875,碩博士,1
UID-e65dd8b5,2026-03-12 14:05:00,+886-903-886-055,"假投資,保證獲利",6,3374862,上班族,1
UID-f640bb8f,2026-03-13 06:36:00,+886-903-881-007,"假投資,虛擬貨幣,高報酬",13,235133,碩博士,1
UID-39046df0,2026-03-12 18:06:00,+886-904-139-010,"殺豬盤,平台無法出金",22,124530,上班族,1
UID-16b47f2f,2026-03-12 17:41:00,+886-905-471-631,"司法文書送達,正常公務",1,500,大專院校,0
UID-efa66ba6,2026-03-13 07:20:00,+886-905-792-647,"交易糾紛,商品瑕疵",1,15000,70+ 長者,0
UID-ab4d216f,2026-03-12 12:37:00,+886-903-889-022,"假投資,資金盤",20,1523279,碩博士,1
UID-7094e9d1,2026-03-12 09:48:00,+886-901-994-045,"網路購物詐騙,ATM操作",222,26271,學生,1
UID-56533e2b,2026-03-12 23:38:00,+886-905-523-267,"一般客訴,服務態度",1,500,碩博士,0
UID-645d99f2,2026-03-13 02:56:00,+886-904-108-073,"Threads廣告,假兼職",24,45127,上班族,1
UID-fc15019a,2026-03-13 07:44:00,+886-903-883-068,"假投資,保證獲利",20,1223677,50-69 中高齡,1
UID-bc6ee308,2026-03-12 21:46:00,+886-901-942-019,"網路購物詐騙,假賣場",163,39816,上班族,1
UID-ee88a54f,2026-03-12 15:01:00,+886-905-104-735,"司法文書送達,正常公務",2,15000,學生,0
UID-247edaf6,2026-03-13 00:33:00,+886-902-127-922,"假檢警,監管帳戶",2,1261887,50-69 中高齡,1
UID-905dd61a,2026-03-13 03:25:00,+886-901-908-004,"網路購物詐騙,假賣場",195,36791,大專院校,1
UID-cfff5b7d,2026-03-13 06:52:00,+886-905-397-120,"司法文書送達,正常公務",2,15000,高中職以下,0
UID-00b6d0ce,2026-03-12 16:22:00,+886-905-889-376,"債務不履行,退款延遲",1,15000,碩博士,0
UID-40086bd1,2026-03-12 12:40:00,+886-903-888-072,"假投資,保證獲利",10,911266,50-69 中高齡,1
UID-f94204c7,2026-03-13 03:44:00,+886-901-984-041,"幽靈包裹,超商取貨",270,15660,上班族,1
UID-5c890685,2026-03-13 02:11:00,+886-904-268-004,"Threads廣告,假兼職",23,83934,大專院校,1
UID-1dc0222e,2026-03-12 09:08:00,+886-999-999-999,"機器人測試,惡意灌水",10923,0,未知,0
UID-75b8e796,2026-03-13 08:49:00,+886-903-882-026,"假投資,內線交易,VIP通道",16,3466809,上班族,1
UID-71a3c304,2026-03-12 15:49:00,+886-902-103-734,"假扣押財產,面交黃金白銀",1,6112115,50-69 中高齡,1
UID-7302cc4d,2026-03-12 15:38:00,+886-905-736-281,"債務不履行,退款延遲",2,500,高中職以下,0
UID-3a594951,2026-03-12 14:40:00,+886-903-880-076,"假投資,虛擬貨幣,高報酬",6,4911200,碩博士,1
UID-24b56f06,2026-03-12 22:25:00,+886-905-550-631,"司法文書送達,正常公務",2,500,50-69 中高齡,0
UID-ab79c60e,2026-03-12 09:19:00,+886-903-880-029,"假投資,內線交易,VIP通道",14,3542329,碩博士,1
UID-02e0c9a8,2026-03-12 14:35:00,+886-903-884-081,"假投資,內線交易,VIP通道",15,2491610,上班族,1
UID-5320d1fa,2026-03-13 04:38:00,+886-903-886-005,"假投資,虛擬貨幣,高報酬",11,191077,50-69 中高齡,1
UID-eedf3936,2026-03-12 19:03:00,+886-901-814-012,"幽靈包裹,超商取貨",658,5043,大專院校,1
UID-fb41a90f,2026-03-12 22:11:00,+886-904-457-010,"網路交友,AI濾鏡假冒",2,96592,碩博士,1
UID-14278755,2026-03-12 18:26:00,+886-905-587-174,"一般客訴,服務態度",2,0,上班族,0
UID-fa7a2f7a,2026-03-12 21:10:00,+886-905-322-345,"債務不履行,退款延遲",2,3000,上班族,0
UID-7af81e02,2026-03-13 05:54:00,+886-904-206-015,"網路交友,要求儲值,點數卡",2,70120,大專院校,1
UID-67e84051,2026-03-12 14:21:00,+886-904-246-083,"殺豬盤,平台無法出金",21,78309,大專院校,1
UID-30ac7e17,2026-03-12 21:22:00,+886-901-214-024,"網路購物詐騙,假賣場",166,15987,高中職以下,1
UID-77e57ad1,2026-03-12 20:15:00,+886-901-755-019,"幽靈包裹,超商取貨",249,41405,大專院校,1
UID-23780950,2026-03-13 05:16:00,+886-905-177-608,"交易糾紛,商品瑕疵",2,500,碩博士,0
UID-49d91bda,2026-03-12 14:09:00,+886-902-161-530,"假扣押財產,面交黃金白銀",1,1562821,70+ 長者,1
UID-f58bbd9f,2026-03-12 23:32:00,+886-903-886-098,"假投資,資金盤",7,3828277,50-69 中高齡,1
UID-709c1966,2026-03-12 13:00:00,+886-905-184-763,"司法文書送達,正常公務",1,0,高中職以下,0
UID-e9c46a9d,2026-03-12 20:26:00,+886-905-398-912,"交易糾紛,商品瑕疵",2,500,學生,0
UID-7999bf5a,2026-03-12 17:54:00,+886-901-902-030,"幽靈包裹,超商取貨",245,31676,大專院校,1
UID-bb50a5c2,2026-03-13 04:46:00,+886-903-885-079,"假投資,保證獲利",17,1812029,碩博士,1
UID-1fa4d393,2026-03-12 11:12:00,+886-903-882-005,"假投資,資金盤",16,175948,50-69 中高齡,1
UID-254d299a,2026-03-13 08:01:00,+886-904-325-083,"Threads廣告,假兼職",19,68229,上班族,1
UID-44063f28,2026-03-12 15:04:00,+886-903-887-047,"假投資,資金盤",11,969963,碩博士,1
UID-3c214456,2026-03-12 19:06:00,+886-905-921-725,"交易糾紛,商品瑕疵",1,0,碩博士,0
UID-f5b5c58a,2026-03-12 17:04:00,+886-905-759-428,"正常投資諮詢,理財規劃",1,0,50-69 中高齡,0
UID-9c6e1768,2026-03-12 14:31:00,+886-904-730-008,"網路交友,AI濾鏡假冒",30,38816,大專院校,1
UID-6f9c0cff,2026-03-12 13:00:00,+886-902-114-841,"假冒郵局,普發現金冒領",2,3518162,50-69 中高齡,1
UID-0cb88173,2026-03-12 14:33:00,+886-903-889-008,"假投資,內線交易,VIP通道",7,1933147,上班族,1
UID-1f5db119,2026-03-12 12:37:00,+886-903-885-054,"假投資,內線交易,VIP通道",16,4248316,上班族,1
UID-9d267b31,2026-03-12 14:10:00,+886-903-884-043,"假投資,內線交易,VIP通道",11,1990124,碩博士,1
UID-bcb6da90,2026-03-13 07:10:00,+886-903-883-003,"假投資,資金盤",9,3762432,上班族,1
UID-5e314ea0,2026-03-12 12:02:00,+886-903-888-022,"假投資,資金盤",10,1875429,碩博士,1
UID-a52e4c3a,2026-03-13 07:47:00,+886-905-828-251,"正常投資諮詢,理財規劃",2,500,70+ 長者,0
UID-a90237de,2026-03-12 17:54:00,+886-901-538-029,"幽靈包裹,超商取貨",160,36161,高中職以下,1
UID-d4307e5b,2026-03-12 22:46:00,+886-903-889-008,"假投資,虛擬貨幣,高報酬",15,1393277,50-69 中高齡,1
UID-52528a83,2026-03-13 07:10:00,+886-902-158-352,"假員警,偵查不公開",1,4142200,70+ 長者,1
UID-de762017,2026-03-12 20:21:00,+886-901-867-030,"網路購物詐騙,ATM操作",180,8061,大專院校,1
UID-4f9d9619,2026-03-13 04:18:00,+886-904-968-007,"Threads廣告,假兼職",2,131548,碩博士,1
UID-0e217cd3,2026-03-13 02:47:00,+886-904-462-088,"網路交友,AI濾鏡假冒",12,20624,學生,1
UID-857a0d1d,2026-03-12 15:00:00,+886-905-806-971,"債務不履行,退款延遲",2,3000,碩博士,0
UID-6c11b8ec,2026-03-13 06:34:00,+886-901-927-015,"網路購物詐騙,ATM操作",212,17584,大專院校,1
UID-8173a0b9,2026-03-12 13:33:00,+886-905-699-622,"司法文書送達,正常公務",1,15000,50-69 中高齡,0
UID-72edf4f8,2026-03-12 18:05:00,+886-903-887-052,"假投資,資金盤",8,4100893,上班族,1
UID-42f41ae7,2026-03-13 02:42:00,+886-903-881-096,"假投資,保證獲利",16,2250721,碩博士,1
UID-366e5257,2026-03-13 07:51:00,+886-902-181-882,"假冒郵局,普發現金冒領",1,3825591,50-69 中高齡,1
UID-7bca49f6,2026-03-13 01:15:00,+886-901-762-003,"網路購物詐騙,假賣場",168,25377,高中職以下,1
UID-d8691a8d,2026-03-13 02:20:00,+886-905-180-518,"交易糾紛,商品瑕疵",2,500,碩博士,0
UID-88ed8c60,2026-03-12 23:12:00,+886-905-834-522,"正常投資諮詢,理財規劃",1,500,學生,0
UID-c329a43d,2026-03-12 11:15:00,+886-905-877-812,"一般客訴,服務態度",2,15000,高中職以下,0
UID-8c221504,2026-03-12 10:12:00,+886-901-179-015,"網路購物詐騙,假賣場",358,28660,上班族,1
UID-2945c665,2026-03-12 15:45:00,+886-904-935-033,"網路交友,要求儲值,點數卡",28,51711,上班族,1
UID-6ac7e72b,2026-03-12 23:47:00,+886-905-286-167,"交易糾紛,商品瑕疵",2,15000,高中職以下,0
UID-ebff4172,2026-03-13 07:36:00,+886-905-203-629,"司法文書送達,正常公務",1,3000,學生,0
UID-4f0c5f5b,2026-03-13 01:52:00,+886-903-886-088,"假投資,虛擬貨幣,高報酬",13,2124191,碩博士,1
UID-27d69df9,2026-03-12 23:20:00,+886-903-883-035,"假投資,資金盤",7,2593542,50-69 中高齡,1
UID-650b19e1,2026-03-12 09:10:00,+886-999-999-999,"機器人測試,惡意灌水",13088,0,未知,0
UID-a3baf94b,2026-03-12 15:56:00,+886-902-149-470,"假冒郵局,普發現金冒領",3,2442583,70+ 長者,1
UID-31f91aaf,2026-03-12 17:49:00,+886-905-740-934,"債務不履行,退款延遲",2,500,碩博士,0
UID-85bf6060,2026-03-12 22:36:00,+886-903-887-035,"假投資,虛擬貨幣,高報酬",20,4938736,上班族,1
UID-639cc7d0,2026-03-12 18:12:00,+886-903-883-028,"假投資,資金盤",8,4230201,50-69 中高齡,1
UID-b9d37637,2026-03-13 05:36:00,+886-903-886-058,"假投資,保證獲利",15,1058617,上班族,1
UID-9e76b09d,2026-03-13 01:42:00,+886-902-183-135,"假員警,偵查不公開",3,1034652,50-69 中高齡,1
UID-130de267,2026-03-12 10:39:00,+886-905-320-994,"債務不履行,退款延遲",1,500,70+ 長者,0
UID-d9c9ed63,2026-03-12 16:49:00,+886-905-866-943,"交易糾紛,商品瑕疵",2,3000,大專院校,0
UID-cf1ca526,2026-03-12 18:58:00,+886-905-611-965,"債務不履行,退款延遲",1,500,70+ 長者,0
UID-04438b14,2026-03-13 00:25:00,+886-903-882-005,"假投資,保證獲利",19,4404005,上班族,1
UID-5bec21f1,2026-03-12 09:05:00,+886-903-881-068,"假投資,保證獲利",15,4233362,大專院校,1
UID-3f0a84eb,2026-03-12 09:30:00,+886-904-789-053,"網路交友,AI濾鏡假冒",20,95850,上班族,1
UID-5fc67422,2026-03-12 19:30:00,+886-904-270-016,"Threads廣告,假兼職",21,68685,碩博士,1
UID-0f5fa71e,2026-03-12 21:53:00,+886-901-869-047,"幽靈包裹,超商取貨",393,36844,學生,1
UID-4c71b8cf,2026-03-12 11:46:00,+886-903-888-082,"假投資,虛擬貨幣,高報酬",18,4850523,大專院校,1
UID-a29187c3,2026-03-13 05:23:00,+886-904-334-051,"網路交友,要求儲值,點數卡",13,85396,大專院校,1
UID-dc2b5750,2026-03-12 22:30:00,+886-903-881-061,"假投資,保證獲利",8,826760,50-69 中高齡,1
UID-28382d82,2026-03-12 13:18:00,+886-902-169-941,"假冒郵局,普發現金冒領",2,2900671,70+ 長者,1
UID-e14dede9,2026-03-13 07:20:00,+886-905-430-790,"一般客訴,服務態度",1,500,高中職以下,0
UID-93572d91,2026-03-12 09:39:00,+886-902-149-401,"假扣押財產,面交黃金白銀",3,4787566,50-69 中高齡,1
UID-821702c8,2026-03-13 01:04:00,+886-903-884-092,"假投資,資金盤",10,540010,上班族,1
UID-083d3c9f,2026-03-12 09:19:00,+886-901-291-028,"幽靈包裹,超商取貨",159,26441,上班族,1
UID-f3f79047,2026-03-13 01:17:00,+886-901-479-049,"幽靈包裹,超商取貨",155,32992,上班族,1
UID-9681990a,2026-03-12 11:23:00,+886-903-882-027,"假投資,虛擬貨幣,高報酬",7,2865122,上班族,1
UID-576dba2c,2026-03-13 02:08:00,+886-905-100-930,"交易糾紛,商品瑕疵",2,15000,70+ 長者,0
UID-580b338c,2026-03-12 09:03:00,+886-902-103-778,"假員警,偵查不公開",1,6297548,50-69 中高齡,1
UID-28424e12,2026-03-12 10:18:00,+886-902-115-582,"假扣押財產,面交黃金白銀",3,6531231,70+ 長者,1
UID-008166d7,2026-03-13 04:53:00,+886-905-399-680,"一般客訴,服務態度",2,500,碩博士,0
UID-65c5cdc2,2026-03-12 16:11:00,+886-903-887-029,"假投資,內線交易,VIP通道",5,2631266,50-69 中高齡,1
UID-e5253f86,2026-03-13 06:11:00,+886-905-795-936,"一般客訴,服務態度",1,3000,碩博士,0
UID-98130276,2026-03-12 09:39:00,+886-904-559-024,"Threads廣告,假兼職",12,127106,大專院校,1
UID-5f3b9a14,2026-03-13 08:19:00,+886-904-115-043,"網路交友,要求儲值,點數卡",4,29458,上班族,1
UID-ea146e69,2026-03-12 09:04:00,+886-999-999-999,"機器人測試,惡意灌水",14207,0,未知,0
UID-c2594819,2026-03-13 08:12:00,+886-903-882-004,"假投資,內線交易,VIP通道",6,2012584,碩博士,1
UID-56f40c9e,2026-03-13 03:46:00,+886-901-503-026,"幽靈包裹,超商取貨",162,3618,上班族,1
UID-25b7e8ec,2026-03-13 07:00:00,+886-905-488-769,"債務不履行,退款延遲",2,15000,學生,0
UID-93138347,2026-03-13 00:50:00,+886-905-781-607,"一般客訴,服務態度",2,0,70+ 長者,0
UID-80d3199a,2026-03-13 08:17:00,+886-905-628-414,"債務不履行,退款延遲",1,3000,學生,0
UID-103a6807,2026-03-13 01:51:00,+886-903-886-099,"假投資,保證獲利",18,3572791,碩博士,1
UID-05937e66,2026-03-12 16:51:00,+886-905-271-903,"一般客訴,服務態度",2,500,大專院校,0
UID-f1da3f4b,2026-03-13 03:09:00,+886-903-880-065,"假投資,保證獲利",15,1358781,碩博士,1
UID-b33d5173,2026-03-12 09:14:00,+886-905-839-174,"正常投資諮詢,理財規劃",2,500,高中職以下,0
UID-15940d70,2026-03-12 13:32:00,+886-903-887-057,"假投資,虛擬貨幣,高報酬",12,3418630,碩博士,1
UID-d3c6b8b8,2026-03-12 10:56:00,+886-903-885-037,"假投資,資金盤",5,3289035,上班族,1
UID-26642ba0,2026-03-12 19:29:00,+886-904-282-075,"Threads廣告,假兼職",20,123536,大專院校,1
UID-7bedd101,2026-03-13 08:10:00,+886-902-109-625,"假檢警,監管帳戶",2,6548006,70+ 長者,1
UID-4374225c,2026-03-12 14:22:00,+886-905-280-561,"司法文書送達,正常公務",2,0,上班族,0
UID-0d4f01bc,2026-03-13 04:43:00,+886-905-685-349,"債務不履行,退款延遲",1,3000,學生,0
UID-0cbe592d,2026-03-12 09:25:00,+886-904-321-079,"網路交友,AI濾鏡假冒",26,38921,上班族,1
UID-d8e4be54,2026-03-12 14:51:00,+886-905-691-981,"正常投資諮詢,理財規劃",2,3000,50-69 中高齡,0
UID-f34bca0a,2026-03-12 09:08:00,+886-999-999-999,"機器人測試,惡意灌水",14133,0,未知,0
UID-107e5471,2026-03-12 10:23:00,+886-902-183-630,"假檢警,監管帳戶",2,7785988,70+ 長者,1
UID-857442b2,2026-03-13 01:27:00,+886-905-571-262,"司法文書送達,正常公務",1,500,學生,0
UID-da4e93e7,2026-03-12 18:08:00,+886-902-123-631,"假檢警,監管帳戶",3,806565,70+ 長者,1
UID-5a395b51,2026-03-12 16:49:00,+886-904-230-040,"網路交友,要求儲值,點數卡",22,77992,上班族,1
UID-be309998,2026-03-12 18:55:00,+886-904-613-001,"網路交友,要求儲值,點數卡",19,31239,學生,1
UID-85d922d4,2026-03-13 00:23:00,+886-905-407-580,"交易糾紛,商品瑕疵",2,500,大專院校,0
UID-d51e8174,2026-03-12 15:13:00,+886-905-739-583,"債務不履行,退款延遲",1,15000,70+ 長者,0
UID-4a3e0bd2,2026-03-13 02:30:00,+886-903-883-007,"假投資,內線交易,VIP通道",19,1813585,上班族,1
UID-6e0499a4,2026-03-13 06:50:00,+886-903-882-053,"假投資,虛擬貨幣,高報酬",14,1834455,碩博士,1
UID-73e2f423,2026-03-12 09:14:00,+886-903-886-016,"假投資,保證獲利",5,3301373,50-69 中高齡,1
UID-6bf58b8e,2026-03-12 22:44:00,+886-903-888-048,"假投資,虛擬貨幣,高報酬",6,236447,上班族,1
UID-5f49fd60,2026-03-12 12:54:00,+886-904-223-067,"Threads廣告,假兼職",13,46932,學生,1
UID-195e0d93,2026-03-13 04:27:00,+886-904-934-069,"殺豬盤,平台無法出金",26,51647,碩博士,1
UID-4789de6b,2026-03-12 20:12:00,+886-903-881-031,"假投資,保證獲利",9,182649,大專院校,1
UID-95f59ff5,2026-03-12 12:59:00,+886-903-880-058,"假投資,內線交易,VIP通道",11,4342340,上班族,1
UID-acd8f5f9,2026-03-12 10:28:00,+886-902-180-125,"假員警,偵查不公開",2,4522027,70+ 長者,1
UID-4108f1ab,2026-03-13 02:07:00,+886-905-135-840,"正常投資諮詢,理財規劃",2,3000,上班族,0
UID-14c5107c,2026-03-13 02:26:00,+886-904-225-005,"殺豬盤,平台無法出金",17,24839,學生,1
UID-3cd93a98,2026-03-13 03:42:00,+886-903-888-073,"假投資,資金盤",10,2943594,碩博士,1
UID-3ff63d01,2026-03-13 07:08:00,+886-901-779-029,"網路購物詐騙,假賣場",701,2864,高中職以下,1
UID-c42d33f0,2026-03-13 03:25:00,+886-905-555-620,"正常投資諮詢,理財規劃",1,500,學生,0
UID-25036289,2026-03-12 09:29:00,+886-905-669-216,"一般客訴,服務態度",1,500,70+ 長者,0
UID-3f457837,2026-03-12 22:35:00,+886-905-229-870,"司法文書送達,正常公務",2,0,碩博士,0
UID-58c08382,2026-03-12 09:34:00,+886-901-974-016,"網路購物詐騙,ATM操作",524,36384,學生,1
UID-8bec2a7a,2026-03-12 16:38:00,+886-905-237-867,"交易糾紛,商品瑕疵",1,500,高中職以下,0
UID-d64c19e9,2026-03-12 10:04:00,+886-905-738-473,"債務不履行,退款延遲",2,3000,50-69 中高齡,0
UID-ae0e88a2,2026-03-12 23:41:00,+886-901-657-048,"網路購物詐騙,解除分期付款",157,19656,上班族,1
UID-dfc51408,2026-03-12 12:17:00,+886-905-378-639,"一般客訴,服務態度",1,15000,學生,0
UID-7c084f6a,2026-03-12 12:11:00,+886-903-886-089,"假投資,內線交易,VIP通道",15,1500968,50-69 中高齡,1
UID-0d706797,2026-03-13 06:57:00,+886-904-510-012,"殺豬盤,平台無法出金",12,80930,學生,1
UID-d72fde99,2026-03-12 11:53:00,+886-904-750-083,"網路交友,AI濾鏡假冒",3,135045,碩博士,1
UID-0b9a47a3,2026-03-12 09:38:00,+886-905-245-608,"債務不履行,退款延遲",1,3000,碩博士,0
UID-add834a2,2026-03-12 10:33:00,+886-904-912-097,"殺豬盤,平台無法出金",14,114596,碩博士,1
UID-e66dbab9,2026-03-12 16:15:00,+886-903-888-042,"假投資,虛擬貨幣,高報酬",7,4541746,上班族,1
UID-9cb04572,2026-03-12 23:16:00,+886-903-889-055,"假投資,保證獲利",10,1796095,上班族,1
UID-f3ee51b4,2026-03-12 13:36:00,+886-902-181-755,"假扣押財產,面交黃金白銀",1,2019555,碩博士,1
UID-9d4bb9ac,2026-03-12 14:49:00,+886-904-408-095,"網路交友,要求儲值,點數卡",27,62386,學生,1
UID-bc55a5da,2026-03-12 21:52:00,+886-902-152-387,"假扣押財產,面交黃金白銀",1,6354188,70+ 長者,1
UID-381668f7,2026-03-12 12:12:00,+886-903-882-023,"假投資,保證獲利",13,3024642,碩博士,1
UID-3ce27a6a,2026-03-12 20:56:00,+886-901-967-020,"網路購物詐騙,假賣場",161,40216,學生,1
UID-3ce556bf,2026-03-12 23:03:00,+886-901-624-048,"幽靈包裹,超商取貨",184,14677,上班族,1
UID-49070755,2026-03-13 02:59:00,+886-903-881-062,"假投資,保證獲利",5,1088034,50-69 中高齡,1
UID-8f8a670d,2026-03-12 20:10:00,+886-901-505-002,"網路購物詐騙,ATM操作",233,5174,上班族,1
UID-6abfadbb,2026-03-13 06:35:00,+886-905-482-944,"交易糾紛,商品瑕疵",2,500,70+ 長者,0
UID-60cf7c24,2026-03-12 10:20:00,+886-905-555-324,"正常投資諮詢,理財規劃",1,15000,70+ 長者,0
UID-fab1fbea,2026-03-12 23:45:00,+886-901-844-014,"網路購物詐騙,假賣場",397,35528,學生,1
UID-fb15590b,2026-03-12 21:33:00,+886-903-880-003,"假投資,資金盤",13,2551727,50-69 中高齡,1
UID-dd2b9538,2026-03-12 13:41:00,+886-901-818-033,"幽靈包裹,超商取貨",165,10022,上班族,1
UID-d10aac2d,2026-03-12 16:15:00,+886-904-951-031,"網路交友,要求儲值,點數卡",14,14507,碩博士,1
UID-e986df25,2026-03-13 00:53:00,+886-903-883-042,"假投資,資金盤",15,1861111,上班族,1
UID-ee9de9c0,2026-03-13 07:01:00,+886-902-164-565,"假檢警,監管帳戶",1,2202787,70+ 長者,1
UID-97a7384f,2026-03-13 04:25:00,+886-903-881-040,"假投資,虛擬貨幣,高報酬",20,700638,碩博士,1
UID-080e8a29,2026-03-13 08:20:00,+886-902-144-652,"假扣押財產,面交黃金白銀",2,2412419,碩博士,1
UID-a00614fc,2026-03-12 18:53:00,+886-904-483-048,"Threads廣告,假兼職",23,101928,碩博士,1
UID-a97802aa,2026-03-12 21:05:00,+886-903-883-015,"假投資,虛擬貨幣,高報酬",9,1167535,上班族,1
UID-54730f45,2026-03-12 13:54:00,+886-904-806-007,"網路交友,要求儲值,點數卡",10,139189,大專院校,1
UID-4e6cbd19,2026-03-13 03:35:00,+886-902-179-942,"假檢警,監管帳戶",3,4631387,70+ 長者,1
UID-767d3336,2026-03-12 14:47:00,+886-905-561-110,"債務不履行,退款延遲",1,3000,高中職以下,0
UID-42b69340,2026-03-13 05:42:00,+886-904-977-009,"網路交友,要求儲值,點數卡",8,61011,學生,1
UID-4bc8f7f3,2026-03-12 23:41:00,+886-902-172-459,"假冒郵局,普發現金冒領",3,1955599,70+ 長者,1
UID-8d938db2,2026-03-13 05:47:00,+886-903-886-086,"假投資,虛擬貨幣,高報酬",20,2759390,上班族,1
UID-ca2600d2,2026-03-12 21:29:00,+886-904-620-028,"Threads廣告,假兼職",12,84156,學生,1
UID-fb696953,2026-03-12 09:03:00,+886-901-103-029,"網路購物詐騙,ATM操作",197,2820,大專院校,1
UID-2ce39fb8,2026-03-12 23:44:00,+886-902-135-719,"假檢警,監管帳戶",2,3477707,70+ 長者,1
UID-6e289581,2026-03-12 16:09:00,+886-905-209-743,"一般客訴,服務態度",2,0,高中職以下,0
UID-af0f183e,2026-03-12 23:06:00,+886-902-101-908,"假冒郵局,普發現金冒領",3,3920983,70+ 長者,1
UID-df42a579,2026-03-12 16:30:00,+886-903-880-016,"假投資,內線交易,VIP通道",12,2180871,碩博士,1
UID-869708bc,2026-03-13 01:10:00,+886-904-512-078,"網路交友,AI濾鏡假冒",13,143006,碩博士,1
UID-bd6b4a4a,2026-03-13 04:14:00,+886-903-889-076,"假投資,內線交易,VIP通道",14,1812627,上班族,1
UID-2a673f8a,2026-03-12 19:34:00,+886-904-165-004,"Threads廣告,假兼職",13,23026,碩博士,1
UID-08363514,2026-03-13 06:35:00,+886-901-521-046,"幽靈包裹,超商取貨",220,25001,高中職以下,1
UID-33e04c45,2026-03-13 07:09:00,+886-903-880-034,"假投資,虛擬貨幣,高報酬",15,650339,碩博士,1
UID-411b510d,2026-03-12 21:25:00,+886-903-883-096,"假投資,虛擬貨幣,高報酬",6,674855,碩博士,1
UID-c7251cc9,2026-03-13 00:26:00,+886-902-187-337,"假檢警,監管帳戶",3,3296102,50-69 中高齡,1
UID-5e8c448c,2026-03-12 21:44:00,+886-904-181-018,"Threads廣告,假兼職",26,25566,上班族,1
UID-794ff2a5,2026-03-12 22:50:00,+886-902-186-507,"假冒郵局,普發現金冒領",3,6174200,70+ 長者,1
UID-af0c4179,2026-03-12 10:15:00,+886-903-884-097,"假投資,保證獲利",9,4181329,碩博士,1
UID-4d58320e,2026-03-12 15:50:00,+886-902-123-209,"假檢警,監管帳戶",1,5890982,碩博士,1
UID-c04a18a4,2026-03-13 04:23:00,+886-904-898-033,"網路交友,AI濾鏡假冒",18,142674,上班族,1
UID-ff025e99,2026-03-13 01:24:00,+886-903-881-083,"假投資,虛擬貨幣,高報酬",5,115113,碩博士,1
UID-842ea11b,2026-03-12 20:17:00,+886-903-882-076,"假投資,內線交易,VIP通道",14,2889011,50-69 中高齡,1
UID-2415b7e9,2026-03-12 22:02:00,+886-905-110-598,"債務不履行,退款延遲",2,0,學生,0
UID-1883c6c0,2026-03-12 23:27:00,+886-903-889-062,"假投資,虛擬貨幣,高報酬",18,4654567,上班族,1
UID-10999a04,2026-03-13 01:26:00,+886-904-321-082,"網路交友,AI濾鏡假冒",2,147238,碩博士,1
UID-d473f565,2026-03-12 21:48:00,+886-903-888-082,"假投資,內線交易,VIP通道",6,1737756,大專院校,1
UID-b78bd498,2026-03-12 09:06:00,+886-999-999-999,"機器人測試,惡意灌水",8531,0,未知,0
UID-9cdced07,2026-03-12 11:41:00,+886-905-366-506,"一般客訴,服務態度",1,15000,上班族,0
UID-4a8ce4d7,2026-03-12 20:12:00,+886-904-719-026,"Threads廣告,假兼職",26,104401,學生,1
UID-1afac369,2026-03-12 13:40:00,+886-902-196-864,"假冒郵局,普發現金冒領",3,1078044,50-69 中高齡,1
UID-46e47b6a,2026-03-12 17:48:00,+886-904-156-099,"網路交友,要求儲值,點數卡",28,133235,上班族,1
UID-3196b273,2026-03-12 15:56:00,+886-901-876-016,"網路購物詐騙,假賣場",153,6656,上班族,1
UID-db563f03,2026-03-12 16:02:00,+886-904-330-093,"網路交友,要求儲值,點數卡",9,31,學生,1
UID-7b2770a0,2026-03-12 13:14:00,+886-902-155-611,"假員警,偵查不公開",3,952934,70+ 長者,1
UID-e341b5b9,2026-03-13 00:54:00,+886-903-886-082,"假投資,虛擬貨幣,高報酬",8,1218712,碩博士,1
UID-509f9c13,2026-03-13 04:54:00,+886-903-888-034,"假投資,內線交易,VIP通道",20,2746464,上班族,1
UID-7af2d89d,2026-03-12 17:04:00,+886-905-134-735,"債務不履行,退款延遲",2,0,上班族,0
UID-29dc65bd,2026-03-13 02:27:00,+886-904-316-071,"Threads廣告,假兼職",12,149878,碩博士,1
UID-c0bedb24,2026-03-12 13:28:00,+886-905-914-320,"正常投資諮詢,理財規劃",1,500,上班族,0
UID-97348a93,2026-03-13 05:33:00,+886-901-995-006,"網路購物詐騙,解除分期付款",265,6922,上班族,1
UID-8242324f,2026-03-12 15:17:00,+886-904-115-037,"網路交友,要求儲值,點數卡",25,6512,大專院校,1
UID-1e1d7dac,2026-03-13 04:09:00,+886-904-430-096,"殺豬盤,平台無法出金",13,74247,碩博士,1
UID-8b517672,2026-03-13 02:22:00,+886-902-166-724,"假冒郵局,普發現金冒領",1,4051350,50-69 中高齡,1
UID-12548f48,2026-03-13 00:27:00,+886-902-129-925,"假員警,偵查不公開",1,7247772,50-69 中高齡,1
UID-ea37fc63,2026-03-12 09:28:00,+886-902-118-976,"假冒郵局,普發現金冒領",2,4151198,碩博士,1
UID-3d6dc918,2026-03-13 02:41:00,+886-901-422-017,"網路購物詐騙,ATM操作",320,13783,高中職以下,1
UID-cec0a1b3,2026-03-12 21:08:00,+886-902-186-964,"假檢警,監管帳戶",3,4173315,50-69 中高齡,1
UID-36b162e3,2026-03-12 16:26:00,+886-905-344-956,"正常投資諮詢,理財規劃",2,0,70+ 長者,0
UID-e82f8fa3,2026-03-13 01:18:00,+886-903-882-090,"假投資,保證獲利",16,1840368,碩博士,1
UID-f79627f6,2026-03-12 21:13:00,+886-903-886-066,"假投資,保證獲利",15,1917886,碩博士,1
UID-b213641e,2026-03-12 22:38:00,+886-905-623-512,"債務不履行,退款延遲",1,500,高中職以下,0
UID-772e08a3,2026-03-12 15:14:00,+886-902-121-716,"假冒郵局,普發現金冒領",1,1225265,50-69 中高齡,1
UID-1d25c3b9,2026-03-13 04:32:00,+886-902-116-104,"假扣押財產,面交黃金白銀",3,5674564,70+ 長者,1
UID-bcdfd41d,2026-03-13 01:52:00,+886-905-146-452,"債務不履行,退款延遲",1,500,上班族,0
UID-51527475,2026-03-13 04:51:00,+886-902-117-910,"假員警,偵查不公開",3,4555172,50-69 中高齡,1
UID-a111fca7,2026-03-13 02:51:00,+886-903-881-094,"假投資,內線交易,VIP通道",12,4898309,上班族,1
UID-529e4331,2026-03-12 22:22:00,+886-903-881-092,"假投資,內線交易,VIP通道",20,4101205,50-69 中高齡,1
UID-7b46d8dd,2026-03-12 10:23:00,+886-902-154-870,"假檢警,監管帳戶",2,6652338,70+ 長者,1
UID-55a2ac03,2026-03-13 00:08:00,+886-901-160-028,"網路購物詐騙,解除分期付款",150,18510,學生,1
UID-820af7b4,2026-03-13 07:03:00,+886-903-885-011,"假投資,資金盤",17,1204611,碩博士,1
UID-6ed0cbb4,2026-03-13 06:31:00,+886-903-887-057,"假投資,保證獲利",19,4512492,碩博士,1
UID-d0a6cbcb,2026-03-12 14:20:00,+886-901-207-022,"網路購物詐騙,ATM操作",191,17619,學生,1
UID-cb801ca8,2026-03-13 06:58:00,+886-903-886-074,"假投資,內線交易,VIP通道",6,4773613,大專院校,1
UID-7388426a,2026-03-12 11:04:00,+886-902-157-562,"假冒郵局,普發現金冒領",3,2676750,碩博士,1
UID-512a39d1,2026-03-12 20:37:00,+886-901-885-008,"網路購物詐騙,解除分期付款",292,32259,上班族,1
UID-c5df3a2b,2026-03-12 10:50:00,+886-901-900-049,"幽靈包裹,超商取貨",637,23981,學生,1
UID-7d74cfe5,2026-03-13 08:53:00,+886-903-885-088,"假投資,虛擬貨幣,高報酬",11,2528230,50-69 中高齡,1
UID-13147ca1,2026-03-13 08:34:00,+886-904-352-083,"Threads廣告,假兼職",12,74304,大專院校,1
UID-b767179f,2026-03-13 00:59:00,+886-905-672-720,"債務不履行,退款延遲",1,500,碩博士,0
UID-c767ce77,2026-03-12 10:35:00,+886-902-100-304,"假檢警,監管帳戶",2,3056611,70+ 長者,1
UID-7fb11fd2,2026-03-13 03:54:00,+886-901-315-012,"幽靈包裹,超商取貨",252,30563,高中職以下,1
UID-eb598438,2026-03-13 02:56:00,+886-903-883-059,"假投資,保證獲利",9,969603,50-69 中高齡,1
UID-f97fef27,2026-03-13 02:26:00,+886-905-391-168,"交易糾紛,商品瑕疵",2,500,學生,0
UID-0008bd95,2026-03-13 07:25:00,+886-905-544-459,"一般客訴,服務態度",1,3000,大專院校,0
UID-314e3ab2,2026-03-12 19:49:00,+886-902-163-467,"假扣押財產,面交黃金白銀",1,6891558,70+ 長者,1
UID-23706556,2026-03-12 10:32:00,+886-903-884-061,"假投資,內線交易,VIP通道",12,2410590,50-69 中高齡,1
UID-fee6d2b4,2026-03-12 18:01:00,+886-903-888-091,"假投資,資金盤",15,4560684,碩博士,1
UID-f46d1d01,2026-03-12 10:59:00,+886-905-511-917,"債務不履行,退款延遲",2,0,70+ 長者,0
UID-7b0697f4,2026-03-13 01:55:00,+886-905-528-995,"司法文書送達,正常公務",1,3000,上班族,0
UID-8ed3df39,2026-03-12 15:44:00,+886-903-887-052,"假投資,內線交易,VIP通道",19,2787732,上班族,1
UID-6eeb85c0,2026-03-12 11:10:00,+886-901-272-030,"幽靈包裹,超商取貨",1179,36513,高中職以下,1
UID-1b8a5105,2026-03-13 05:52:00,+886-904-993-003,"網路交友,要求儲值,點數卡",27,108712,學生,1
UID-58fa858c,2026-03-13 01:19:00,+886-905-373-202,"正常投資諮詢,理財規劃",2,3000,70+ 長者,0
UID-b6ad598f,2026-03-13 02:09:00,+886-904-615-082,"殺豬盤,平台無法出金",28,6861,碩博士,1
UID-244dfacd,2026-03-12 23:39:00,+886-901-293-018,"網路購物詐騙,解除分期付款",152,2090,上班族,1
UID-a24aa5ae,2026-03-13 00:44:00,+886-905-987-410,"正常投資諮詢,理財規劃",2,500,大專院校,0
UID-8373e4b9,2026-03-12 15:14:00,+886-905-607-637,"正常投資諮詢,理財規劃",1,500,大專院校,0
UID-ccacb72c,2026-03-13 00:32:00,+886-901-853-044,"網路購物詐騙,解除分期付款",276,31407,大專院校,1
UID-349e81f6,2026-03-13 08:28:00,+886-901-621-037,"幽靈包裹,超商取貨",182,22257,上班族,1
UID-fb1da67d,2026-03-13 00:45:00,+886-902-200-248,"假檢警,監管帳戶",3,2648888,70+ 長者,1
UID-63161e4f,2026-03-12 12:08:00,+886-905-614-644,"一般客訴,服務態度",2,3000,50-69 中高齡,0
UID-cc863118,2026-03-13 02:51:00,+886-901-118-032,"網路購物詐騙,解除分期付款",198,22403,上班族,1
UID-08e5a780,2026-03-12 22:46:00,+886-902-111-913,"假扣押財產,面交黃金白銀",2,4366280,70+ 長者,1
UID-dca08e2a,2026-03-13 00:47:00,+886-905-501-191,"正常投資諮詢,理財規劃",2,0,50-69 中高齡,0
UID-5e06ad0b,2026-03-12 23:54:00,+886-901-491-010,"網路購物詐騙,解除分期付款",286,43398,高中職以下,1
UID-fca72f9f,2026-03-13 02:21:00,+886-905-290-307,"正常投資諮詢,理財規劃",2,500,50-69 中高齡,0
UID-924ef0d4,2026-03-12 21:38:00,+886-904-921-003,"殺豬盤,平台無法出金",21,42492,學生,1
UID-0e41e1dd,2026-03-12 22:40:00,+886-901-569-022,"網路購物詐騙,ATM操作",220,35584,大專院校,1
UID-421ee815,2026-03-12 18:45:00,+886-905-825-448,"一般客訴,服務態度",1,500,學生,0
UID-113dc013,2026-03-12 23:16:00,+886-903-889-085,"假投資,虛擬貨幣,高報酬",11,488831,大專院校,1
UID-7e55acae,2026-03-13 01:10:00,+886-903-888-004,"假投資,保證獲利",19,575712,50-69 中高齡,1
UID-1b2cc3c1,2026-03-13 04:17:00,+886-903-889-020,"假投資,保證獲利",16,2100722,碩博士,1
UID-36b96897,2026-03-13 07:01:00,+886-904-690-072,"Threads廣告,假兼職",14,104078,碩博士,1
UID-08bda59a,2026-03-13 04:18:00,+886-902-107-745,"假檢警,監管帳戶",3,2417744,70+ 長者,1
UID-aedb548a,2026-03-13 02:24:00,+886-903-888-058,"假投資,保證獲利",19,742442,上班族,1
UID-9f327e83,2026-03-13 06:56:00,+886-905-311-738,"一般客訴,服務態度",1,15000,大專院校,0
UID-6e90165f,2026-03-12 15:50:00,+886-903-881-074,"假投資,虛擬貨幣,高報酬",20,4158282,碩博士,1
UID-19018d63,2026-03-12 19:33:00,+886-905-841-908,"債務不履行,退款延遲",1,0,大專院校,0
UID-ab158aa0,2026-03-12 16:27:00,+886-903-889-085,"假投資,資金盤",20,2626426,50-69 中高齡,1
UID-87fa4b8f,2026-03-12 14:51:00,+886-904-347-001,"Threads廣告,假兼職",9,54431,大專院校,1
UID-1bba7d53,2026-03-12 21:59:00,+886-905-512-380,"交易糾紛,商品瑕疵",2,500,高中職以下,0
UID-10869d70,2026-03-13 06:46:00,+886-902-150-616,"假扣押財產,面交黃金白銀",1,7845720,50-69 中高齡,1
UID-c2f86db7,2026-03-12 19:33:00,+886-902-100-259,"假冒郵局,普發現金冒領",3,1524403,70+ 長者,1
UID-8a4e893e,2026-03-12 19:59:00,+886-903-887-020,"假投資,虛擬貨幣,高報酬",14,196558,上班族,1
UID-fda476b7,2026-03-12 23:06:00,+886-905-924-694,"司法文書送達,正常公務",2,500,70+ 長者,0
UID-e81868c8,2026-03-13 01:43:00,+886-905-839-355,"交易糾紛,商品瑕疵",1,15000,學生,0
UID-7758a6c4,2026-03-13 05:32:00,+886-905-244-505,"司法文書送達,正常公務",1,500,50-69 中高齡,0
UID-fe763e09,2026-03-12 10:44:00,+886-905-499-972,"正常投資諮詢,理財規劃",1,500,大專院校,0
UID-9326a3ea,2026-03-12 21:46:00,+886-905-101-746,"債務不履行,退款延遲",1,15000,大專院校,0
UID-94e2ecac,2026-03-13 00:18:00,+886-901-165-022,"網路購物詐騙,解除分期付款",171,33041,高中職以下,1
UID-3959cd9b,2026-03-12 19:52:00,+886-904-335-020,"Threads廣告,假兼職",13,129732,大專院校,1
UID-b42c63c9,2026-03-13 07:23:00,+886-905-284-143,"正常投資諮詢,理財規劃",1,0,碩博士,0
UID-fa8092b5,2026-03-12 12:48:00,+886-903-882-038,"假投資,內線交易,VIP通道",6,3044944,碩博士,1
UID-d04d314a,2026-03-13 05:01:00,+886-902-117-984,"假扣押財產,面交黃金白銀",2,3928170,70+ 長者,1
UID-a6ac47a5,2026-03-12 23:46:00,+886-903-888-035,"假投資,內線交易,VIP通道",17,1794162,碩博士,1
UID-8a915662,2026-03-13 01:18:00,+886-904-687-008,"殺豬盤,平台無法出金",18,38280,碩博士,1
UID-ad2e6491,2026-03-12 17:38:00,+886-902-111-255,"假冒郵局,普發現金冒領",1,1085066,70+ 長者,1
UID-d1d11884,2026-03-13 07:21:00,+886-903-889-038,"假投資,保證獲利",5,883008,碩博士,1
UID-2b83ad2b,2026-03-12 17:18:00,+886-905-347-378,"債務不履行,退款延遲",1,0,學生,0
UID-fb164d3c,2026-03-13 08:46:00,+886-903-885-059,"假投資,虛擬貨幣,高報酬",19,2878024,碩博士,1
UID-2be3f57f,2026-03-12 12:50:00,+886-903-885-036,"假投資,保證獲利",13,2273278,上班族,1
UID-4686f809,2026-03-12 22:34:00,+886-905-415-455,"司法文書送達,正常公務",2,500,50-69 中高齡,0
UID-d7d5712f,2026-03-12 22:37:00,+886-903-885-040,"假投資,虛擬貨幣,高報酬",14,1093025,碩博士,1
UID-219f3553,2026-03-13 02:47:00,+886-901-944-040,"網路購物詐騙,解除分期付款",184,43662,學生,1
UID-b73166dc,2026-03-12 10:42:00,+886-903-881-041,"假投資,資金盤",17,2505314,碩博士,1
UID-02a9102f,2026-03-12 20:04:00,+886-904-658-087,"網路交友,要求儲值,點數卡",29,86527,大專院校,1
UID-eb31050b,2026-03-12 21:18:00,+886-903-887-028,"假投資,資金盤",16,4612311,50-69 中高齡,1
UID-b2a9a1ef,2026-03-12 15:43:00,+886-904-361-095,"殺豬盤,平台無法出金",21,50409,上班族,1
UID-0d1e3aa6,2026-03-12 15:41:00,+886-901-323-033,"網路購物詐騙,ATM操作",182,41870,高中職以下,1
UID-f8878412,2026-03-12 20:31:00,+886-903-886-094,"假投資,資金盤",12,2052791,50-69 中高齡,1
UID-2757d403,2026-03-12 17:36:00,+886-905-677-565,"正常投資諮詢,理財規劃",1,500,高中職以下,0
UID-6d9ee33e,2026-03-12 22:31:00,+886-904-939-071,"網路交友,要求儲值,點數卡",19,65775,學生,1
UID-33d2e1df,2026-03-13 01:17:00,+886-904-140-070,"網路交友,要求儲值,點數卡",19,110108,學生,1
UID-ec5814b7,2026-03-13 01:31:00,+886-905-894-139,"一般客訴,服務態度",1,0,學生,0
UID-de3b1376,2026-03-13 08:02:00,+886-904-173-099,"殺豬盤,平台無法出金",27,80103,上班族,1
UID-13340335,2026-03-13 08:31:00,+886-904-356-074,"網路交友,AI濾鏡假冒",16,62394,上班族,1
UID-ab1bec57,2026-03-12 19:10:00,+886-901-425-017,"網路購物詐騙,ATM操作",152,15346,上班族,1
UID-1dcfff6c,2026-03-12 21:41:00,+886-902-163-368,"假員警,偵查不公開",1,4631418,50-69 中高齡,1
UID-7bd82bf4,2026-03-13 04:35:00,+886-905-504-831,"交易糾紛,商品瑕疵",1,500,70+ 長者,0
UID-2809391c,2026-03-12 22:04:00,+886-903-880-076,"假投資,資金盤",14,213734,碩博士,1
UID-9582ff1d,2026-03-13 06:00:00,+886-905-526-643,"正常投資諮詢,理財規劃",1,500,學生,0
UID-64164356,2026-03-13 02:28:00,+886-901-721-048,"網路購物詐騙,ATM操作",178,27433,高中職以下,1
UID-69b693cf,2026-03-12 12:02:00,+886-905-212-819,"司法文書送達,正常公務",2,0,碩博士,0
UID-0c9e5e45,2026-03-13 01:25:00,+886-903-886-074,"假投資,資金盤",20,4388537,50-69 中高齡,1
UID-18501f2a,2026-03-13 02:20:00,+886-901-716-001,"幽靈包裹,超商取貨",257,37830,學生,1
UID-78ddc5cb,2026-03-13 01:28:00,+886-905-448-502,"債務不履行,退款延遲",2,0,大專院校,0
UID-f2e1a36e,2026-03-13 07:50:00,+886-905-497-938,"債務不履行,退款延遲",1,3000,高中職以下,0
UID-b7286f96,2026-03-12 14:46:00,+886-903-886-065,"假投資,資金盤",8,298987,碩博士,1
UID-73a87653,2026-03-12 17:39:00,+886-904-965-006,"網路交友,AI濾鏡假冒",17,95216,學生,1
UID-3c9c2117,2026-03-13 01:49:00,+886-904-641-034,"網路交友,要求儲值,點數卡",7,20870,大專院校,1
UID-532a33c7,2026-03-12 18:38:00,+886-901-450-030,"網路購物詐騙,ATM操作",162,28380,學生,1
UID-48ca920d,2026-03-12 12:22:00,+886-903-887-070,"假投資,虛擬貨幣,高報酬",8,4483523,碩博士,1
UID-4cdc008a,2026-03-13 07:37:00,+886-905-222-905,"正常投資諮詢,理財規劃",1,3000,碩博士,0
UID-86a6988c,2026-03-12 14:32:00,+886-901-211-024,"網路購物詐騙,假賣場",152,36378,高中職以下,1
UID-0e01d179,2026-03-12 14:18:00,+886-905-271-190,"司法文書送達,正常公務",2,0,高中職以下,0
UID-5052cfe7,2026-03-12 21:15:00,+886-903-889-025,"假投資,內線交易,VIP通道",6,2813948,碩博士,1
UID-de705cc3,2026-03-12 20:46:00,+886-904-954-006,"殺豬盤,平台無法出金",24,81716,碩博士,1
UID-5916a073,2026-03-13 01:30:00,+886-902-184-240,"假扣押財產,面交黃金白銀",1,1586328,70+ 長者,1
UID-18518fcc,2026-03-13 02:29:00,+886-905-655-321,"交易糾紛,商品瑕疵",2,15000,70+ 長者,0
UID-c997f6b6,2026-03-13 06:43:00,+886-905-398-985,"債務不履行,退款延遲",2,3000,碩博士,0
UID-5bb067c1,2026-03-12 18:37:00,+886-903-886-051,"假投資,資金盤",15,4359188,上班族,1
UID-9c80447c,2026-03-13 06:57:00,+886-904-859-095,"網路交友,AI濾鏡假冒",15,129336,碩博士,1
UID-7f12768f,2026-03-13 05:11:00,+886-903-889-091,"假投資,內線交易,VIP通道",20,1873000,50-69 中高齡,1
UID-b2d0b1e4,2026-03-13 04:46:00,+886-902-127-480,"假員警,偵查不公開",2,5845727,70+ 長者,1
UID-2265c260,2026-03-12 22:50:00,+886-905-161-736,"正常投資諮詢,理財規劃",1,3000,大專院校,0
UID-3c992a54,2026-03-12 23:50:00,+886-904-991-016,"Threads廣告,假兼職",19,34950,學生,1
UID-af6696f3,2026-03-13 06:24:00,+886-903-883-018,"假投資,保證獲利",9,4975803,50-69 中高齡,1
UID-bf47f948,2026-03-13 02:38:00,+886-902-177-278,"假員警,偵查不公開",1,5391377,70+ 長者,1
UID-f87634f9,2026-03-12 10:03:00,+886-905-940-936,"一般客訴,服務態度",2,0,學生,0
UID-5730f453,2026-03-13 02:44:00,+886-904-745-028,"殺豬盤,平台無法出金",24,56272,學生,1
UID-e84f7542,2026-03-12 18:46:00,+886-905-320-914,"正常投資諮詢,理財規劃",1,3000,大專院校,0
UID-5a106965,2026-03-13 01:38:00,+886-902-194-476,"假檢警,監管帳戶",3,7475742,70+ 長者,1
UID-d958bed7,2026-03-12 18:32:00,+886-902-112-529,"假扣押財產,面交黃金白銀",2,2432648,70+ 長者,1
UID-1759778e,2026-03-12 11:27:00,+886-902-111-650,"假冒郵局,普發現金冒領",3,6878308,70+ 長者,1
UID-7dffbe70,2026-03-13 04:56:00,+886-903-884-010,"假投資,虛擬貨幣,高報酬",18,4365221,碩博士,1
UID-9f8c329b,2026-03-12 09:54:00,+886-902-111-554,"假扣押財產,面交黃金白銀",2,4743630,70+ 長者,1
UID-73e7770d,2026-03-12 13:48:00,+886-903-887-076,"假投資,虛擬貨幣,高報酬",20,4206823,碩博士,1
UID-603e4803,2026-03-13 00:15:00,+886-903-888-082,"假投資,資金盤",8,1916806,50-69 中高齡,1
UID-678d32a9,2026-03-12 14:30:00,+886-901-433-032,"幽靈包裹,超商取貨",178,11677,大專院校,1
UID-0ab3f4c8,2026-03-12 11:52:00,+886-903-883-075,"假投資,資金盤",10,961488,上班族,1
UID-ef5a08aa,2026-03-13 03:41:00,+886-904-268-038,"網路交友,要求儲值,點數卡",15,12004,大專院校,1
UID-0d205125,2026-03-13 05:16:00,+886-904-346-017,"殺豬盤,平台無法出金",11,20594,碩博士,1
UID-2f032384,2026-03-12 20:32:00,+886-905-465-126,"交易糾紛,商品瑕疵",2,0,高中職以下,0
UID-da403c8b,2026-03-13 01:04:00,+886-901-366-036,"網路購物詐騙,解除分期付款",1096,3416,高中職以下,1
UID-36b1d38b,2026-03-13 06:37:00,+886-904-759-012,"網路交友,AI濾鏡假冒",26,113938,碩博士,1
UID-0be050bb,2026-03-12 15:23:00,+886-903-881-055,"假投資,虛擬貨幣,高報酬",16,1415479,碩博士,1
UID-bd72d3e7,2026-03-13 02:44:00,+886-901-749-044,"網路購物詐騙,假賣場",906,40933,大專院校,1
UID-69699dfb,2026-03-12 16:50:00,+886-902-190-153,"假檢警,監管帳戶",2,5329131,70+ 長者,1
UID-f518dc4b,2026-03-12 20:23:00,+886-905-891-532,"一般客訴,服務態度",2,15000,上班族,0
UID-cccb8d58,2026-03-12 18:38:00,+886-905-542-809,"交易糾紛,商品瑕疵",1,3000,學生,0
UID-a3ef48f2,2026-03-12 15:14:00,+886-903-889-061,"假投資,資金盤",9,4450651,上班族,1
UID-6a229226,2026-03-12 10:19:00,+886-901-936-047,"網路購物詐騙,假賣場",193,16230,學生,1
UID-41c709f6,2026-03-13 05:05:00,+886-904-791-056,"網路交友,AI濾鏡假冒",23,99488,學生,1
UID-bbc344a8,2026-03-13 07:51:00,+886-905-899-844,"一般客訴,服務態度",1,15000,碩博士,0
UID-708fdb8f,2026-03-12 21:53:00,+886-902-148-835,"假扣押財產,面交黃金白銀",1,4326050,70+ 長者,1
UID-7a2e056b,2026-03-12 19:24:00,+886-902-163-613,"假扣押財產,面交黃金白銀",2,5906596,70+ 長者,1
UID-90567dd5,2026-03-12 20:42:00,+886-905-465-172,"正常投資諮詢,理財規劃",1,3000,70+ 長者,0
UID-50e19ec6,2026-03-12 20:20:00,+886-902-131-789,"假檢警,監管帳戶",2,7735603,70+ 長者,1
UID-bff3da1f,2026-03-13 04:47:00,+886-905-604-674,"交易糾紛,商品瑕疵",1,3000,上班族,0
UID-4bf190b4,2026-03-13 00:46:00,+886-902-194-879,"假扣押財產,面交黃金白銀",1,2307475,50-69 中高齡,1
UID-0713d936,2026-03-12 16:20:00,+886-903-886-042,"假投資,資金盤",17,758004,50-69 中高齡,1
UID-c361fc80,2026-03-12 09:01:00,+886-901-326-029,"網路購物詐騙,假賣場",14538,42609,上班族,1
UID-24f28bfa,2026-03-12 14:39:00,+886-905-327-134,"債務不履行,退款延遲",1,15000,70+ 長者,0
UID-4c20bcf3,2026-03-13 03:37:00,+886-905-530-986,"債務不履行,退款延遲",1,3000,大專院校,0
UID-1af7788e,2026-03-13 06:55:00,+886-902-152-497,"假員警,偵查不公開",1,1968566,70+ 長者,1
UID-f748edd8,2026-03-13 03:32:00,+886-903-885-035,"假投資,資金盤",20,947233,50-69 中高齡,1
UID-04b79c28,2026-03-12 21:33:00,+886-901-646-028,"網路購物詐騙,解除分期付款",182,5256,高中職以下,1
UID-04c5dc15,2026-03-12 20:59:00,+886-903-883-072,"假投資,保證獲利",10,3700866,上班族,1
UID-7bd27921,2026-03-13 04:01:00,+886-901-562-015,"幽靈包裹,超商取貨",169,37191,大專院校,1
UID-558f8973,2026-03-12 09:26:00,+886-904-718-067,"網路交友,AI濾鏡假冒",2,116521,學生,1
UID-05c1fd62,2026-03-12 20:06:00,+886-901-977-030,"網路購物詐騙,假賣場",494,42496,大專院校,1
UID-a12845f7,2026-03-12 14:48:00,+886-905-595-145,"正常投資諮詢,理財規劃",2,15000,高中職以下,0
UID-32c264a8,2026-03-12 18:42:00,+886-902-106-853,"假扣押財產,面交黃金白銀",2,3280614,70+ 長者,1
UID-207f6e7a,2026-03-13 01:33:00,+886-901-744-001,"幽靈包裹,超商取貨",159,5448,高中職以下,1
UID-82f04c28,2026-03-12 10:40:00,+886-903-883-072,"假投資,內線交易,VIP通道",11,2494923,50-69 中高齡,1
UID-fb4731d0,2026-03-12 13:22:00,+886-901-291-045,"幽靈包裹,超商取貨",165,16456,大專院校,1
UID-b7018863,2026-03-13 06:02:00,+886-901-865-010,"網路購物詐騙,解除分期付款",161,33943,上班族,1
UID-b9543ce2,2026-03-12 19:39:00,+886-902-115-519,"假員警,偵查不公開",2,7994482,70+ 長者,1
UID-b88748a3,2026-03-12 19:53:00,+886-905-334-703,"正常投資諮詢,理財規劃",2,15000,碩博士,0
UID-3ea547c9,2026-03-13 05:49:00,+886-905-958-307,"債務不履行,退款延遲",1,15000,高中職以下,0
UID-4a67fa28,2026-03-12 23:00:00,+886-904-802-002,"殺豬盤,平台無法出金",23,65704,碩博士,1
UID-adbb6c54,2026-03-12 16:10:00,+886-905-108-557,"司法文書送達,正常公務",1,0,高中職以下,0
UID-56724c93,2026-03-13 03:43:00,+886-905-335-346,"正常投資諮詢,理財規劃",2,15000,高中職以下,0
UID-52d20bca,2026-03-13 08:27:00,+886-904-164-041,"Threads廣告,假兼職",22,10825,大專院校,1
UID-97984459,2026-03-12 22:59:00,+886-901-985-046,"網路購物詐騙,解除分期付款",176,4019,高中職以下,1
UID-9744667b,2026-03-12 23:26:00,+886-905-467-676,"交易糾紛,商品瑕疵",2,0,大專院校,0
UID-df9f172f,2026-03-13 08:46:00,+886-903-886-093,"假投資,資金盤",18,3045470,50-69 中高齡,1
UID-5a0c6169,2026-03-12 18:42:00,+886-901-406-031,"網路購物詐騙,ATM操作",168,26891,學生,1
UID-9dd344d5,2026-03-13 07:38:00,+886-904-387-013,"殺豬盤,平台無法出金",30,102614,學生,1
UID-1d26eefe,2026-03-13 06:28:00,+886-902-186-613,"假檢警,監管帳戶",1,6329207,50-69 中高齡,1
UID-bd323365,2026-03-13 01:57:00,+886-904-258-094,"網路交友,AI濾鏡假冒",16,107115,大專院校,1
UID-6447bbc9,2026-03-12 11:30:00,+886-901-858-046,"網路購物詐騙,解除分期付款",1655,26475,高中職以下,1
UID-52c0865b,2026-03-12 14:38:00,+886-903-881-060,"假投資,保證獲利",16,4292268,上班族,1
UID-45cc5ec4,2026-03-13 06:40:00,+886-901-948-013,"幽靈包裹,超商取貨",190,21527,大專院校,1
UID-5eaf2cbf,2026-03-12 21:46:00,+886-905-293-409,"一般客訴,服務態度",2,15000,大專院校,0
UID-2de47c90,2026-03-13 06:04:00,+886-903-885-028,"假投資,資金盤",20,554938,50-69 中高齡,1
UID-854ac695,2026-03-12 17:55:00,+886-901-629-015,"網路購物詐騙,假賣場",164,31252,高中職以下,1
UID-a8987582,2026-03-12 09:11:00,+886-903-883-070,"假投資,資金盤",11,916154,上班族,1
UID-78efbd81,2026-03-12 22:55:00,+886-903-887-028,"假投資,虛擬貨幣,高報酬",12,2697914,上班族,1
UID-3a4f76f6,2026-03-12 13:53:00,+886-905-473-812,"司法文書送達,正常公務",2,0,高中職以下,0
UID-3cee9771,2026-03-13 08:36:00,+886-905-858-751,"債務不履行,退款延遲",1,15000,碩博士,0
UID-cf6856ab,2026-03-12 17:30:00,+886-903-881-078,"假投資,保證獲利",17,4022662,50-69 中高齡,1
UID-d6fe84f3,2026-03-12 20:42:00,+886-903-885-076,"假投資,保證獲利",19,540205,大專院校,1
UID-a7a099fc,2026-03-12 18:00:00,+886-901-646-018,"網路購物詐騙,解除分期付款",216,38647,學生,1
UID-ee1ebbca,2026-03-12 10:22:00,+886-903-886-020,"假投資,內線交易,VIP通道",6,4310006,上班族,1
UID-43908eed,2026-03-12 13:00:00,+886-903-882-023,"假投資,資金盤",6,4729573,上班族,1
UID-af2b4932,2026-03-12 19:18:00,+886-901-673-005,"網路購物詐騙,解除分期付款",194,41311,大專院校,1
UID-8f5b43d3,2026-03-13 01:35:00,+886-904-493-051,"網路交友,AI濾鏡假冒",29,22590,碩博士,1
UID-e00500f1,2026-03-12 22:39:00,+886-902-128-766,"假員警,偵查不公開",2,3687502,70+ 長者,1
UID-f6ccdbf2,2026-03-12 20:57:00,+886-901-104-033,"網路購物詐騙,ATM操作",173,2060,大專院校,1
UID-e461c42e,2026-03-13 05:29:00,+886-901-307-029,"幽靈包裹,超商取貨",195,43014,學生,1
UID-aac618bd,2026-03-12 23:40:00,+886-903-885-071,"假投資,保證獲利",19,224108,上班族,1
UID-6be63ee8,2026-03-13 05:57:00,+886-905-894-470,"司法文書送達,正常公務",2,0,高中職以下,0
UID-bff3fa49,2026-03-13 05:17:00,+886-904-888-006,"Threads廣告,假兼職",4,124022,上班族,1
UID-dff65430,2026-03-12 20:34:00,+886-905-864-829,"正常投資諮詢,理財規劃",1,0,大專院校,0
UID-034d0ca7,2026-03-12 17:42:00,+886-903-889-034,"假投資,虛擬貨幣,高報酬",16,2205829,50-69 中高齡,1
UID-81e80b5a,2026-03-12 15:03:00,+886-903-880-053,"假投資,保證獲利",20,2252644,50-69 中高齡,1
UID-f83ec29a,2026-03-13 01:03:00,+886-905-820-943,"債務不履行,退款延遲",1,500,50-69 中高齡,0
UID-706b9c6c,2026-03-12 21:40:00,+886-903-883-028,"假投資,內線交易,VIP通道",11,4404410,碩博士,1
UID-85bdf923,2026-03-12 20:12:00,+886-904-670-037,"殺豬盤,平台無法出金",21,113992,學生,1
UID-8f9d391f,2026-03-13 00:37:00,+886-902-199-109,"假扣押財產,面交黃金白銀",3,6527966,70+ 長者,1
UID-8af4fda7,2026-03-12 16:27:00,+886-901-516-045,"網路購物詐騙,解除分期付款",179,15062,學生,1
UID-c1dfe370,2026-03-13 02:31:00,+886-902-106-768,"假檢警,監管帳戶",1,3960662,50-69 中高齡,1
UID-e2a58cf4,2026-03-13 02:51:00,+886-903-885-053,"假投資,保證獲利",17,1433906,上班族,1
UID-67a9deed,2026-03-12 23:50:00,+886-903-886-009,"假投資,內線交易,VIP通道",6,1366097,50-69 中高齡,1
UID-d5502bdd,2026-03-12 10:46:00,+886-902-100-785,"假冒郵局,普發現金冒領",3,2066725,50-69 中高齡,1
UID-0452457d,2026-03-12 10:57:00,+886-902-149-826,"假扣押財產,面交黃金白銀",2,7455568,50-69 中高齡,1
UID-f932618f,2026-03-13 03:06:00,+886-903-882-077,"假投資,內線交易,VIP通道",8,2042351,50-69 中高齡,1
UID-3c2734ad,2026-03-12 21:51:00,+886-903-887-059,"假投資,虛擬貨幣,高報酬",20,878172,上班族,1
UID-663de81d,2026-03-13 03:20:00,+886-901-407-019,"網路購物詐騙,解除分期付款",219,34734,大專院校,1
UID-a1b6d41b,2026-03-12 18:56:00,+886-903-881-062,"假投資,內線交易,VIP通道",14,2724401,50-69 中高齡,1
UID-5fd24746,2026-03-12 16:46:00,+886-901-407-050,"幽靈包裹,超商取貨",349,22288,上班族,1
UID-6a2bb167,2026-03-12 15:43:00,+886-903-881-061,"假投資,保證獲利",8,698307,碩博士,1
UID-adb9de55,2026-03-12 13:47:00,+886-903-885-073,"假投資,內線交易,VIP通道",6,1786952,碩博士,1
UID-bf635be0,2026-03-12 23:12:00,+886-904-997-051,"Threads廣告,假兼職",8,2602,上班族,1
UID-1929a282,2026-03-13 00:37:00,+886-903-880-072,"假投資,內線交易,VIP通道",5,509033,上班族,1
UID-54613d8e,2026-03-13 08:11:00,+886-905-136-954,"一般客訴,服務態度",1,3000,高中職以下,0
UID-c617dc25,2026-03-12 13:34:00,+886-905-879-107,"債務不履行,退款延遲",2,15000,碩博士,0
UID-ec63f1cf,2026-03-12 09:50:00,+886-903-880-021,"假投資,保證獲利",12,1041958,大專院校,1
UID-05d9701d,2026-03-12 17:59:00,+886-902-171-467,"假冒郵局,普發現金冒領",3,5941920,碩博士,1
UID-93cf8424,2026-03-12 09:01:00,+886-999-999-999,"機器人測試,惡意灌水",11473,0,未知,0
UID-dcbb8d13,2026-03-12 17:39:00,+886-905-893-979,"交易糾紛,商品瑕疵",2,15000,高中職以下,0
UID-639983f1,2026-03-12 09:02:00,+886-905-449-192,"正常投資諮詢,理財規劃",1,0,大專院校,0
UID-c4992328,2026-03-13 02:39:00,+886-902-118-461,"假員警,偵查不公開",3,6573183,70+ 長者,1
UID-30b83dd6,2026-03-13 05:01:00,+886-905-837-992,"債務不履行,退款延遲",2,3000,大專院校,0
UID-e5464cbb,2026-03-12 23:56:00,+886-901-900-046,"網路購物詐騙,假賣場",159,30217,大專院校,1
UID-1d56ebe8,2026-03-12 10:10:00,+886-903-886-098,"假投資,資金盤",11,2683597,碩博士,1
UID-ee951810,2026-03-12 17:19:00,+886-905-150-866,"交易糾紛,商品瑕疵",2,15000,學生,0
UID-6cf067b5,2026-03-12 23:51:00,+886-905-476-183,"交易糾紛,商品瑕疵",1,500,高中職以下,0
UID-1deb3c7b,2026-03-12 22:50:00,+886-903-880-034,"假投資,資金盤",16,1639619,上班族,1
UID-d6ab722d,2026-03-13 06:31:00,+886-903-882-051,"假投資,資金盤",17,4536353,上班族,1
UID-e53dc96a,2026-03-13 03:34:00,+886-905-481-211,"司法文書送達,正常公務",1,3000,大專院校,0
UID-58b467cf,2026-03-12 14:45:00,+886-903-887-043,"假投資,資金盤",11,4668874,50-69 中高齡,1
UID-61ede6dc,2026-03-12 09:18:00,+886-903-880-079,"假投資,虛擬貨幣,高報酬",11,914922,上班族,1
UID-7a4365da,2026-03-13 01:40:00,+886-905-145-820,"交易糾紛,商品瑕疵",1,15000,高中職以下,0
UID-de02a134,2026-03-13 00:51:00,+886-903-883-071,"假投資,內線交易,VIP通道",19,4479594,碩博士,1
UID-91d785d5,2026-03-12 19:02:00,+886-902-193-460,"假扣押財產,面交黃金白銀",2,7178263,50-69 中高齡,1
UID-7144e64d,2026-03-12 09:42:00,+886-901-155-002,"幽靈包裹,超商取貨",222,31699,高中職以下,1
UID-4d764cb5,2026-03-12 22:42:00,+886-905-556-226,"一般客訴,服務態度",2,0,學生,0
UID-801e46e2,2026-03-13 05:52:00,+886-904-840-003,"Threads廣告,假兼職",17,87011,大專院校,1
UID-d47900fd,2026-03-12 16:20:00,+886-901-744-038,"網路購物詐騙,假賣場",198,42882,學生,1
UID-8ae54394,2026-03-12 22:41:00,+886-903-887-061,"假投資,保證獲利",13,3968091,碩博士,1
UID-10c195c5,2026-03-13 05:29:00,+886-905-600-844,"債務不履行,退款延遲",2,15000,學生,0
UID-1ab05a25,2026-03-13 06:37:00,+886-905-201-765,"正常投資諮詢,理財規劃",2,500,上班族,0
UID-8f9d36a3,2026-03-12 21:55:00,+886-903-887-069,"假投資,虛擬貨幣,高報酬",9,4503366,50-69 中高齡,1
UID-f0513472,2026-03-12 17:24:00,+886-903-887-002,"假投資,資金盤",14,657793,上班族,1
UID-def5a222,2026-03-13 05:49:00,+886-902-150-740,"假扣押財產,面交黃金白銀",2,1868161,50-69 中高齡,1
UID-c353203f,2026-03-12 15:40:00,+886-905-333-262,"司法文書送達,正常公務",1,3000,碩博士,0
UID-99f70495,2026-03-12 22:27:00,+886-903-880-083,"假投資,保證獲利",16,3391117,上班族,1
UID-af7bf442,2026-03-12 23:45:00,+886-901-120-002,"網路購物詐騙,ATM操作",218,3411,高中職以下,1
UID-5438358c,2026-03-12 18:49:00,+886-904-114-062,"網路交友,AI濾鏡假冒",12,19760,學生,1
UID-0c051b8d,2026-03-12 21:01:00,+886-903-886-042,"假投資,資金盤",14,2881715,碩博士,1
UID-8163540e,2026-03-13 09:00:00,+886-903-881-006,"假投資,保證獲利",12,1385338,上班族,1
UID-bf7967b1,2026-03-12 18:21:00,+886-902-170-512,"假扣押財產,面交黃金白銀",3,975846,70+ 長者,1
UID-eb575360,2026-03-12 21:53:00,+886-901-971-044,"網路購物詐騙,假賣場",223,42946,學生,1
UID-bfb1b59f,2026-03-12 09:05:00,+886-999-999-999,"機器人測試,惡意灌水",11829,0,未知,0
UID-456c463b,2026-03-12 10:54:00,+886-905-492-213,"司法文書送達,正常公務",1,500,70+ 長者,0
UID-d93b5dd0,2026-03-13 03:52:00,+886-905-157-898,"正常投資諮詢,理財規劃",2,3000,50-69 中高齡,0
UID-87e25bae,2026-03-12 14:06:00,+886-905-586-686,"正常投資諮詢,理財規劃",2,0,上班族,0
UID-44a6e72f,2026-03-13 07:47:00,+886-901-537-032,"網路購物詐騙,ATM操作",167,1503,大專院校,1
UID-7e8e9e65,2026-03-12 22:04:00,+886-904-505-033,"Threads廣告,假兼職",29,117631,上班族,1
UID-39252b73,2026-03-12 17:20:00,+886-903-886-095,"假投資,資金盤",20,2176678,上班族,1
UID-89f21364,2026-03-13 07:54:00,+886-903-888-019,"假投資,保證獲利",5,2289532,碩博士,1
UID-9ed201ef,2026-03-13 01:21:00,+886-905-451-994,"司法文書送達,正常公務",1,3000,學生,0
UID-c9bb6a65,2026-03-13 03:19:00,+886-904-897-068,"Threads廣告,假兼職",27,18115,學生,1
UID-0468972b,2026-03-13 02:01:00,+886-902-118-125,"假檢警,監管帳戶",3,5368672,70+ 長者,1
UID-05fe8c18,2026-03-13 02:31:00,+886-901-690-048,"網路購物詐騙,ATM操作",189,30783,學生,1
UID-2f3cc1bc,2026-03-13 00:50:00,+886-905-797-454,"司法文書送達,正常公務",2,15000,碩博士,0
UID-a55ead5b,2026-03-12 11:33:00,+886-902-181-226,"假員警,偵查不公開",1,1505825,50-69 中高齡,1
UID-2f242358,2026-03-12 23:44:00,+886-903-882-057,"假投資,虛擬貨幣,高報酬",10,1074141,上班族,1
UID-a2cb0451,2026-03-12 11:21:00,+886-904-839-063,"網路交友,要求儲值,點數卡",23,37853,碩博士,1
UID-549179f4,2026-03-12 23:19:00,+886-903-884-054,"假投資,資金盤",5,2886873,碩博士,1
UID-73b91904,2026-03-12 10:25:00,+886-901-171-017,"網路購物詐騙,ATM操作",970,42591,高中職以下,1
UID-5fc268e1,2026-03-12 21:04:00,+886-903-887-019,"假投資,內線交易,VIP通道",18,181248,碩博士,1
UID-81f6607e,2026-03-12 10:26:00,+886-902-104-859,"假檢警,監管帳戶",1,780909,70+ 長者,1
UID-321ceaa3,2026-03-12 19:16:00,+886-903-884-061,"假投資,內線交易,VIP通道",20,2399303,碩博士,1
UID-af72b342,2026-03-13 05:01:00,+886-903-889-010,"假投資,保證獲利",18,4016732,50-69 中高齡,1
UID-be561fda,2026-03-12 17:12:00,+886-904-889-054,"網路交友,要求儲值,點數卡",21,73644,學生,1
UID-235e2353,2026-03-13 02:56:00,+886-905-891-549,"正常投資諮詢,理財規劃",2,15000,碩博士,0
UID-9c853219,2026-03-12 09:07:00,+886-901-389-016,"網路購物詐騙,假賣場",970,21844,學生,1
UID-e0d49bd4,2026-03-13 02:38:00,+886-905-361-686,"一般客訴,服務態度",1,500,碩博士,0
UID-6efb3d25,2026-03-12 21:53:00,+886-902-138-659,"假冒郵局,普發現金冒領",3,5513070,50-69 中高齡,1
UID-8693f984,2026-03-13 02:27:00,+886-903-883-096,"假投資,資金盤",16,4054775,碩博士,1
UID-1c812527,2026-03-12 16:22:00,+886-905-958-405,"交易糾紛,商品瑕疵",2,3000,50-69 中高齡,0
UID-c0edd003,2026-03-13 02:04:00,+886-904-861-023,"Threads廣告,假兼職",25,5312,學生,1
UID-482dde71,2026-03-12 15:42:00,+886-903-883-038,"假投資,資金盤",6,458415,碩博士,1
UID-9f9f2478,2026-03-12 10:05:00,+886-902-175-491,"假扣押財產,面交黃金白銀",1,3420524,70+ 長者,1
UID-6a05811e,2026-03-13 08:54:00,+886-902-181-332,"假員警,偵查不公開",3,1261185,70+ 長者,1
UID-eafc6487,2026-03-12 16:35:00,+886-905-451-902,"一般客訴,服務態度",2,500,50-69 中高齡,0
UID-786d4ac3,2026-03-12 18:53:00,+886-902-137-943,"假冒郵局,普發現金冒領",2,4616503,70+ 長者,1
UID-3ca37a9d,2026-03-13 08:40:00,+886-903-887-063,"假投資,內線交易,VIP通道",15,2618980,上班族,1
UID-ad3cf7fd,2026-03-13 04:54:00,+886-904-748-060,"殺豬盤,平台無法出金",2,7483,大專院校,1
UID-490ddfe6,2026-03-12 17:14:00,+886-902-129-872,"假檢警,監管帳戶",1,2602302,70+ 長者,1
UID-08899c19,2026-03-12 11:44:00,+886-903-882-087,"假投資,資金盤",17,1481055,50-69 中高齡,1
UID-e761e604,2026-03-12 09:49:00,+886-904-671-059,"網路交友,要求儲值,點數卡",17,34887,上班族,1
UID-7030d50b,2026-03-12 15:55:00,+886-904-354-018,"網路交友,AI濾鏡假冒",10,51490,學生,1
UID-901b0b99,2026-03-13 03:51:00,+886-901-214-049,"幽靈包裹,超商取貨",544,33290,上班族,1
UID-9286d05f,2026-03-12 17:05:00,+886-902-173-666,"假員警,偵查不公開",3,3131937,70+ 長者,1
UID-ebf83d12,2026-03-13 02:39:00,+886-903-882-035,"假投資,內線交易,VIP通道",18,2919001,50-69 中高齡,1
UID-b478c994,2026-03-12 09:11:00,+886-903-889-002,"假投資,資金盤",9,4002701,上班族,1
UID-d1fb8df7,2026-03-12 13:27:00,+886-901-503-014,"網路購物詐騙,假賣場",193,39252,大專院校,1
UID-9e5c83f8,2026-03-13 07:19:00,+886-905-860-344,"債務不履行,退款延遲",1,3000,70+ 長者,0
UID-11311355,2026-03-12 09:20:00,+886-901-238-028,"網路購物詐騙,ATM操作",157,27090,學生,1
UID-cec2c5ef,2026-03-13 01:03:00,+886-902-192-298,"假冒郵局,普發現金冒領",1,1675726,70+ 長者,1
UID-bbdc0cb9,2026-03-12 21:51:00,+886-901-668-011,"幽靈包裹,超商取貨",301,15970,上班族,1
UID-d52aec3b,2026-03-12 12:13:00,+886-904-893-020,"殺豬盤,平台無法出金",11,4884,學生,1
UID-692cd359,2026-03-12 20:39:00,+886-902-130-183,"假扣押財產,面交黃金白銀",3,6403852,70+ 長者,1
UID-ebd2347b,2026-03-13 02:27:00,+886-901-366-031,"網路購物詐騙,ATM操作",324,5112,大專院校,1
UID-fe529fb8,2026-03-12 14:45:00,+886-904-511-058,"殺豬盤,平台無法出金",7,38086,學生,1
UID-ae55cd4d,2026-03-12 21:35:00,+886-903-880-039,"假投資,資金盤",8,4763210,碩博士,1
UID-04f5f755,2026-03-12 12:45:00,+886-901-304-030,"網路購物詐騙,解除分期付款",383,42557,大專院校,1
UID-6243e73b,2026-03-12 16:42:00,+886-904-654-082,"殺豬盤,平台無法出金",29,25644,上班族,1
UID-e212b538,2026-03-12 20:33:00,+886-903-883-077,"假投資,資金盤",15,3121219,50-69 中高齡,1
UID-6a131f89,2026-03-13 08:29:00,+886-901-811-017,"幽靈包裹,超商取貨",227,21134,學生,1
UID-319d22f5,2026-03-13 04:22:00,+886-905-191-609,"司法文書送達,正常公務",1,15000,學生,0
UID-888e7cf8,2026-03-12 21:04:00,+886-903-886-014,"假投資,內線交易,VIP通道",7,458423,上班族,1
UID-6b32f35d,2026-03-12 10:56:00,+886-902-171-176,"假扣押財產,面交黃金白銀",2,2079284,50-69 中高齡,1
UID-6716db43,2026-03-12 22:32:00,+886-904-304-099,"Threads廣告,假兼職",18,39466,學生,1
UID-c58f6cd2,2026-03-12 10:16:00,+886-901-949-014,"網路購物詐騙,解除分期付款",175,28489,大專院校,1
UID-ca772bca,2026-03-12 23:19:00,+886-905-786-786,"交易糾紛,商品瑕疵",2,15000,學生,0
UID-ee3726ba,2026-03-12 18:03:00,+886-903-888-035,"假投資,虛擬貨幣,高報酬",7,4877380,碩博士,1
UID-8c682443,2026-03-13 03:03:00,+886-902-124-937,"假扣押財產,面交黃金白銀",1,1998602,70+ 長者,1
UID-84c5e7b9,2026-03-13 00:20:00,+886-901-416-007,"網路購物詐騙,ATM操作",496,5643,高中職以下,1
UID-984b13c5,2026-03-12 12:54:00,+886-902-101-105,"假扣押財產,面交黃金白銀",2,3900382,50-69 中高齡,1
UID-a3a2d0c2,2026-03-12 20:35:00,+886-905-886-583,"債務不履行,退款延遲",2,0,學生,0
UID-cc55e970,2026-03-12 16:43:00,+886-905-894-461,"債務不履行,退款延遲",1,15000,50-69 中高齡,0
UID-5735d449,2026-03-12 22:08:00,+886-903-883-042,"假投資,內線交易,VIP通道",9,3730365,上班族,1
UID-ea069521,2026-03-13 08:29:00,+886-903-887-004,"假投資,虛擬貨幣,高報酬",7,3221826,上班族,1
UID-25f9bde8,2026-03-12 22:06:00,+886-905-944-266,"交易糾紛,商品瑕疵",1,3000,碩博士,0
UID-d08d864e,2026-03-12 15:05:00,+886-905-694-898,"交易糾紛,商品瑕疵",1,15000,碩博士,0
UID-f6b124ca,2026-03-12 19:59:00,+886-902-104-251,"假冒郵局,普發現金冒領",2,3612066,50-69 中高齡,1
UID-414a4cf8,2026-03-13 03:00:00,+886-903-888-058,"假投資,資金盤",18,1069660,大專院校,1
UID-22133675,2026-03-12 19:38:00,+886-904-359-092,"殺豬盤,平台無法出金",6,130380,碩博士,1
UID-189a7976,2026-03-12 22:41:00,+886-903-886-005,"假投資,內線交易,VIP通道",19,4794548,大專院校,1
UID-6da1a54f,2026-03-12 19:23:00,+886-903-887-034,"假投資,內線交易,VIP通道",5,3925896,碩博士,1
UID-d880f260,2026-03-12 09:09:00,+886-999-999-999,"機器人測試,惡意灌水",8378,0,未知,0
UID-6c5bd00b,2026-03-12 17:38:00,+886-905-531-211,"債務不履行,退款延遲",1,500,高中職以下,0
UID-84a1555f,2026-03-12 20:22:00,+886-904-900-022,"殺豬盤,平台無法出金",9,54148,碩博士,1
UID-87251e96,2026-03-13 03:48:00,+886-903-882-066,"假投資,保證獲利",15,2869655,50-69 中高齡,1
UID-426590dc,2026-03-13 00:01:00,+886-904-273-064,"網路交友,AI濾鏡假冒",23,138932,大專院校,1
UID-703f87df,2026-03-12 09:42:00,+886-903-883-073,"假投資,虛擬貨幣,高報酬",10,3396991,碩博士,1
UID-8079a4ec,2026-03-12 17:41:00,+886-902-197-663,"假檢警,監管帳戶",1,7984477,碩博士,1
UID-1c9141da,2026-03-12 10:11:00,+886-903-883-095,"假投資,保證獲利",6,236533,大專院校,1
UID-807a2797,2026-03-13 03:06:00,+886-902-182-559,"假檢警,監管帳戶",2,1045414,50-69 中高齡,1
UID-d7ec3a0f,2026-03-12 22:50:00,+886-904-718-065,"殺豬盤,平台無法出金",22,44930,上班族,1
UID-266256e6,2026-03-12 14:24:00,+886-901-810-017,"幽靈包裹,超商取貨",258,21927,大專院校,1
UID-0cee198a,2026-03-12 22:54:00,+886-905-457-639,"一般客訴,服務態度",1,500,大專院校,0
UID-037842e1,2026-03-12 16:29:00,+886-901-680-029,"幽靈包裹,超商取貨",163,39753,大專院校,1
UID-aca20ffb,2026-03-12 11:54:00,+886-905-532-805,"一般客訴,服務態度",2,500,70+ 長者,0
UID-a79c7c6f,2026-03-12 12:46:00,+886-903-887-028,"假投資,內線交易,VIP通道",7,3238924,上班族,1
UID-d8a97bcd,2026-03-13 00:06:00,+886-905-547-966,"正常投資諮詢,理財規劃",1,15000,碩博士,0
UID-acc703d1,2026-03-13 02:01:00,+886-905-149-258,"司法文書送達,正常公務",1,0,學生,0
UID-0f3349db,2026-03-12 19:10:00,+886-904-387-044,"殺豬盤,平台無法出金",20,88051,上班族,1
UID-00ea8069,2026-03-12 20:28:00,+886-904-881-087,"Threads廣告,假兼職",14,103134,碩博士,1
UID-9b846b67,2026-03-12 23:41:00,+886-904-441-028,"殺豬盤,平台無法出金",6,83698,學生,1
UID-4feceb1d,2026-03-12 09:38:00,+886-901-456-046,"網路購物詐騙,假賣場",198,3945,學生,1
UID-11f2ac59,2026-03-12 21:56:00,+886-901-673-013,"網路購物詐騙,ATM操作",230,42304,上班族,1
UID-d20324f2,2026-03-12 19:50:00,+886-905-661-423,"一般客訴,服務態度",2,500,上班族,0
UID-81df72de,2026-03-12 18:47:00,+886-902-169-582,"假員警,偵查不公開",3,602298,50-69 中高齡,1
UID-7b2fa68e,2026-03-12 09:57:00,+886-902-159-602,"假員警,偵查不公開",3,3402870,70+ 長者,1
UID-ae0e797c,2026-03-13 07:42:00,+886-903-888-006,"假投資,虛擬貨幣,高報酬",5,3774981,50-69 中高齡,1
UID-6af968bb,2026-03-12 12:27:00,+886-903-887-012,"假投資,保證獲利",14,2575178,上班族,1
UID-7428c71a,2026-03-12 21:55:00,+886-904-486-080,"Threads廣告,假兼職",14,121633,碩博士,1
UID-63688fb0,2026-03-12 09:59:00,+886-905-168-461,"正常投資諮詢,理財規劃",2,500,50-69 中高齡,0
UID-dde1938f,2026-03-12 09:44:00,+886-904-186-063,"殺豬盤,平台無法出金",14,146979,學生,1
UID-df5124bf,2026-03-12 11:49:00,+886-905-649-199,"司法文書送達,正常公務",1,15000,學生,0
UID-1d4fc880,2026-03-12 12:27:00,+886-903-884-068,"假投資,資金盤",14,2602797,碩博士,1
UID-2f0b71a9,2026-03-13 08:46:00,+886-903-884-052,"假投資,保證獲利",13,3219132,碩博士,1
UID-1eec0264,2026-03-12 21:14:00,+886-901-390-010,"網路購物詐騙,假賣場",403,44256,高中職以下,1
UID-9634551c,2026-03-12 11:33:00,+886-904-414-036,"網路交友,要求儲值,點數卡",5,33745,學生,1
UID-5a99f9e2,2026-03-13 03:42:00,+886-903-880-070,"假投資,資金盤",9,533147,上班族,1
UID-c7cf3a5d,2026-03-13 08:10:00,+886-902-104-720,"假冒郵局,普發現金冒領",3,547381,50-69 中高齡,1
UID-6c6158af,2026-03-13 05:52:00,+886-903-883-003,"假投資,虛擬貨幣,高報酬",11,326543,50-69 中高齡,1
UID-2cf7de1b,2026-03-12 14:09:00,+886-901-435-035,"網路購物詐騙,假賣場",165,25513,學生,1
UID-2251031b,2026-03-12 13:31:00,+886-903-881-043,"假投資,內線交易,VIP通道",14,3208252,大專院校,1
UID-a3c32719,2026-03-12 17:59:00,+886-904-561-041,"殺豬盤,平台無法出金",13,110535,碩博士,1
UID-c934fc54,2026-03-12 19:12:00,+886-905-324-785,"正常投資諮詢,理財規劃",1,500,高中職以下,0
UID-dae63a5d,2026-03-12 11:25:00,+886-904-654-071,"Threads廣告,假兼職",12,56696,學生,1
UID-9d455932,2026-03-12 09:54:00,+886-902-192-709,"假員警,偵查不公開",1,4192013,70+ 長者,1
UID-6a970f00,2026-03-13 06:28:00,+886-905-501-423,"交易糾紛,商品瑕疵",2,0,大專院校,0
UID-dec7504e,2026-03-12 11:18:00,+886-903-881-071,"假投資,資金盤",8,3419763,碩博士,1
UID-a7d5dc86,2026-03-12 13:56:00,+886-903-887-081,"假投資,保證獲利",15,204588,上班族,1
UID-cc35c57f,2026-03-13 00:56:00,+886-901-208-037,"網路購物詐騙,假賣場",160,37149,高中職以下,1
UID-a1eafb44,2026-03-12 15:59:00,+886-901-582-013,"網路購物詐騙,ATM操作",164,10342,大專院校,1
UID-6c3b2e9b,2026-03-12 09:42:00,+886-905-388-464,"交易糾紛,商品瑕疵",1,500,碩博士,0
UID-812469fc,2026-03-13 04:34:00,+886-905-225-801,"一般客訴,服務態度",2,15000,70+ 長者,0
UID-612326aa,2026-03-12 18:50:00,+886-904-699-011,"殺豬盤,平台無法出金",24,30019,碩博士,1
UID-59d86e8b,2026-03-13 03:48:00,+886-901-610-045,"網路購物詐騙,假賣場",171,31867,上班族,1
UID-8f577e34,2026-03-13 08:27:00,+886-901-586-011,"網路購物詐騙,解除分期付款",1372,12481,高中職以下,1
UID-c8c75bd2,2026-03-12 09:55:00,+886-904-868-004,"殺豬盤,平台無法出金",16,26675,學生,1
UID-25b33de6,2026-03-12 21:04:00,+886-902-136-988,"假員警,偵查不公開",2,6898904,70+ 長者,1
UID-9cd7c197,2026-03-12 18:36:00,+886-904-235-011,"網路交友,AI濾鏡假冒",29,122130,學生,1
UID-42633fb2,2026-03-13 06:21:00,+886-903-884-005,"假投資,資金盤",13,4963834,上班族,1
UID-eeb6d682,2026-03-13 03:55:00,+886-903-880-007,"假投資,虛擬貨幣,高報酬",5,1876695,碩博士,1
UID-29277496,2026-03-12 10:08:00,+886-904-228-003,"網路交友,要求儲值,點數卡",28,142807,上班族,1
UID-e54d174b,2026-03-12 22:23:00,+886-901-394-034,"幽靈包裹,超商取貨",201,39811,學生,1
UID-a40662b3,2026-03-13 03:52:00,+886-904-184-027,"網路交友,AI濾鏡假冒",27,83324,上班族,1
UID-73499d6b,2026-03-12 18:13:00,+886-902-200-216,"假冒郵局,普發現金冒領",3,3155463,70+ 長者,1
UID-6b075588,2026-03-13 00:42:00,+886-901-227-031,"幽靈包裹,超商取貨",231,27756,高中職以下,1
UID-346a7a8c,2026-03-13 01:10:00,+886-904-753-018,"網路交友,要求儲值,點數卡",30,52980,學生,1
UID-64bfdbf1,2026-03-13 01:17:00,+886-901-160-026,"網路購物詐騙,假賣場",234,37161,大專院校,1
UID-ee8352da,2026-03-13 06:00:00,+886-904-859-061,"Threads廣告,假兼職",19,23140,碩博士,1
UID-29eb4a48,2026-03-12 19:13:00,+886-905-467-545,"司法文書送達,正常公務",1,500,上班族,0
UID-3463a1aa,2026-03-13 07:03:00,+886-905-276-836,"司法文書送達,正常公務",1,500,上班族,0
UID-115ded5c,2026-03-13 02:43:00,+886-902-104-418,"假檢警,監管帳戶",1,656677,70+ 長者,1
UID-ff708298,2026-03-13 00:50:00,+886-905-694-333,"債務不履行,退款延遲",2,15000,高中職以下,0
UID-1f22f41b,2026-03-13 03:47:00,+886-905-707-121,"正常投資諮詢,理財規劃",1,3000,碩博士,0
UID-49cee20d,2026-03-12 11:47:00,+886-905-213-530,"債務不履行,退款延遲",1,0,50-69 中高齡,0
UID-a568b0da,2026-03-12 17:38:00,+886-904-134-099,"網路交友,AI濾鏡假冒",12,132962,大專院校,1
UID-d3887167,2026-03-13 01:55:00,+886-905-327-396,"債務不履行,退款延遲",2,0,學生,0
UID-9eb398d5,2026-03-13 04:44:00,+886-902-171-660,"假扣押財產,面交黃金白銀",2,3152592,50-69 中高齡,1
UID-074131ea,2026-03-12 14:55:00,+886-905-510-278,"交易糾紛,商品瑕疵",2,15000,碩博士,0
UID-ddb13982,2026-03-12 15:02:00,+886-905-114-477,"正常投資諮詢,理財規劃",1,15000,上班族,0
UID-efb375b3,2026-03-13 02:39:00,+886-903-889-098,"假投資,資金盤",17,2488843,碩博士,1
UID-4b3af9a8,2026-03-12 10:45:00,+886-901-621-044,"網路購物詐騙,解除分期付款",435,18728,高中職以下,1
UID-470a43de,2026-03-13 01:38:00,+886-903-882-094,"假投資,內線交易,VIP通道",15,680241,碩博士,1
UID-64f4d081,2026-03-12 09:01:00,+886-904-271-069,"網路交友,要求儲值,點數卡",13,71872,上班族,1
UID-657a86cf,2026-03-12 22:35:00,+886-903-883-088,"假投資,內線交易,VIP通道",7,2882450,50-69 中高齡,1
UID-08b2bada,2026-03-13 08:59:00,+886-903-882-030,"假投資,保證獲利",8,1822320,50-69 中高齡,1
UID-371fa96d,2026-03-12 16:21:00,+886-905-251-593,"正常投資諮詢,理財規劃",1,0,高中職以下,0
UID-483bed92,2026-03-12 09:40:00,+886-903-886-019,"假投資,虛擬貨幣,高報酬",8,2351845,50-69 中高齡,1
UID-ee3d771b,2026-03-12 19:30:00,+886-904-184-001,"網路交友,要求儲值,點數卡",20,86397,碩博士,1
UID-e4e5e9c2,2026-03-12 14:54:00,+886-902-149-765,"假員警,偵查不公開",1,7628370,70+ 長者,1
UID-91ce05e3,2026-03-12 14:26:00,+886-903-883-035,"假投資,內線交易,VIP通道",18,3153567,碩博士,1
UID-838beb11,2026-03-13 06:39:00,+886-902-181-662,"假扣押財產,面交黃金白銀",1,1990478,50-69 中高齡,1
UID-7f915534,2026-03-12 13:14:00,+886-905-841-930,"正常投資諮詢,理財規劃",1,0,上班族,0
UID-eb36289f,2026-03-12 16:10:00,+886-901-431-012,"網路購物詐騙,假賣場",200,15000,高中職以下,1
UID-2735e88f,2026-03-12 16:43:00,+886-904-876-053,"殺豬盤,平台無法出金",21,33304,學生,1
UID-778b3369,2026-03-12 17:58:00,+886-905-194-847,"司法文書送達,正常公務",1,500,70+ 長者,0
UID-2f2419f3,2026-03-13 07:10:00,+886-904-102-048,"Threads廣告,假兼職",28,65387,學生,1
UID-36c2a853,2026-03-12 21:51:00,+886-905-303-610,"司法文書送達,正常公務",1,3000,大專院校,0
UID-c452aeb0,2026-03-13 06:13:00,+886-905-738-972,"交易糾紛,商品瑕疵",2,3000,50-69 中高齡,0
UID-2e67867b,2026-03-13 00:05:00,+886-903-884-070,"假投資,資金盤",12,4401133,50-69 中高齡,1
UID-5fac0aab,2026-03-12 19:41:00,+886-902-163-459,"假檢警,監管帳戶",3,3058552,50-69 中高齡,1
UID-ac4a0dad,2026-03-12 10:54:00,+886-902-168-928,"假扣押財產,面交黃金白銀",2,4165416,50-69 中高齡,1
UID-05246ed0,2026-03-13 04:03:00,+886-903-880-073,"假投資,資金盤",17,4404261,50-69 中高齡,1
UID-df7ec807,2026-03-12 20:30:00,+886-905-390-193,"司法文書送達,正常公務",2,15000,碩博士,0
UID-79c64c4b,2026-03-13 05:49:00,+886-901-221-008,"網路購物詐騙,ATM操作",399,37169,學生,1
UID-621675c2,2026-03-12 13:28:00,+886-901-236-032,"網路購物詐騙,解除分期付款",166,21130,學生,1
UID-6709ffa3,2026-03-12 15:03:00,+886-905-837-929,"債務不履行,退款延遲",1,500,學生,0
UID-3dc12fc0,2026-03-12 22:17:00,+886-902-159-350,"假扣押財產,面交黃金白銀",2,7900379,70+ 長者,1
UID-17c96e43,2026-03-12 19:00:00,+886-902-105-812,"假檢警,監管帳戶",3,3345488,70+ 長者,1
UID-c601bbf0,2026-03-12 16:43:00,+886-901-846-050,"網路購物詐騙,解除分期付款",182,32354,上班族,1
UID-7170c0e7,2026-03-12 11:30:00,+886-903-887-086,"假投資,保證獲利",12,996635,碩博士,1
UID-5a4b6843,2026-03-12 22:43:00,+886-905-569-659,"一般客訴,服務態度",2,15000,學生,0
UID-2245c5fb,2026-03-12 10:10:00,+886-901-728-026,"幽靈包裹,超商取貨",367,24973,上班族,1
UID-86e41402,2026-03-13 05:08:00,+886-903-884-056,"假投資,虛擬貨幣,高報酬",16,3172332,碩博士,1
UID-d3069ad4,2026-03-13 02:00:00,+886-901-558-016,"網路購物詐騙,解除分期付款",250,11809,高中職以下,1
UID-df140e64,2026-03-13 05:34:00,+886-902-194-570,"假冒郵局,普發現金冒領",3,1506033,50-69 中高齡,1
UID-81ead3d0,2026-03-12 15:38:00,+886-902-178-340,"假冒郵局,普發現金冒領",1,5874784,70+ 長者,1
UID-14b99d84,2026-03-12 17:50:00,+886-904-204-081,"網路交友,要求儲值,點數卡",7,131736,學生,1
UID-a8a639d3,2026-03-13 00:34:00,+886-905-838-852,"司法文書送達,正常公務",2,3000,碩博士,0
UID-e870c19c,2026-03-12 15:09:00,+886-905-199-609,"司法文書送達,正常公務",2,3000,學生,0
UID-af60bf25,2026-03-13 07:27:00,+886-902-128-526,"假員警,偵查不公開",3,6979575,70+ 長者,1
UID-ca430b1e,2026-03-12 21:14:00,+886-902-125-835,"假員警,偵查不公開",2,3391233,70+ 長者,1
UID-9060ee31,2026-03-13 08:34:00,+886-901-535-012,"網路購物詐騙,ATM操作",422,23964,大專院校,1
UID-ad698393,2026-03-12 14:52:00,+886-902-136-983,"假檢警,監管帳戶",3,867052,70+ 長者,1
UID-323d0a97,2026-03-13 08:48:00,+886-903-887-015,"假投資,保證獲利",17,4715635,碩博士,1
UID-224d531f,2026-03-12 17:12:00,+886-903-886-047,"假投資,虛擬貨幣,高報酬",20,3843030,碩博士,1
UID-7a0f7f80,2026-03-13 03:12:00,+886-904-366-009,"Threads廣告,假兼職",30,127826,學生,1
UID-32afab92,2026-03-12 17:37:00,+886-904-313-027,"網路交友,要求儲值,點數卡",6,78519,學生,1
UID-bb65a05f,2026-03-12 13:01:00,+886-901-365-013,"網路購物詐騙,ATM操作",242,30961,大專院校,1
UID-9baf972d,2026-03-13 01:08:00,+886-904-695-098,"殺豬盤,平台無法出金",21,34258,上班族,1
UID-1887dd38,2026-03-12 19:07:00,+886-904-131-015,"網路交友,AI濾鏡假冒",18,36129,學生,1
UID-844d6dac,2026-03-12 21:58:00,+886-904-381-089,"網路交友,要求儲值,點數卡",19,107191,上班族,1
UID-bce9639c,2026-03-13 05:53:00,+886-905-994-403,"債務不履行,退款延遲",1,500,大專院校,0
UID-2afde685,2026-03-12 21:50:00,+886-903-885-099,"假投資,資金盤",14,3146778,碩博士,1
UID-7e96303b,2026-03-12 09:04:00,+886-901-196-009,"網路購物詐騙,ATM操作",743,19360,上班族,1
UID-e14f87aa,2026-03-12 20:25:00,+886-902-152-723,"假冒郵局,普發現金冒領",3,2798929,碩博士,1
UID-9f14dfcd,2026-03-12 16:23:00,+886-903-887-058,"假投資,保證獲利",16,110498,大專院校,1
UID-718fe8a8,2026-03-13 06:22:00,+886-902-111-494,"假扣押財產,面交黃金白銀",3,2662753,70+ 長者,1
UID-f3ae7b4c,2026-03-12 11:47:00,+886-903-882-003,"假投資,虛擬貨幣,高報酬",7,2167554,碩博士,1
UID-2434be3b,2026-03-12 21:50:00,+886-904-997-021,"網路交友,AI濾鏡假冒",6,70020,學生,1
UID-afbb6555,2026-03-12 17:59:00,+886-903-886-038,"假投資,保證獲利",20,599268,大專院校,1
UID-2e3b7e29,2026-03-13 07:31:00,+886-901-789-008,"網路購物詐騙,解除分期付款",6422,38343,大專院校,1
UID-711d4d5c,2026-03-12 23:27:00,+886-904-650-079,"Threads廣告,假兼職",8,143557,碩博士,1
UID-67cd9ac4,2026-03-13 06:13:00,+886-905-286-520,"一般客訴,服務態度",1,15000,上班族,0
UID-29dd8ad6,2026-03-12 09:33:00,+886-902-184-351,"假冒郵局,普發現金冒領",1,7198029,70+ 長者,1
UID-37ab8012,2026-03-12 23:40:00,+886-902-169-452,"假員警,偵查不公開",3,6457172,70+ 長者,1
UID-146e64d5,2026-03-12 23:20:00,+886-905-969-287,"債務不履行,退款延遲",1,15000,高中職以下,0
UID-d48da67f,2026-03-12 10:26:00,+886-905-555-897,"債務不履行,退款延遲",2,500,上班族,0
UID-6d8efd01,2026-03-12 20:51:00,+886-905-336-963,"債務不履行,退款延遲",1,0,50-69 中高齡,0
UID-77d4482d,2026-03-12 20:43:00,+886-903-886-045,"假投資,保證獲利",12,1873671,上班族,1
UID-6715451e,2026-03-12 12:52:00,+886-905-849-123,"正常投資諮詢,理財規劃",1,3000,上班族,0
UID-d35e970b,2026-03-13 05:26:00,+886-905-718-706,"正常投資諮詢,理財規劃",2,500,70+ 長者,0
UID-bfcd6bbd,2026-03-13 06:56:00,+886-902-126-726,"假冒郵局,普發現金冒領",1,5403592,50-69 中高齡,1
UID-76ca88b5,2026-03-12 12:43:00,+886-903-880-025,"假投資,虛擬貨幣,高報酬",15,941548,50-69 中高齡,1
UID-eebdee5e,2026-03-13 04:13:00,+886-905-371-199,"交易糾紛,商品瑕疵",2,15000,學生,0
UID-dd9d5fde,2026-03-13 02:10:00,+886-905-218-927,"司法文書送達,正常公務",2,0,大專院校,0
UID-6d45fa76,2026-03-13 04:34:00,+886-903-880-001,"假投資,保證獲利",7,2749366,上班族,1
UID-b781754a,2026-03-12 18:07:00,+886-901-675-033,"網路購物詐騙,假賣場",151,12483,高中職以下,1
UID-799f5348,2026-03-13 08:07:00,+886-901-705-045,"網路購物詐騙,ATM操作",177,38830,高中職以下,1
UID-f8cd06d8,2026-03-12 18:30:00,+886-903-883-005,"假投資,保證獲利",8,2091743,50-69 中高齡,1
UID-c1e6f916,2026-03-12 10:56:00,+886-901-951-010,"網路購物詐騙,ATM操作",302,13273,學生,1
UID-a7f6aa55,2026-03-12 13:49:00,+886-903-888-011,"假投資,資金盤",15,4006186,50-69 中高齡,1
UID-80cda3ac,2026-03-12 16:37:00,+886-905-215-758,"司法文書送達,正常公務",2,500,高中職以下,0
UID-40a9a2fa,2026-03-13 00:17:00,+886-902-132-264,"假扣押財產,面交黃金白銀",2,3473640,70+ 長者,1
UID-364b19d3,2026-03-13 04:50:00,+886-903-882-064,"假投資,保證獲利",9,4322767,大專院校,1
UID-dd4be289,2026-03-12 11:40:00,+886-905-661-240,"一般客訴,服務態度",2,500,50-69 中高齡,0
UID-6580dc51,2026-03-12 22:18:00,+886-905-173-575,"交易糾紛,商品瑕疵",1,3000,上班族,0
UID-afb90f5e,2026-03-12 15:22:00,+886-902-141-938,"假扣押財產,面交黃金白銀",2,3205736,70+ 長者,1
UID-1f15dd3a,2026-03-12 17:31:00,+886-903-880-061,"假投資,保證獲利",15,3579164,上班族,1
UID-39eee5f7,2026-03-13 01:35:00,+886-902-166-416,"假員警,偵查不公開",3,2368726,70+ 長者,1
UID-22112e7c,2026-03-13 07:27:00,+886-902-192-862,"假員警,偵查不公開",1,6700888,50-69 中高齡,1
UID-ab8a88c6,2026-03-12 19:04:00,+886-904-661-099,"網路交友,AI濾鏡假冒",8,134092,碩博士,1
UID-76611f11,2026-03-12 14:10:00,+886-901-415-045,"網路購物詐騙,ATM操作",159,40469,高中職以下,1
UID-68d9ad92,2026-03-12 14:35:00,+886-905-322-572,"債務不履行,退款延遲",1,15000,碩博士,0
UID-89d651ad,2026-03-12 18:47:00,+886-903-880-013,"假投資,內線交易,VIP通道",18,4079695,大專院校,1
UID-2fdfd1e2,2026-03-12 17:38:00,+886-905-912-832,"交易糾紛,商品瑕疵",1,3000,碩博士,0
UID-b78655e4,2026-03-12 19:01:00,+886-905-880-561,"一般客訴,服務態度",2,15000,上班族,0
UID-266f7ee7,2026-03-12 10:47:00,+886-903-882-003,"假投資,虛擬貨幣,高報酬",11,1706300,上班族,1
UID-5a7a7ae2,2026-03-12 16:14:00,+886-905-414-978,"債務不履行,退款延遲",1,15000,70+ 長者,0
UID-d3f8c9bc,2026-03-12 14:17:00,+886-903-887-030,"假投資,保證獲利",20,1577597,碩博士,1
UID-1c86ae34,2026-03-12 16:29:00,+886-903-885-046,"假投資,資金盤",15,2048074,碩博士,1
UID-3849bd6c,2026-03-13 04:16:00,+886-905-244-899,"債務不履行,退款延遲",2,15000,50-69 中高齡,0
UID-c275483c,2026-03-13 04:06:00,+886-903-883-070,"假投資,資金盤",18,687353,50-69 中高齡,1
UID-8af39708,2026-03-12 21:39:00,+886-903-883-045,"假投資,保證獲利",14,3380651,碩博士,1
UID-c04b0f30,2026-03-13 08:32:00,+886-902-191-883,"假冒郵局,普發現金冒領",3,7906868,50-69 中高齡,1
UID-00e9fea1,2026-03-12 09:09:00,+886-999-999-999,"機器人測試,惡意灌水",12546,0,未知,0
UID-5545dbae,2026-03-12 17:16:00,+886-905-867-290,"正常投資諮詢,理財規劃",1,3000,高中職以下,0
UID-d11d8ba2,2026-03-12 21:47:00,+886-905-310-165,"一般客訴,服務態度",2,0,高中職以下,0
UID-871d38fd,2026-03-12 17:47:00,+886-905-139-807,"交易糾紛,商品瑕疵",2,15000,學生,0
UID-1e465621,2026-03-13 01:45:00,+886-901-318-008,"網路購物詐騙,ATM操作",215,32098,上班族,1
UID-9de48cec,2026-03-13 01:13:00,+886-903-880-020,"假投資,虛擬貨幣,高報酬",5,4754252,大專院校,1
UID-28b118fa,2026-03-12 16:32:00,+886-901-780-016,"網路購物詐騙,解除分期付款",150,19632,上班族,1
UID-b9f8e72a,2026-03-13 07:52:00,+886-905-264-889,"正常投資諮詢,理財規劃",2,0,大專院校,0
UID-7794aaa0,2026-03-12 19:19:00,+886-905-176-415,"債務不履行,退款延遲",2,3000,70+ 長者,0
UID-fe04c614,2026-03-13 04:37:00,+886-902-177-253,"假冒郵局,普發現金冒領",1,5414607,70+ 長者,1
UID-97f1b72d,2026-03-12 16:46:00,+886-903-880-083,"假投資,資金盤",11,1591248,碩博士,1
UID-9b00f63b,2026-03-13 05:15:00,+886-905-204-256,"交易糾紛,商品瑕疵",1,3000,大專院校,0
UID-f6196d5e,2026-03-12 14:01:00,+886-901-199-009,"幽靈包裹,超商取貨",160,31765,學生,1
UID-bfd2a966,2026-03-12 20:54:00,+886-901-258-011,"網路購物詐騙,ATM操作",155,17493,學生,1
UID-4e9bd3ce,2026-03-12 23:02:00,+886-904-909-072,"殺豬盤,平台無法出金",18,139324,上班族,1
UID-f0c50952,2026-03-12 13:38:00,+886-904-150-045,"殺豬盤,平台無法出金",8,62208,學生,1
UID-1d7678f0,2026-03-12 19:46:00,+886-903-884-083,"假投資,虛擬貨幣,高報酬",8,3396845,上班族,1
UID-e5c2a769,2026-03-12 15:55:00,+886-903-880-020,"假投資,資金盤",16,1759340,50-69 中高齡,1
UID-5cee2bfc,2026-03-12 10:06:00,+886-903-882-004,"假投資,資金盤",6,3580582,碩博士,1
UID-93860248,2026-03-13 04:37:00,+886-905-546-792,"交易糾紛,商品瑕疵",1,0,碩博士,0
UID-74fc168f,2026-03-13 03:04:00,+886-901-242-026,"網路購物詐騙,假賣場",355,39133,大專院校,1
UID-5ca7dbcb,2026-03-12 18:46:00,+886-904-662-025,"網路交友,要求儲值,點數卡",10,34607,碩博士,1
UID-52008061,2026-03-13 06:39:00,+886-902-100-341,"假員警,偵查不公開",1,4694430,70+ 長者,1
UID-e353dd2c,2026-03-13 06:15:00,+886-905-726-918,"交易糾紛,商品瑕疵",1,3000,大專院校,0
UID-ace5f0e8,2026-03-13 02:37:00,+886-903-881-029,"假投資,資金盤",10,1906336,碩博士,1
UID-1a92b63f,2026-03-12 17:45:00,+886-905-277-352,"司法文書送達,正常公務",1,3000,高中職以下,0
UID-a6a3f25f,2026-03-13 06:12:00,+886-904-513-053,"網路交友,要求儲值,點數卡",29,33283,上班族,1
UID-b011f312,2026-03-13 07:02:00,+886-905-941-206,"一般客訴,服務態度",2,500,50-69 中高齡,0
UID-dc75dbc7,2026-03-12 23:56:00,+886-902-119-214,"假扣押財產,面交黃金白銀",3,618054,碩博士,1
UID-899b9e1c,2026-03-12 20:33:00,+886-902-177-800,"假冒郵局,普發現金冒領",2,3378688,50-69 中高齡,1
UID-869bc50a,2026-03-12 15:46:00,+886-901-965-039,"網路購物詐騙,假賣場",177,44287,學生,1
UID-bb5b0ee3,2026-03-12 09:04:00,+886-999-999-999,"機器人測試,惡意灌水",14725,0,未知,0
UID-b74d2192,2026-03-13 04:01:00,+886-905-715-970,"交易糾紛,商品瑕疵",1,500,上班族,0
UID-12350879,2026-03-13 07:43:00,+886-904-766-080,"Threads廣告,假兼職",9,10642,大專院校,1
UID-ddce969b,2026-03-12 18:12:00,+886-901-656-049,"網路購物詐騙,假賣場",242,8085,大專院校,1
UID-d08379ed,2026-03-13 06:18:00,+886-903-880-073,"假投資,虛擬貨幣,高報酬",10,351512,碩博士,1
UID-867937f8,2026-03-12 13:46:00,+886-904-405-042,"殺豬盤,平台無法出金",30,84027,上班族,1
UID-3db1758b,2026-03-12 10:27:00,+886-903-889-003,"假投資,內線交易,VIP通道",16,1562833,上班族,1
UID-5c472f2b,2026-03-12 19:44:00,+886-902-153-239,"假冒郵局,普發現金冒領",2,3643079,50-69 中高齡,1
UID-51fa5291,2026-03-12 18:43:00,+886-902-188-378,"假員警,偵查不公開",3,4838911,70+ 長者,1
UID-4d790a82,2026-03-12 18:52:00,+886-902-129-703,"假檢警,監管帳戶",3,5452181,70+ 長者,1
UID-2dd9ba4b,2026-03-13 06:55:00,+886-903-886-066,"假投資,保證獲利",11,4156473,50-69 中高齡,1
UID-5677866c,2026-03-13 07:12:00,+886-905-418-583,"債務不履行,退款延遲",2,0,上班族,0
UID-0abfa2b6,2026-03-13 01:22:00,+886-902-119-288,"假員警,偵查不公開",3,1455700,50-69 中高齡,1
UID-85d98d22,2026-03-13 08:29:00,+886-901-483-011,"幽靈包裹,超商取貨",176,10152,大專院校,1
UID-a35e8681,2026-03-13 00:00:00,+886-905-882-771,"交易糾紛,商品瑕疵",2,15000,碩博士,0
UID-498cf9cb,2026-03-12 12:28:00,+886-905-727-163,"正常投資諮詢,理財規劃",2,15000,上班族,0
UID-a14fcdc7,2026-03-13 02:48:00,+886-903-884-074,"假投資,資金盤",13,1948889,碩博士,1
UID-135d47ed,2026-03-12 13:29:00,+886-902-110-387,"假冒郵局,普發現金冒領",2,4863384,50-69 中高齡,1
UID-4f174c15,2026-03-12 23:35:00,+886-905-875-408,"交易糾紛,商品瑕疵",1,3000,上班族,0
UID-251d5e84,2026-03-13 06:48:00,+886-905-195-569,"正常投資諮詢,理財規劃",1,3000,大專院校,0
UID-c4de7f52,2026-03-13 05:47:00,+886-904-843-045,"網路交友,要求儲值,點數卡",21,115170,大專院校,1
UID-63aa5060,2026-03-13 03:45:00,+886-905-458-459,"司法文書送達,正常公務",2,3000,學生,0
UID-714a9d35,2026-03-13 00:29:00,+886-903-886-067,"假投資,虛擬貨幣,高報酬",19,2429260,上班族,1
UID-2e406366,2026-03-12 13:06:00,+886-903-885-022,"假投資,虛擬貨幣,高報酬",6,474586,上班族,1
UID-f34bba97,2026-03-12 13:22:00,+886-905-536-108,"債務不履行,退款延遲",1,500,70+ 長者,0
UID-3b6204a7,2026-03-12 15:35:00,+886-904-640-002,"Threads廣告,假兼職",4,71839,上班族,1
UID-55ae6a95,2026-03-13 06:18:00,+886-904-930-090,"網路交友,AI濾鏡假冒",19,59813,學生,1
UID-4214217f,2026-03-12 13:51:00,+886-905-305-608,"一般客訴,服務態度",1,3000,50-69 中高齡,0
UID-35bb676f,2026-03-12 17:39:00,+886-904-429-081,"網路交友,AI濾鏡假冒",10,81854,學生,1
UID-d8af8c81,2026-03-12 23:43:00,+886-903-886-052,"假投資,保證獲利",18,2785246,上班族,1
UID-267e1949,2026-03-13 03:10:00,+886-905-831-104,"一般客訴,服務態度",1,3000,50-69 中高齡,0
UID-b7210eb4,2026-03-12 15:44:00,+886-903-884-084,"假投資,資金盤",20,2771314,碩博士,1
UID-fcc746f0,2026-03-13 02:48:00,+886-905-658-493,"一般客訴,服務態度",1,0,50-69 中高齡,0
UID-17918e33,2026-03-13 05:15:00,+886-905-719-303,"正常投資諮詢,理財規劃",1,500,50-69 中高齡,0
UID-60372c4e,2026-03-12 12:10:00,+886-903-882-089,"假投資,保證獲利",15,835061,大專院校,1
UID-9d394f08,2026-03-12 19:28:00,+886-905-430-436,"債務不履行,退款延遲",1,0,70+ 長者,0
UID-6d285e96,2026-03-13 03:21:00,+886-902-137-154,"假檢警,監管帳戶",3,6330258,50-69 中高齡,1
UID-127bd083,2026-03-13 01:29:00,+886-903-889-094,"假投資,虛擬貨幣,高報酬",10,776627,上班族,1
UID-de7ffede,2026-03-12 16:02:00,+886-902-177-285,"假扣押財產,面交黃金白銀",3,1106872,70+ 長者,1
UID-672656e5,2026-03-13 04:13:00,+886-905-301-743,"交易糾紛,商品瑕疵",1,15000,上班族,0
UID-70bdde07,2026-03-12 19:06:00,+886-905-825-858,"司法文書送達,正常公務",1,3000,50-69 中高齡,0
UID-cf272c05,2026-03-12 13:51:00,+886-905-809-565,"交易糾紛,商品瑕疵",2,15000,大專院校,0
UID-347c26f3,2026-03-12 09:08:00,+886-999-999-999,"機器人測試,惡意灌水",11989,0,未知,0
UID-089202cc,2026-03-12 22:14:00,+886-903-888-070,"假投資,資金盤",17,2653108,上班族,1
UID-1c019ef9,2026-03-13 08:02:00,+886-904-539-029,"殺豬盤,平台無法出金",20,89905,碩博士,1
UID-607ec5a6,2026-03-13 05:46:00,+886-905-152-508,"一般客訴,服務態度",2,15000,學生,0
UID-a2ced54b,2026-03-13 00:38:00,+886-903-886-066,"假投資,資金盤",12,2082869,上班族,1
UID-488aff5d,2026-03-12 15:10:00,+886-903-880-021,"假投資,內線交易,VIP通道",6,672842,碩博士,1
UID-037867de,2026-03-13 02:26:00,+886-902-174-886,"假員警,偵查不公開",2,3008949,碩博士,1
UID-fdfbb829,2026-03-12 12:07:00,+886-903-887-088,"假投資,保證獲利",9,1042475,碩博士,1
UID-0129dca5,2026-03-13 01:27:00,+886-903-880-049,"假投資,虛擬貨幣,高報酬",13,2889389,50-69 中高齡,1
UID-399d8f1e,2026-03-12 17:27:00,+886-902-167-200,"假員警,偵查不公開",3,4565194,70+ 長者,1
UID-4601cc42,2026-03-13 05:15:00,+886-903-880-036,"假投資,虛擬貨幣,高報酬",17,1882584,上班族,1
UID-a9c6c5bb,2026-03-13 03:59:00,+886-905-780-640,"正常投資諮詢,理財規劃",2,3000,學生,0
UID-0c595970,2026-03-12 19:56:00,+886-901-189-032,"幽靈包裹,超商取貨",353,39314,大專院校,1
UID-41a8ff0e,2026-03-12 19:23:00,+886-901-493-024,"幽靈包裹,超商取貨",164,13867,高中職以下,1
UID-805dbdd1,2026-03-13 05:41:00,+886-905-601-401,"司法文書送達,正常公務",2,500,50-69 中高齡,0
UID-584dfefc,2026-03-13 02:49:00,+886-904-328-005,"Threads廣告,假兼職",30,102724,上班族,1
UID-8cdc0d8c,2026-03-12 09:10:00,+886-905-517-293,"債務不履行,退款延遲",1,15000,70+ 長者,0
UID-b0bcc71b,2026-03-13 05:21:00,+886-902-168-509,"假冒郵局,普發現金冒領",3,6855415,碩博士,1
UID-378540ad,2026-03-12 13:50:00,+886-903-882-089,"假投資,資金盤",5,306519,大專院校,1
UID-2afe4366,2026-03-13 02:32:00,+886-903-888-089,"假投資,保證獲利",18,3282989,上班族,1
UID-937886d4,2026-03-12 13:44:00,+886-903-884-095,"假投資,虛擬貨幣,高報酬",7,4618850,碩博士,1
UID-83c18bc1,2026-03-13 08:55:00,+886-901-163-017,"網路購物詐騙,假賣場",170,22757,大專院校,1
UID-e02c5b7e,2026-03-13 02:37:00,+886-902-145-819,"假檢警,監管帳戶",1,2446530,70+ 長者,1
UID-54f86989,2026-03-12 22:20:00,+886-905-323-596,"交易糾紛,商品瑕疵",1,3000,大專院校,0
UID-3d3c8d4a,2026-03-12 21:24:00,+886-903-885-004,"假投資,資金盤",17,3522659,碩博士,1
UID-49305184,2026-03-12 15:03:00,+886-903-889-082,"假投資,保證獲利",14,410476,上班族,1
UID-7c76d77b,2026-03-13 01:36:00,+886-905-909-650,"交易糾紛,商品瑕疵",1,15000,碩博士,0
UID-b0942e28,2026-03-12 23:35:00,+886-904-125-026,"Threads廣告,假兼職",4,53773,上班族,1
UID-c1937a34,2026-03-12 10:47:00,+886-903-888-088,"假投資,保證獲利",11,1554078,碩博士,1
UID-1a511741,2026-03-12 14:38:00,+886-901-775-017,"網路購物詐騙,假賣場",4264,31558,大專院校,1
UID-fb321521,2026-03-12 16:07:00,+886-905-321-594,"一般客訴,服務態度",1,15000,上班族,0
UID-55878708,2026-03-13 06:59:00,+886-904-758-075,"殺豬盤,平台無法出金",9,46005,學生,1
UID-170a0d5c,2026-03-13 01:51:00,+886-905-578-146,"債務不履行,退款延遲",1,15000,高中職以下,0
UID-108d447b,2026-03-13 00:06:00,+886-904-340-083,"Threads廣告,假兼職",22,103298,大專院校,1
UID-72373ee0,2026-03-13 05:56:00,+886-902-175-272,"假員警,偵查不公開",3,5907241,70+ 長者,1
UID-6a89002e,2026-03-13 03:59:00,+886-901-404-039,"網路購物詐騙,假賣場",175,27768,上班族,1
UID-022a07c3,2026-03-12 20:57:00,+886-901-402-047,"網路購物詐騙,解除分期付款",175,1648,上班族,1
UID-760f881a,2026-03-13 03:35:00,+886-904-644-048,"網路交友,AI濾鏡假冒",4,76643,學生,1
UID-2c0300e7,2026-03-12 16:51:00,+886-901-659-019,"網路購物詐騙,解除分期付款",297,39321,高中職以下,1
UID-4bf3e3a5,2026-03-12 14:40:00,+886-904-819-019,"Threads廣告,假兼職",17,68994,學生,1
UID-7c324d19,2026-03-13 05:19:00,+886-901-808-003,"幽靈包裹,超商取貨",170,43880,上班族,1
UID-637b6e78,2026-03-12 15:42:00,+886-905-180-141,"正常投資諮詢,理財規劃",1,3000,70+ 長者,0
UID-f5d2f68d,2026-03-12 22:00:00,+886-902-183-635,"假冒郵局,普發現金冒領",1,7688432,70+ 長者,1
UID-e78461a4,2026-03-13 00:54:00,+886-905-572-705,"債務不履行,退款延遲",1,500,上班族,0
UID-b76020a3,2026-03-12 12:05:00,+886-903-885-039,"假投資,資金盤",15,1816879,上班族,1
UID-094fb44e,2026-03-12 12:30:00,+886-905-285-652,"正常投資諮詢,理財規劃",2,500,上班族,0
UID-aa6226ab,2026-03-12 13:18:00,+886-905-373-677,"一般客訴,服務態度",1,0,上班族,0
UID-feb98ab2,2026-03-13 04:53:00,+886-904-988-061,"殺豬盤,平台無法出金",22,10719,大專院校,1
UID-b0f442f1,2026-03-12 17:19:00,+886-901-729-008,"網路購物詐騙,假賣場",213,24988,上班族,1
UID-69b6a369,2026-03-13 03:07:00,+886-903-881-085,"假投資,保證獲利",16,4303819,上班族,1
UID-a4928e99,2026-03-13 00:31:00,+886-904-617-031,"Threads廣告,假兼職",9,112334,學生,1
UID-ed48ea2e,2026-03-13 08:48:00,+886-901-900-048,"網路購物詐騙,假賣場",241,5552,高中職以下,1
UID-8bcc4de1,2026-03-12 16:32:00,+886-905-659-690,"債務不履行,退款延遲",2,3000,碩博士,0
UID-7e0bdfa3,2026-03-12 10:06:00,+886-904-213-003,"殺豬盤,平台無法出金",24,10289,大專院校,1
UID-b2832cc1,2026-03-12 10:02:00,+886-901-204-025,"幽靈包裹,超商取貨",151,30621,學生,1
UID-e1e8a0fa,2026-03-12 12:05:00,+886-902-169-103,"假冒郵局,普發現金冒領",2,7386988,50-69 中高齡,1
UID-3581b7e3,2026-03-12 19:23:00,+886-903-883-053,"假投資,資金盤",15,323623,碩博士,1
UID-7f9e4a5d,2026-03-12 14:18:00,+886-905-119-967,"正常投資諮詢,理財規劃",2,3000,碩博士,0
UID-f9d46a52,2026-03-12 10:27:00,+886-902-161-514,"假員警,偵查不公開",3,529090,70+ 長者,1
UID-49b014fb,2026-03-12 11:55:00,+886-901-163-030,"網路購物詐騙,ATM操作",156,16167,高中職以下,1
UID-8bd782ac,2026-03-12 09:50:00,+886-902-169-446,"假員警,偵查不公開",3,5549250,50-69 中高齡,1
UID-9ec2d073,2026-03-12 23:05:00,+886-902-135-518,"假檢警,監管帳戶",1,2181520,50-69 中高齡,1
UID-5dee70d0,2026-03-12 21:59:00,+886-902-132-474,"假扣押財產,面交黃金白銀",3,1779667,70+ 長者,1
UID-1596dda8,2026-03-12 18:37:00,+886-905-389-313,"交易糾紛,商品瑕疵",1,15000,50-69 中高齡,0
UID-a4aba97e,2026-03-13 02:14:00,+886-905-808-178,"司法文書送達,正常公務",2,3000,大專院校,0
UID-bc59b76d,2026-03-12 18:21:00,+886-905-379-400,"司法文書送達,正常公務",1,500,學生,0
UID-459b5ad4,2026-03-12 11:14:00,+886-904-432-092,"殺豬盤,平台無法出金",28,94977,大專院校,1
UID-053ee983,2026-03-12 18:32:00,+886-903-887-026,"假投資,保證獲利",12,1633702,碩博士,1
UID-f6da07c0,2026-03-12 17:18:00,+886-901-956-026,"幽靈包裹,超商取貨",193,27959,上班族,1
UID-0b1a005b,2026-03-13 08:01:00,+886-901-195-011,"幽靈包裹,超商取貨",2520,44474,高中職以下,1
UID-7c307ca9,2026-03-13 04:35:00,+886-905-731-232,"一般客訴,服務態度",1,0,高中職以下,0
UID-cb637f87,2026-03-12 19:08:00,+886-904-518-078,"殺豬盤,平台無法出金",27,82163,碩博士,1
UID-da7ffbb1,2026-03-12 12:57:00,+886-904-905-015,"網路交友,AI濾鏡假冒",15,18221,上班族,1
UID-3a6fd3a4,2026-03-12 09:27:00,+886-901-312-045,"幽靈包裹,超商取貨",154,27075,大專院校,1
UID-30ad648c,2026-03-13 03:39:00,+886-905-165-278,"債務不履行,退款延遲",2,0,高中職以下,0
UID-4fdec58a,2026-03-12 09:02:00,+886-901-100-027,"網路購物詐騙,ATM操作",178,22155,上班族,1
UID-861387ce,2026-03-13 05:19:00,+886-905-746-678,"交易糾紛,商品瑕疵",2,500,學生,0
UID-4808ab05,2026-03-13 00:44:00,+886-902-184-939,"假員警,偵查不公開",1,6815040,50-69 中高齡,1
UID-0763acad,2026-03-12 12:11:00,+886-905-929-475,"一般客訴,服務態度",1,3000,高中職以下,0
UID-5d32f20a,2026-03-12 13:46:00,+886-901-974-010,"幽靈包裹,超商取貨",1242,35537,學生,1
UID-6ca204d2,2026-03-13 02:30:00,+886-901-500-049,"網路購物詐騙,假賣場",459,44526,上班族,1
UID-e9945d1d,2026-03-12 16:34:00,+886-903-888-044,"假投資,內線交易,VIP通道",17,2982351,碩博士,1
UID-78c1d181,2026-03-12 22:33:00,+886-905-284-110,"一般客訴,服務態度",1,15000,高中職以下,0
UID-38cc06af,2026-03-12 23:07:00,+886-905-731-819,"債務不履行,退款延遲",2,0,高中職以下,0
UID-1c026f54,2026-03-12 15:58:00,+886-905-627-833,"司法文書送達,正常公務",2,500,大專院校,0
UID-194721cd,2026-03-12 11:14:00,+886-904-763-077,"網路交友,要求儲值,點數卡",28,84097,大專院校,1
UID-03b6756d,2026-03-12 19:18:00,+886-905-184-327,"債務不履行,退款延遲",1,0,碩博士,0
UID-40a66388,2026-03-12 14:27:00,+886-903-880-070,"假投資,資金盤",12,3286870,碩博士,1
UID-e6fa686b,2026-03-12 19:45:00,+886-902-188-212,"假冒郵局,普發現金冒領",3,6058494,70+ 長者,1
UID-aeecbd43,2026-03-13 01:48:00,+886-901-890-013,"網路購物詐騙,解除分期付款",197,30461,學生,1
UID-3eccf555,2026-03-13 04:45:00,+886-902-197-774,"假冒郵局,普發現金冒領",2,7380831,碩博士,1
UID-11bbfad0,2026-03-12 13:28:00,+886-905-735-723,"正常投資諮詢,理財規劃",1,3000,上班族,0
UID-4751b259,2026-03-12 19:43:00,+886-904-946-016,"網路交友,要求儲值,點數卡",29,48845,學生,1
UID-c9156fbb,2026-03-13 08:53:00,+886-903-886-068,"假投資,資金盤",19,3967212,碩博士,1
UID-1b958cbc,2026-03-12 13:48:00,+886-901-571-027,"網路購物詐騙,解除分期付款",186,7498,上班族,1
UID-0d2ec33e,2026-03-13 02:20:00,+886-902-195-352,"假扣押財產,面交黃金白銀",2,5655535,70+ 長者,1
UID-8a76d03c,2026-03-13 05:01:00,+886-905-634-457,"一般客訴,服務態度",1,15000,70+ 長者,0
UID-e1b14627,2026-03-13 06:53:00,+886-903-887-085,"假投資,資金盤",11,645205,大專院校,1
UID-88903e2e,2026-03-13 07:27:00,+886-903-882-054,"假投資,資金盤",6,2645694,碩博士,1
UID-47e6ca52,2026-03-12 12:36:00,+886-901-919-018,"網路購物詐騙,解除分期付款",341,27082,高中職以下,1
UID-32fc45ee,2026-03-12 09:05:00,+886-904-108-001,"Threads廣告,假兼職",9,116175,大專院校,1
UID-4b7be9bc,2026-03-13 05:04:00,+886-903-886-045,"假投資,資金盤",14,371155,碩博士,1
UID-3367ac49,2026-03-13 03:42:00,+886-901-420-017,"幽靈包裹,超商取貨",165,33968,大專院校,1
UID-7217205e,2026-03-12 14:44:00,+886-905-380-442,"交易糾紛,商品瑕疵",1,0,70+ 長者,0
UID-f0dc447a,2026-03-12 20:45:00,+886-901-779-006,"網路購物詐騙,假賣場",158,2128,大專院校,1
UID-a77b4fd0,2026-03-12 19:07:00,+886-904-452-050,"殺豬盤,平台無法出金",16,38267,學生,1
UID-0915b765,2026-03-13 04:43:00,+886-902-152-690,"假員警,偵查不公開",1,3512166,70+ 長者,1
UID-355a8fb9,2026-03-12 15:53:00,+886-901-388-025,"網路購物詐騙,解除分期付款",151,25080,大專院校,1
UID-ad962117,2026-03-12 17:23:00,+886-903-882-077,"假投資,虛擬貨幣,高報酬",16,2806624,碩博士,1
UID-c350cd3f,2026-03-13 07:30:00,+886-903-886-063,"假投資,虛擬貨幣,高報酬",6,4545209,大專院校,1
UID-e3d6c166,2026-03-13 08:49:00,+886-903-882-016,"假投資,內線交易,VIP通道",14,3905443,50-69 中高齡,1
UID-9b9bf4dc,2026-03-12 12:55:00,+886-903-882-015,"假投資,資金盤",7,1641738,上班族,1
UID-384f383e,2026-03-12 11:49:00,+886-903-884-052,"假投資,資金盤",19,2078248,上班族,1
UID-6b1ba822,2026-03-13 06:11:00,+886-904-794-074,"殺豬盤,平台無法出金",28,69230,大專院校,1
UID-16c5341f,2026-03-12 19:36:00,+886-905-917-249,"一般客訴,服務態度",1,0,大專院校,0
UID-db8dfe2c,2026-03-12 16:24:00,+886-905-991-209,"一般客訴,服務態度",1,0,上班族,0
UID-4ca7eba9,2026-03-12 10:45:00,+886-902-178-574,"假檢警,監管帳戶",1,1148250,70+ 長者,1
UID-0caecec7,2026-03-12 12:19:00,+886-904-934-099,"網路交友,要求儲值,點數卡",2,106639,上班族,1
UID-03193059,2026-03-12 09:01:00,+886-999-999-999,"機器人測試,惡意灌水",10492,0,未知,0
UID-0ebb7f74,2026-03-12 09:05:00,+886-999-999-999,"機器人測試,惡意灌水",8069,0,未知,0
UID-205f8930,2026-03-13 07:42:00,+886-905-649-329,"債務不履行,退款延遲",1,15000,70+ 長者,0
UID-4eacc069,2026-03-12 15:55:00,+886-904-458-038,"Threads廣告,假兼職",2,101194,上班族,1
UID-67447de5,2026-03-12 16:01:00,+886-903-887-042,"假投資,內線交易,VIP通道",7,3857286,上班族,1
UID-f5aee9ae,2026-03-13 06:24:00,+886-904-406-053,"殺豬盤,平台無法出金",29,111556,大專院校,1
UID-49f8fe67,2026-03-13 03:47:00,+886-905-837-845,"交易糾紛,商品瑕疵",1,15000,高中職以下,0
UID-cff5aa69,2026-03-13 00:03:00,+886-902-103-793,"假員警,偵查不公開",1,7968499,70+ 長者,1
UID-1cdf520e,2026-03-12 22:51:00,+886-905-992-340,"司法文書送達,正常公務",2,0,高中職以下,0
UID-53a1ca7d,2026-03-12 16:28:00,+886-905-739-933,"交易糾紛,商品瑕疵",2,3000,學生,0
UID-dba119c1,2026-03-12 11:47:00,+886-905-316-229,"一般客訴,服務態度",1,0,碩博士,0
UID-c8e0493b,2026-03-12 19:41:00,+886-905-884-980,"交易糾紛,商品瑕疵",2,0,高中職以下,0
UID-f4dba3e4,2026-03-12 15:41:00,+886-904-744-059,"Threads廣告,假兼職",8,127293,學生,1
UID-c53371ca,2026-03-13 08:03:00,+886-903-884-013,"假投資,虛擬貨幣,高報酬",16,4996431,上班族,1
UID-cba12b12,2026-03-13 01:01:00,+886-905-990-450,"司法文書送達,正常公務",2,0,碩博士,0
UID-86ced8ca,2026-03-12 23:05:00,+886-903-880-084,"假投資,內線交易,VIP通道",16,3612528,大專院校,1
UID-b020a75a,2026-03-12 17:32:00,+886-905-652-610,"交易糾紛,商品瑕疵",2,15000,70+ 長者,0
UID-557d83f9,2026-03-12 18:12:00,+886-901-295-047,"網路購物詐騙,假賣場",303,39179,上班族,1
UID-65f24ed7,2026-03-12 16:22:00,+886-904-692-069,"網路交友,要求儲值,點數卡",12,123038,大專院校,1
UID-95209de9,2026-03-13 07:32:00,+886-903-889-075,"假投資,內線交易,VIP通道",15,2655207,碩博士,1
UID-97621703,2026-03-12 13:52:00,+886-905-976-839,"債務不履行,退款延遲",1,0,50-69 中高齡,0
UID-b225f12f,2026-03-12 09:07:00,+886-999-999-999,"機器人測試,惡意灌水",10367,0,未知,0
UID-a1c99ac1,2026-03-12 17:37:00,+886-905-458-805,"正常投資諮詢,理財規劃",1,3000,上班族,0
UID-49f08cbb,2026-03-13 06:59:00,+886-905-446-447,"債務不履行,退款延遲",1,15000,大專院校,0
UID-fbc94c56,2026-03-12 23:30:00,+886-903-887-024,"假投資,虛擬貨幣,高報酬",12,3334278,碩博士,1
UID-f87f32a7,2026-03-12 19:36:00,+886-904-184-049,"網路交友,AI濾鏡假冒",3,136288,學生,1
UID-52714015,2026-03-12 20:32:00,+886-904-178-038,"殺豬盤,平台無法出金",30,6643,上班族,1
UID-952a91ac,2026-03-12 12:46:00,+886-905-365-494,"一般客訴,服務態度",2,500,50-69 中高齡,0
UID-793f52c2,2026-03-12 11:49:00,+886-905-479-427,"一般客訴,服務態度",1,15000,70+ 長者,0
UID-06390b7e,2026-03-13 08:17:00,+886-901-702-042,"網路購物詐騙,解除分期付款",150,9339,大專院校,1
UID-995749e7,2026-03-12 10:36:00,+886-903-884-063,"假投資,內線交易,VIP通道",18,3664173,上班族,1
UID-b886d1ce,2026-03-13 03:25:00,+886-902-161-296,"假扣押財產,面交黃金白銀",2,4588925,碩博士,1
UID-e926a9be,2026-03-12 21:55:00,+886-904-811-099,"網路交友,AI濾鏡假冒",11,86045,碩博士,1
UID-29848480,2026-03-12 16:51:00,+886-904-462-073,"Threads廣告,假兼職",12,43276,學生,1
UID-a013c031,2026-03-12 17:36:00,+886-903-889-043,"假投資,內線交易,VIP通道",14,2757770,50-69 中高齡,1
UID-9b2cc32c,2026-03-12 23:21:00,+886-904-554-094,"殺豬盤,平台無法出金",19,37474,大專院校,1
UID-a3738d1e,2026-03-13 07:10:00,+886-905-248-262,"一般客訴,服務態度",1,15000,高中職以下,0
UID-311725ba,2026-03-12 11:23:00,+886-904-390-017,"網路交友,要求儲值,點數卡",16,121132,上班族,1
UID-f1048ce9,2026-03-13 02:36:00,+886-901-107-013,"網路購物詐騙,ATM操作",161,44371,大專院校,1
UID-664c0577,2026-03-12 22:12:00,+886-902-148-967,"假員警,偵查不公開",3,4142803,50-69 中高齡,1
UID-cd2eb14c,2026-03-12 19:29:00,+886-904-812-004,"殺豬盤,平台無法出金",17,34404,學生,1
UID-017b6aab,2026-03-12 15:25:00,+886-902-184-673,"假冒郵局,普發現金冒領",1,622813,50-69 中高齡,1
UID-1f67430f,2026-03-12 22:36:00,+886-904-591-048,"網路交友,要求儲值,點數卡",10,55313,碩博士,1
UID-874d2c9f,2026-03-12 17:59:00,+886-901-171-041,"網路購物詐騙,ATM操作",160,37910,上班族,1
UID-fe32cbdc,2026-03-12 09:34:00,+886-903-887-014,"假投資,虛擬貨幣,高報酬",10,3334112,上班族,1
UID-3c13e23a,2026-03-12 11:32:00,+886-903-885-097,"假投資,內線交易,VIP通道",12,2416320,50-69 中高齡,1
UID-ef46e97c,2026-03-12 16:34:00,+886-901-997-002,"幽靈包裹,超商取貨",156,35520,上班族,1
UID-96f7a280,2026-03-13 04:15:00,+886-905-605-695,"債務不履行,退款延遲",2,0,大專院校,0
UID-38bf20f9,2026-03-12 13:32:00,+886-905-836-899,"一般客訴,服務態度",1,0,70+ 長者,0
UID-49f4a4b6,2026-03-13 05:52:00,+886-903-883-059,"假投資,虛擬貨幣,高報酬",13,2598155,碩博士,1
UID-81c8dff1,2026-03-13 00:19:00,+886-904-364-094,"網路交友,要求儲值,點數卡",12,133930,碩博士,1
UID-3c7d732d,2026-03-12 21:07:00,+886-902-113-388,"假員警,偵查不公開",1,6959259,70+ 長者,1
UID-73977a8e,2026-03-12 09:07:00,+886-999-999-999,"機器人測試,惡意灌水",12946,0,未知,0
UID-f8183470,2026-03-12 17:07:00,+886-903-889-022,"假投資,虛擬貨幣,高報酬",10,1611066,50-69 中高齡,1
UID-f5102234,2026-03-12 18:19:00,+886-901-237-009,"幽靈包裹,超商取貨",2677,35147,學生,1
UID-30c45722,2026-03-13 07:35:00,+886-904-835-008,"網路交友,要求儲值,點數卡",21,47116,大專院校,1
UID-de04245c,2026-03-12 10:20:00,+886-903-884-023,"假投資,資金盤",19,2713224,碩博士,1
UID-de143710,2026-03-12 16:17:00,+886-905-247-971,"債務不履行,退款延遲",2,3000,學生,0
UID-8111d35f,2026-03-13 06:12:00,+886-903-881-042,"假投資,保證獲利",8,641827,上班族,1
UID-41719060,2026-03-13 05:52:00,+886-902-106-494,"假員警,偵查不公開",1,4297258,70+ 長者,1
UID-b4b815a6,2026-03-12 21:45:00,+886-902-152-413,"假員警,偵查不公開",3,6950823,50-69 中高齡,1
UID-de453d15,2026-03-12 09:39:00,+886-903-882-071,"假投資,保證獲利",10,4946234,上班族,1
UID-ec08f90e,2026-03-13 08:05:00,+886-902-101-805,"假冒郵局,普發現金冒領",1,5135667,70+ 長者,1
UID-5181003e,2026-03-13 00:30:00,+886-902-103-700,"假扣押財產,面交黃金白銀",3,6015792,50-69 中高齡,1
UID-2ed484ad,2026-03-12 18:01:00,+886-904-990-072,"網路交友,AI濾鏡假冒",2,42523,碩博士,1
UID-b87bf125,2026-03-12 20:23:00,+886-904-119-044,"Threads廣告,假兼職",29,106829,大專院校,1
UID-460b1b0f,2026-03-13 05:46:00,+886-901-996-027,"網路購物詐騙,ATM操作",151,37881,大專院校,1
UID-5e5ae043,2026-03-13 04:42:00,+886-901-940-037,"網路購物詐騙,假賣場",313,31805,學生,1
UID-1ed7c47d,2026-03-13 03:41:00,+886-905-835-152,"正常投資諮詢,理財規劃",2,15000,50-69 中高齡,0
UID-71d2f450,2026-03-13 01:26:00,+886-905-200-896,"司法文書送達,正常公務",2,15000,高中職以下,0
UID-8a802a37,2026-03-12 10:58:00,+886-904-875-091,"Threads廣告,假兼職",7,10249,大專院校,1
UID-56d9bc82,2026-03-13 07:18:00,+886-901-285-021,"幽靈包裹,超商取貨",154,26450,高中職以下,1
UID-3c8833c3,2026-03-12 15:12:00,+886-905-684-586,"正常投資諮詢,理財規劃",2,3000,高中職以下,0
UID-a3017de0,2026-03-13 08:11:00,+886-902-186-699,"假檢警,監管帳戶",2,7517259,70+ 長者,1
UID-285b1cb5,2026-03-12 21:32:00,+886-905-329-739,"交易糾紛,商品瑕疵",2,500,70+ 長者,0
UID-96915819,2026-03-13 06:38:00,+886-905-756-611,"交易糾紛,商品瑕疵",1,15000,高中職以下,0
UID-f33c8bfc,2026-03-13 08:20:00,+886-903-886-035,"假投資,虛擬貨幣,高報酬",15,4816152,碩博士,1
UID-9abf294c,2026-03-13 05:21:00,+886-905-317-944,"正常投資諮詢,理財規劃",2,500,學生,0
UID-c2b3d413,2026-03-13 06:06:00,+886-905-972-339,"交易糾紛,商品瑕疵",2,0,50-69 中高齡,0
UID-da0c7712,2026-03-12 23:35:00,+886-903-882-058,"假投資,內線交易,VIP通道",18,3168047,上班族,1
UID-6c1898f7,2026-03-13 08:44:00,+886-902-184-737,"假員警,偵查不公開",3,727033,70+ 長者,1
UID-56d96e9d,2026-03-12 12:57:00,+886-903-887-089,"假投資,資金盤",12,2771750,碩博士,1
UID-cff56a67,2026-03-13 01:24:00,+886-901-934-006,"網路購物詐騙,ATM操作",462,26375,上班族,1
UID-5f3d1641,2026-03-12 10:10:00,+886-904-311-025,"網路交友,要求儲值,點數卡",21,130677,學生,1
UID-635c7cf0,2026-03-12 11:29:00,+886-905-627-751,"一般客訴,服務態度",1,15000,70+ 長者,0
UID-94c7b699,2026-03-12 10:50:00,+886-904-518-026,"Threads廣告,假兼職",9,133343,上班族,1
UID-4ca10ad6,2026-03-12 09:07:00,+886-904-145-098,"殺豬盤,平台無法出金",9,17516,大專院校,1
UID-58e5ed6d,2026-03-12 12:35:00,+886-902-161-523,"假扣押財產,面交黃金白銀",1,5580821,70+ 長者,1
UID-7465193f,2026-03-12 09:32:00,+886-903-885-060,"假投資,內線交易,VIP通道",10,2642947,上班族,1
UID-e9fd5d7d,2026-03-12 15:51:00,+886-903-884-078,"假投資,保證獲利",14,1801574,碩博士,1
UID-337f66fc,2026-03-13 04:57:00,+886-903-885-081,"假投資,內線交易,VIP通道",7,1287395,上班族,1
UID-dac0d4a3,2026-03-12 17:02:00,+886-901-871-036,"網路購物詐騙,解除分期付款",151,27668,高中職以下,1
UID-3cc0f75a,2026-03-13 02:34:00,+886-901-983-020,"網路購物詐騙,ATM操作",247,11167,學生,1
UID-377f3bbe,2026-03-12 21:38:00,+886-904-599-012,"網路交友,AI濾鏡假冒",8,12785,上班族,1
UID-12eeb38c,2026-03-12 10:16:00,+886-905-518-104,"正常投資諮詢,理財規劃",1,500,學生,0
UID-6e8bc3cf,2026-03-13 06:01:00,+886-905-989-431,"債務不履行,退款延遲",2,3000,大專院校,0
UID-40495b06,2026-03-12 14:38:00,+886-905-418-371,"司法文書送達,正常公務",2,500,70+ 長者,0
UID-947c696a,2026-03-12 14:26:00,+886-903-885-044,"假投資,資金盤",12,2418238,碩博士,1
UID-1dbab7c7,2026-03-12 13:55:00,+886-903-884-043,"假投資,資金盤",13,3881419,50-69 中高齡,1
UID-953d7e15,2026-03-12 20:53:00,+886-904-252-002,"殺豬盤,平台無法出金",24,136745,上班族,1
UID-d406e7f8,2026-03-12 14:32:00,+886-905-702-450,"司法文書送達,正常公務",2,500,大專院校,0
UID-d54edfb3,2026-03-13 00:21:00,+886-902-151-860,"假冒郵局,普發現金冒領",3,6122554,50-69 中高齡,1
UID-69cfa5b6,2026-03-12 19:30:00,+886-905-579-193,"債務不履行,退款延遲",1,3000,學生,0
UID-51c89d51,2026-03-12 23:06:00,+886-901-585-038,"網路購物詐騙,假賣場",155,5625,大專院校,1
UID-6501e11f,2026-03-13 01:24:00,+886-903-880-070,"假投資,資金盤",20,2636943,上班族,1
UID-0135f2f3,2026-03-12 09:08:00,+886-999-999-999,"機器人測試,惡意灌水",8542,0,未知,0
UID-fecdb85f,2026-03-12 22:00:00,+886-904-617-029,"殺豬盤,平台無法出金",22,107922,上班族,1
UID-3c76b6ca,2026-03-12 14:19:00,+886-904-955-071,"Threads廣告,假兼職",10,69274,學生,1
UID-932f41ba,2026-03-12 09:23:00,+886-905-199-752,"債務不履行,退款延遲",2,15000,學生,0
UID-ecac8526,2026-03-13 01:01:00,+886-905-501-695,"一般客訴,服務態度",1,0,學生,0
UID-9ecd2adb,2026-03-12 21:38:00,+886-903-889-085,"假投資,虛擬貨幣,高報酬",17,1840840,50-69 中高齡,1
UID-bb0cde96,2026-03-13 08:59:00,+886-905-864-250,"司法文書送達,正常公務",1,500,學生,0
UID-ea9aa748,2026-03-13 07:46:00,+886-903-883-018,"假投資,資金盤",5,1407203,上班族,1
UID-86d5f543,2026-03-13 04:12:00,+886-905-725-968,"交易糾紛,商品瑕疵",2,15000,50-69 中高齡,0
UID-e1b3b17d,2026-03-13 04:15:00,+886-902-122-872,"假冒郵局,普發現金冒領",3,4413668,70+ 長者,1
UID-4693939f,2026-03-12 10:05:00,+886-904-400-014,"網路交友,AI濾鏡假冒",11,5949,碩博士,1
UID-2e5caf0c,2026-03-13 07:09:00,+886-902-120-965,"假檢警,監管帳戶",2,6870524,碩博士,1
UID-1c509abb,2026-03-12 12:15:00,+886-901-769-010,"幽靈包裹,超商取貨",163,11185,大專院校,1
UID-86d8f213,2026-03-13 01:31:00,+886-904-470-072,"Threads廣告,假兼職",29,127519,上班族,1
UID-ccb71fb4,2026-03-12 09:09:00,+886-903-884-022,"假投資,內線交易,VIP通道",6,3369340,50-69 中高齡,1
UID-6ef6eff4,2026-03-12 14:59:00,+886-902-136-459,"假員警,偵查不公開",3,4730613,70+ 長者,1
UID-909b0be9,2026-03-13 02:01:00,+886-901-232-024,"網路購物詐騙,解除分期付款",176,23977,學生,1
UID-f2ceb8bc,2026-03-13 06:13:00,+886-905-781-867,"交易糾紛,商品瑕疵",2,500,50-69 中高齡,0
UID-5a261fb9,2026-03-12 09:33:00,+886-901-525-042,"幽靈包裹,超商取貨",161,41197,上班族,1
UID-53369cb8,2026-03-12 09:57:00,+886-904-714-042,"Threads廣告,假兼職",25,137089,碩博士,1
UID-fa96b966,2026-03-13 02:59:00,+886-905-490-627,"債務不履行,退款延遲",2,0,上班族,0
UID-7bc61009,2026-03-12 22:41:00,+886-905-594-402,"司法文書送達,正常公務",1,3000,大專院校,0
UID-9749d83b,2026-03-12 20:10:00,+886-905-522-437,"司法文書送達,正常公務",2,3000,70+ 長者,0
UID-16f91030,2026-03-12 09:35:00,+886-901-580-029,"網路購物詐騙,ATM操作",236,12827,高中職以下,1
UID-094c1c64,2026-03-13 00:34:00,+886-901-896-039,"網路購物詐騙,ATM操作",170,39338,高中職以下,1
UID-6ecbe8ef,2026-03-13 06:39:00,+886-905-505-170,"正常投資諮詢,理財規劃",2,500,50-69 中高齡,0
UID-acaf1875,2026-03-13 05:21:00,+886-903-881-002,"假投資,資金盤",10,1722712,上班族,1
UID-67421da9,2026-03-13 04:24:00,+886-905-335-912,"債務不履行,退款延遲",1,15000,上班族,0
UID-a4db6d45,2026-03-12 10:10:00,+886-901-589-047,"幽靈包裹,超商取貨",181,8723,大專院校,1
UID-55790217,2026-03-13 08:35:00,+886-905-338-510,"交易糾紛,商品瑕疵",2,3000,大專院校,0
UID-645a2857,2026-03-12 16:14:00,+886-902-107-322,"假員警,偵查不公開",3,4876655,50-69 中高齡,1
UID-19b58495,2026-03-13 03:19:00,+886-903-884-091,"假投資,內線交易,VIP通道",17,4073372,上班族,1
UID-fe8164a7,2026-03-12 20:17:00,+886-905-232-179,"一般客訴,服務態度",1,3000,碩博士,0
UID-fb0e5d20,2026-03-12 18:39:00,+886-905-149-241,"交易糾紛,商品瑕疵",2,15000,高中職以下,0
UID-369ca03b,2026-03-13 02:22:00,+886-903-882-081,"假投資,內線交易,VIP通道",10,4149675,上班族,1
UID-c88f0810,2026-03-12 17:51:00,+886-902-198-786,"假員警,偵查不公開",1,1179570,50-69 中高齡,1
UID-85a18067,2026-03-12 19:31:00,+886-902-189-375,"假檢警,監管帳戶",1,5993919,70+ 長者,1
UID-51cb409b,2026-03-12 19:28:00,+886-905-545-369,"正常投資諮詢,理財規劃",1,500,學生,0
UID-c419a9a7,2026-03-12 21:36:00,+886-901-228-037,"網路購物詐騙,假賣場",160,21038,大專院校,1
UID-f5cfb767,2026-03-12 12:21:00,+886-901-273-039,"網路購物詐騙,解除分期付款",291,23550,大專院校,1
UID-88f17ac6,2026-03-12 12:06:00,+886-902-181-161,"假冒郵局,普發現金冒領",1,5372941,50-69 中高齡,1
UID-249e84b7,2026-03-12 16:33:00,+886-905-180-440,"債務不履行,退款延遲",1,0,碩博士,0
UID-0ec531be,2026-03-12 18:56:00,+886-904-289-023,"網路交友,要求儲值,點數卡",7,94961,大專院校,1
UID-489d001b,2026-03-13 03:30:00,+886-902-187-817,"假扣押財產,面交黃金白銀",1,7193975,50-69 中高齡,1
UID-4ebc0aa7,2026-03-12 09:06:00,+886-901-155-032,"網路購物詐騙,ATM操作",488,4597,高中職以下,1
UID-27ae333c,2026-03-13 08:34:00,+886-901-815-040,"網路購物詐騙,解除分期付款",168,20101,學生,1
UID-2226fd00,2026-03-12 23:58:00,+886-901-784-016,"網路購物詐騙,解除分期付款",210,4463,大專院校,1
UID-8d987108,2026-03-12 14:39:00,+886-904-521-068,"網路交友,要求儲值,點數卡",16,63442,碩博士,1
UID-a6dc126e,2026-03-12 17:13:00,+886-901-931-020,"網路購物詐騙,解除分期付款",195,39119,學生,1
UID-15b65d2c,2026-03-13 04:51:00,+886-904-357-081,"Threads廣告,假兼職",28,23842,碩博士,1
UID-ffde7346,2026-03-12 21:32:00,+886-901-252-042,"網路購物詐騙,解除分期付款",157,37479,上班族,1
UID-27f6441e,2026-03-12 23:40:00,+886-904-164-007,"Threads廣告,假兼職",3,140287,學生,1
UID-3a0294a1,2026-03-13 06:02:00,+886-903-887-007,"假投資,資金盤",9,1945974,碩博士,1
UID-6702e331,2026-03-12 17:45:00,+886-902-157-953,"假冒郵局,普發現金冒領",3,2485472,70+ 長者,1
UID-1536c04d,2026-03-12 23:57:00,+886-902-118-949,"假檢警,監管帳戶",3,1226442,70+ 長者,1
UID-db9aa8e4,2026-03-13 08:50:00,+886-904-470-021,"網路交友,AI濾鏡假冒",14,104099,學生,1
UID-1d27d246,2026-03-13 00:44:00,+886-902-142-271,"假檢警,監管帳戶",3,3628806,50-69 中高齡,1
UID-90b7472b,2026-03-13 08:17:00,+886-902-195-142,"假檢警,監管帳戶",3,2926526,70+ 長者,1
UID-9d0b1b70,2026-03-12 19:29:00,+886-905-875-442,"正常投資諮詢,理財規劃",2,500,大專院校,0
UID-3979c91a,2026-03-12 13:36:00,+886-902-130-486,"假扣押財產,面交黃金白銀",3,2332067,70+ 長者,1
UID-b6bd00ee,2026-03-12 10:32:00,+886-902-188-761,"假檢警,監管帳戶",2,915154,70+ 長者,1
UID-85095747,2026-03-12 22:45:00,+886-904-407-071,"殺豬盤,平台無法出金",10,3145,碩博士,1
UID-3eebfee5,2026-03-12 19:41:00,+886-905-743-581,"正常投資諮詢,理財規劃",1,15000,上班族,0
UID-507e05c4,2026-03-13 00:41:00,+886-903-886-055,"假投資,虛擬貨幣,高報酬",11,1322094,碩博士,1
UID-b3dd0036,2026-03-13 02:10:00,+886-902-109-558,"假員警,偵查不公開",2,5468256,50-69 中高齡,1
UID-dd15dd99,2026-03-12 13:00:00,+886-904-700-092,"網路交友,AI濾鏡假冒",8,8943,大專院校,1
UID-48d3a5f7,2026-03-13 03:14:00,+886-905-988-479,"交易糾紛,商品瑕疵",2,500,高中職以下,0
UID-bcfa9f68,2026-03-12 19:55:00,+886-902-178-580,"假檢警,監管帳戶",1,4016032,70+ 長者,1
UID-d96384d6,2026-03-12 14:21:00,+886-904-228-008,"Threads廣告,假兼職",2,109673,學生,1
UID-b4f738e2,2026-03-12 14:58:00,+886-904-911-051,"網路交友,要求儲值,點數卡",23,124245,上班族,1
UID-995354eb,2026-03-12 23:28:00,+886-902-122-298,"假冒郵局,普發現金冒領",3,5486856,碩博士,1
UID-295016f2,2026-03-12 21:05:00,+886-905-215-390,"正常投資諮詢,理財規劃",2,500,高中職以下,0
UID-6ee9b4f2,2026-03-13 00:35:00,+886-903-889-007,"假投資,內線交易,VIP通道",12,2286615,50-69 中高齡,1
UID-55f8b588,2026-03-12 17:55:00,+886-903-887-091,"假投資,內線交易,VIP通道",15,2604596,碩博士,1
UID-0a2b00a9,2026-03-13 04:24:00,+886-905-897-294,"交易糾紛,商品瑕疵",2,500,碩博士,0
UID-7de427af,2026-03-12 15:52:00,+886-904-500-068,"網路交友,要求儲值,點數卡",12,27746,學生,1
UID-9040096d,2026-03-13 04:25:00,+886-901-891-010,"網路購物詐騙,解除分期付款",152,22534,學生,1
UID-d288e734,2026-03-12 22:14:00,+886-903-881-085,"假投資,資金盤",10,1327844,上班族,1
UID-5abc07c4,2026-03-12 09:36:00,+886-903-881-010,"假投資,保證獲利",18,4908741,上班族,1
UID-c49928e4,2026-03-12 14:26:00,+886-903-882-033,"假投資,保證獲利",8,208605,上班族,1
UID-a2c6de8c,2026-03-13 00:09:00,+886-903-884-084,"假投資,資金盤",14,828301,碩博士,1
UID-c02c1f2d,2026-03-13 06:40:00,+886-903-888-085,"假投資,內線交易,VIP通道",13,4890997,碩博士,1
UID-bbda96c2,2026-03-13 02:49:00,+886-903-888-029,"假投資,資金盤",14,2359002,上班族,1
UID-a9d051b5,2026-03-12 23:18:00,+886-903-888-069,"假投資,保證獲利",15,227872,碩博士,1
UID-33a46e74,2026-03-13 05:12:00,+886-903-886-087,"假投資,虛擬貨幣,高報酬",11,128591,50-69 中高齡,1
UID-41900c95,2026-03-12 15:12:00,+886-905-592-407,"債務不履行,退款延遲",2,3000,高中職以下,0
UID-d07d24f6,2026-03-13 03:52:00,+886-905-179-850,"一般客訴,服務態度",1,15000,高中職以下,0
UID-435d1594,2026-03-12 16:40:00,+886-901-354-024,"網路購物詐騙,ATM操作",204,37683,高中職以下,1
UID-773a7d5d,2026-03-13 07:26:00,+886-904-491-097,"網路交友,要求儲值,點數卡",12,4598,上班族,1
UID-644a9571,2026-03-12 10:32:00,+886-904-854-001,"網路交友,要求儲值,點數卡",22,146075,碩博士,1
UID-8fd202cd,2026-03-13 01:28:00,+886-903-888-097,"假投資,內線交易,VIP通道",9,3670378,上班族,1
UID-e63e14b3,2026-03-13 05:55:00,+886-904-488-031,"網路交友,AI濾鏡假冒",21,81819,碩博士,1
UID-4fcaf11e,2026-03-12 09:03:00,+886-999-999-999,"機器人測試,惡意灌水",8184,0,未知,0
UID-c6c4f5c0,2026-03-13 01:32:00,+886-903-880-051,"假投資,資金盤",13,744209,碩博士,1
UID-4b5e48f7,2026-03-12 09:38:00,+886-905-340-426,"債務不履行,退款延遲",1,500,上班族,0
UID-7e03e9cc,2026-03-13 00:16:00,+886-903-883-031,"假投資,內線交易,VIP通道",5,4758813,上班族,1
UID-18a66c55,2026-03-13 03:53:00,+886-901-333-035,"網路購物詐騙,假賣場",489,34420,學生,1
UID-b74e42a9,2026-03-12 18:23:00,+886-902-150-869,"假扣押財產,面交黃金白銀",2,7133928,70+ 長者,1
UID-b896eeb0,2026-03-12 09:03:00,+886-999-999-999,"機器人測試,惡意灌水",10434,0,未知,0
UID-427de887,2026-03-12 10:43:00,+886-905-675-701,"交易糾紛,商品瑕疵",2,3000,70+ 長者,0
UID-73b3e892,2026-03-12 10:25:00,+886-901-415-035,"幽靈包裹,超商取貨",184,40551,大專院校,1
UID-39ed8a2c,2026-03-13 03:58:00,+886-905-265-953,"正常投資諮詢,理財規劃",1,3000,50-69 中高齡,0
UID-1e96a68b,2026-03-12 18:25:00,+886-905-511-655,"一般客訴,服務態度",2,3000,學生,0
UID-6c210fc6,2026-03-12 12:51:00,+886-903-889-020,"假投資,虛擬貨幣,高報酬",8,758583,碩博士,1
UID-6a9a9dda,2026-03-13 05:34:00,+886-903-888-031,"假投資,內線交易,VIP通道",10,3657309,碩博士,1
UID-37857aab,2026-03-12 14:07:00,+886-905-811-807,"債務不履行,退款延遲",1,500,高中職以下,0
UID-8dc78504,2026-03-12 15:23:00,+886-903-882-028,"假投資,保證獲利",9,360195,碩博士,1
UID-a1931724,2026-03-13 03:46:00,+886-905-781-749,"債務不履行,退款延遲",2,0,高中職以下,0
UID-44dfb119,2026-03-12 23:53:00,+886-905-457-370,"一般客訴,服務態度",1,3000,學生,0
UID-d11d5b14,2026-03-13 08:26:00,+886-905-123-342,"一般客訴,服務態度",1,15000,碩博士,0
UID-bf763591,2026-03-12 15:01:00,+886-904-997-015,"網路交友,AI濾鏡假冒",10,39736,學生,1
UID-5c8b92f8,2026-03-12 21:11:00,+886-905-986-976,"司法文書送達,正常公務",1,0,學生,0
UID-155a4a35,2026-03-13 06:06:00,+886-905-283-203,"司法文書送達,正常公務",2,3000,上班族,0
UID-f2a9a1f8,2026-03-13 08:56:00,+886-903-881-018,"假投資,保證獲利",13,1524956,碩博士,1
UID-d19d1f50,2026-03-12 22:04:00,+886-902-102-497,"假員警,偵查不公開",2,3380682,70+ 長者,1
UID-4eae0973,2026-03-12 21:59:00,+886-902-192-319,"假檢警,監管帳戶",1,5700037,70+ 長者,1
UID-9b757762,2026-03-12 21:37:00,+886-905-693-194,"正常投資諮詢,理財規劃",1,15000,70+ 長者,0
UID-7f197793,2026-03-12 19:46:00,+886-901-390-011,"幽靈包裹,超商取貨",253,27114,大專院校,1
UID-108606e0,2026-03-12 15:48:00,+886-903-882-019,"假投資,虛擬貨幣,高報酬",14,1193422,50-69 中高齡,1
UID-6d56945c,2026-03-13 06:35:00,+886-904-369-069,"網路交友,AI濾鏡假冒",11,14846,大專院校,1
UID-2db53c20,2026-03-12 22:13:00,+886-903-884-076,"假投資,保證獲利",17,3829388,碩博士,1
UID-663ab7c6,2026-03-13 04:35:00,+886-905-449-269,"一般客訴,服務態度",2,15000,大專院校,0
UID-57f632a3,2026-03-12 16:19:00,+886-902-197-458,"假冒郵局,普發現金冒領",2,5400692,50-69 中高齡,1
UID-71008d68,2026-03-13 02:03:00,+886-903-880-027,"假投資,資金盤",18,678172,碩博士,1
UID-dfeac481,2026-03-13 04:10:00,+886-905-115-209,"司法文書送達,正常公務",1,500,50-69 中高齡,0
UID-5ea436d2,2026-03-12 23:38:00,+886-901-270-010,"網路購物詐騙,ATM操作",176,4108,學生,1
UID-ccafcb0f,2026-03-13 02:23:00,+886-904-669-047,"網路交友,AI濾鏡假冒",17,123449,大專院校,1
UID-8db3481b,2026-03-12 09:59:00,+886-904-409-017,"Threads廣告,假兼職",19,78507,大專院校,1
UID-249956f6,2026-03-13 04:05:00,+886-903-881-088,"假投資,虛擬貨幣,高報酬",20,3523929,50-69 中高齡,1
UID-78596ed7,2026-03-12 13:48:00,+886-905-702-293,"債務不履行,退款延遲",2,500,50-69 中高齡,0
UID-c732af9e,2026-03-12 20:09:00,+886-903-886-044,"假投資,資金盤",14,109484,上班族,1
UID-32ec9663,2026-03-13 07:34:00,+886-904-691-049,"網路交友,AI濾鏡假冒",2,106537,上班族,1
UID-5bfda7b8,2026-03-12 21:15:00,+886-904-121-042,"網路交友,AI濾鏡假冒",2,15021,上班族,1
UID-378a91d0,2026-03-13 01:01:00,+886-902-194-428,"假冒郵局,普發現金冒領",1,5958020,碩博士,1
UID-525fa6cd,2026-03-12 18:46:00,+886-904-426-059,"Threads廣告,假兼職",18,69526,碩博士,1
UID-50589970,2026-03-13 05:50:00,+886-905-266-295,"債務不履行,退款延遲",2,0,碩博士,0
UID-e6c99f8a,2026-03-12 22:18:00,+886-901-545-018,"網路購物詐騙,假賣場",202,14457,大專院校,1
UID-1b9c7d33,2026-03-12 22:29:00,+886-903-888-042,"假投資,虛擬貨幣,高報酬",5,1591054,上班族,1
UID-94e3f849,2026-03-13 06:23:00,+886-903-885-081,"假投資,內線交易,VIP通道",7,4619893,大專院校,1
UID-ab2f662f,2026-03-13 02:18:00,+886-903-882-008,"假投資,虛擬貨幣,高報酬",11,4721748,上班族,1
UID-33588eb6,2026-03-12 16:41:00,+886-904-384-058,"Threads廣告,假兼職",6,112540,上班族,1
UID-662c7030,2026-03-12 18:12:00,+886-902-157-463,"假扣押財產,面交黃金白銀",3,3494792,50-69 中高齡,1
UID-afc76257,2026-03-13 00:26:00,+886-901-101-049,"網路購物詐騙,解除分期付款",300,3829,高中職以下,1
UID-7854475d,2026-03-12 09:08:00,+886-902-168-607,"假冒郵局,普發現金冒領",1,6212441,70+ 長者,1
UID-63725382,2026-03-12 10:54:00,+886-903-888-065,"假投資,資金盤",20,1035935,50-69 中高齡,1
UID-0c154c2f,2026-03-13 01:04:00,+886-904-658-015,"Threads廣告,假兼職",12,27296,上班族,1
UID-06da4e56,2026-03-12 22:28:00,+886-905-697-949,"交易糾紛,商品瑕疵",2,3000,學生,0
UID-896336f6,2026-03-12 21:14:00,+886-903-881-039,"假投資,保證獲利",11,2291229,大專院校,1
UID-1ba87d6e,2026-03-13 02:42:00,+886-905-588-442,"債務不履行,退款延遲",1,3000,大專院校,0
UID-4153ac22,2026-03-13 08:06:00,+886-905-189-560,"司法文書送達,正常公務",1,3000,50-69 中高齡,0
UID-66e110b1,2026-03-13 06:45:00,+886-905-361-433,"債務不履行,退款延遲",1,15000,碩博士,0
UID-bb977f4c,2026-03-13 00:51:00,+886-905-578-525,"交易糾紛,商品瑕疵",2,500,碩博士,0
UID-5baa01ae,2026-03-12 10:51:00,+886-903-881-092,"假投資,內線交易,VIP通道",6,3625688,碩博士,1
UID-7a1288c6,2026-03-12 10:22:00,+886-905-343-617,"債務不履行,退款延遲",1,500,70+ 長者,0
UID-36efea06,2026-03-12 14:43:00,+886-905-252-218,"交易糾紛,商品瑕疵",2,15000,學生,0
UID-b26715e3,2026-03-12 19:05:00,+886-905-644-360,"一般客訴,服務態度",1,500,上班族,0
UID-573a56e2,2026-03-12 17:40:00,+886-905-618-226,"一般客訴,服務態度",1,3000,學生,0
UID-57523e30,2026-03-12 15:58:00,+886-903-882-077,"假投資,資金盤",14,798902,碩博士,1
UID-16bd0268,2026-03-12 19:15:00,+886-902-111-733,"假扣押財產,面交黃金白銀",1,814806,碩博士,1
UID-b68430f5,2026-03-13 05:45:00,+886-901-744-020,"網路購物詐騙,假賣場",669,22501,高中職以下,1
UID-c5b93752,2026-03-12 14:10:00,+886-905-591-210,"交易糾紛,商品瑕疵",2,0,70+ 長者,0
UID-6c73bde9,2026-03-13 07:27:00,+886-903-886-058,"假投資,內線交易,VIP通道",18,4695719,碩博士,1
UID-b72499af,2026-03-12 22:40:00,+886-905-953-164,"一般客訴,服務態度",2,15000,碩博士,0
UID-58b97d7c,2026-03-12 14:24:00,+886-905-933-555,"債務不履行,退款延遲",2,15000,高中職以下,0
UID-3acf66e5,2026-03-12 18:01:00,+886-904-502-020,"網路交友,要求儲值,點數卡",6,67240,上班族,1
UID-941cdd51,2026-03-12 19:50:00,+886-903-880-073,"假投資,虛擬貨幣,高報酬",14,2773011,大專院校,1
UID-6ad6efe8,2026-03-13 06:52:00,+886-901-236-019,"幽靈包裹,超商取貨",162,31199,高中職以下,1
UID-b102e19e,2026-03-12 16:59:00,+886-902-126-787,"假員警,偵查不公開",2,3001278,70+ 長者,1
UID-8c7ec3a1,2026-03-12 15:09:00,+886-905-886-255,"債務不履行,退款延遲",1,3000,大專院校,0
UID-d3446f76,2026-03-12 20:49:00,+886-903-889-080,"假投資,內線交易,VIP通道",6,3199747,上班族,1
UID-bb84eeb5,2026-03-13 03:07:00,+886-905-298-577,"交易糾紛,商品瑕疵",2,0,學生,0
UID-609648af,2026-03-13 01:45:00,+886-903-883-014,"假投資,虛擬貨幣,高報酬",6,960412,碩博士,1
UID-03884bc7,2026-03-12 20:06:00,+886-905-808-271,"債務不履行,退款延遲",2,500,上班族,0
UID-86caa80f,2026-03-12 09:02:00,+886-905-495-546,"正常投資諮詢,理財規劃",1,500,碩博士,0
UID-bf0fe2ec,2026-03-12 10:23:00,+886-901-169-009,"幽靈包裹,超商取貨",181,18906,大專院校,1
UID-fc6358c1,2026-03-13 04:32:00,+886-905-582-803,"正常投資諮詢,理財規劃",1,0,學生,0
UID-6fd71a08,2026-03-12 20:54:00,+886-903-889-025,"假投資,資金盤",6,3113398,碩博士,1
UID-83372ac8,2026-03-12 13:26:00,+886-905-525-981,"一般客訴,服務態度",1,15000,大專院校,0
UID-e05df160,2026-03-13 00:51:00,+886-904-720-063,"網路交友,AI濾鏡假冒",5,114660,學生,1
UID-537cd1a7,2026-03-12 11:44:00,+886-905-512-957,"一般客訴,服務態度",2,0,50-69 中高齡,0
UID-de6f980c,2026-03-12 16:07:00,+886-903-889-011,"假投資,資金盤",8,166706,碩博士,1
UID-07cead4b,2026-03-13 00:33:00,+886-903-881-053,"假投資,保證獲利",9,4374897,碩博士,1
UID-4fa53fc7,2026-03-12 10:46:00,+886-903-880-073,"假投資,虛擬貨幣,高報酬",10,235468,碩博士,1
UID-d3aca0c4,2026-03-12 13:46:00,+886-902-173-563,"假檢警,監管帳戶",3,1364192,70+ 長者,1
UID-b26419f2,2026-03-12 19:21:00,+886-904-580-056,"Threads廣告,假兼職",24,131826,上班族,1
UID-cc92535b,2026-03-12 18:42:00,+886-902-107-405,"假檢警,監管帳戶",2,2535805,70+ 長者,1
UID-3b8b6855,2026-03-12 21:52:00,+886-903-888-050,"假投資,資金盤",9,437630,碩博士,1
UID-a4cda67e,2026-03-13 02:53:00,+886-904-413-093,"殺豬盤,平台無法出金",14,145255,上班族,1
UID-5764d690,2026-03-12 23:11:00,+886-903-882-056,"假投資,虛擬貨幣,高報酬",5,1450056,碩博士,1
UID-88cc1dc1,2026-03-13 05:51:00,+886-903-889-098,"假投資,資金盤",17,2980664,碩博士,1
UID-c079a882,2026-03-13 05:44:00,+886-905-921-743,"債務不履行,退款延遲",1,0,高中職以下,0
UID-88b8f40d,2026-03-12 14:21:00,+886-905-830-844,"正常投資諮詢,理財規劃",2,0,70+ 長者,0
UID-6fa2fc82,2026-03-12 19:44:00,+886-905-353-869,"債務不履行,退款延遲",1,0,上班族,0
UID-553f07f0,2026-03-12 14:23:00,+886-905-849-384,"正常投資諮詢,理財規劃",1,15000,高中職以下,0
UID-ec7d7ddd,2026-03-12 17:00:00,+886-902-138-215,"假員警,偵查不公開",1,5024838,碩博士,1
UID-c2ae6f8c,2026-03-13 08:14:00,+886-904-261-080,"殺豬盤,平台無法出金",21,80769,大專院校,1
UID-640a7dee,2026-03-13 08:15:00,+886-905-788-514,"交易糾紛,商品瑕疵",1,0,上班族,0
UID-2035a3bc,2026-03-12 23:30:00,+886-904-380-036,"Threads廣告,假兼職",18,85867,大專院校,1
UID-bfed11b6,2026-03-12 12:56:00,+886-904-686-058,"Threads廣告,假兼職",11,56210,學生,1
UID-54810a94,2026-03-13 07:59:00,+886-901-660-044,"網路購物詐騙,ATM操作",163,27399,高中職以下,1
UID-da7ba2d4,2026-03-13 01:41:00,+886-905-476-207,"交易糾紛,商品瑕疵",2,3000,高中職以下,0
UID-1d07fbb4,2026-03-13 07:37:00,+886-904-521-094,"網路交友,要求儲值,點數卡",12,103765,上班族,1
UID-37b0f4d9,2026-03-12 22:47:00,+886-905-668-395,"債務不履行,退款延遲",1,0,大專院校,0
UID-6e81aaeb,2026-03-12 16:33:00,+886-902-183-686,"假冒郵局,普發現金冒領",1,6862366,70+ 長者,1
UID-b78fed1d,2026-03-13 03:15:00,+886-903-889-005,"假投資,虛擬貨幣,高報酬",17,4605342,碩博士,1
UID-00e5f1c7,2026-03-13 01:01:00,+886-904-623-077,"殺豬盤,平台無法出金",20,11327,學生,1
UID-4aee0cc5,2026-03-13 07:45:00,+886-901-850-030,"網路購物詐騙,解除分期付款",166,29813,上班族,1
UID-e9c52d5b,2026-03-12 09:09:00,+886-999-999-999,"機器人測試,惡意灌水",14683,0,未知,0
UID-712701b9,2026-03-12 18:35:00,+886-904-220-017,"網路交友,要求儲值,點數卡",14,66152,上班族,1
UID-17023290,2026-03-12 11:14:00,+886-901-659-001,"網路購物詐騙,假賣場",236,25294,大專院校,1
UID-7d199640,2026-03-12 19:56:00,+886-904-928-077,"網路交友,AI濾鏡假冒",7,85103,碩博士,1
UID-ee3e316a,2026-03-13 04:36:00,+886-901-654-036,"幽靈包裹,超商取貨",220,43145,大專院校,1
UID-7425ca15,2026-03-12 18:02:00,+886-901-396-040,"網路購物詐騙,解除分期付款",378,11615,大專院校,1
UID-c8765ab0,2026-03-13 08:27:00,+886-905-970-910,"正常投資諮詢,理財規劃",2,500,大專院校,0
UID-c84e61e9,2026-03-13 05:46:00,+886-904-932-031,"網路交友,AI濾鏡假冒",24,47278,大專院校,1
UID-b4282295,2026-03-12 09:02:00,+886-999-999-999,"機器人測試,惡意灌水",12765,0,未知,0
UID-35c4e7a7,2026-03-13 08:22:00,+886-905-427-226,"司法文書送達,正常公務",2,500,高中職以下,0
UID-ce26b1a1,2026-03-12 17:06:00,+886-903-882-003,"假投資,資金盤",18,2858797,碩博士,1
UID-c659bd2a,2026-03-12 19:39:00,+886-902-124-367,"假檢警,監管帳戶",3,3180641,碩博士,1
UID-1c2156b5,2026-03-13 07:08:00,+886-903-887-005,"假投資,虛擬貨幣,高報酬",8,4487384,上班族,1
UID-6652ed24,2026-03-13 08:22:00,+886-905-562-230,"司法文書送達,正常公務",2,3000,70+ 長者,0
UID-55dccaf0,2026-03-13 04:51:00,+886-905-342-995,"司法文書送達,正常公務",2,3000,碩博士,0
UID-3b090ba1,2026-03-13 04:07:00,+886-903-888-051,"假投資,虛擬貨幣,高報酬",17,733877,上班族,1
UID-7c7f1e4e,2026-03-13 02:47:00,+886-904-412-020,"殺豬盤,平台無法出金",22,92575,大專院校,1
UID-7a1aa66a,2026-03-13 08:04:00,+886-902-151-130,"假扣押財產,面交黃金白銀",2,7687407,70+ 長者,1
UID-6126ccf9,2026-03-13 08:24:00,+886-901-507-031,"網路購物詐騙,解除分期付款",312,14657,高中職以下,1
UID-2ca66248,2026-03-12 14:24:00,+886-903-888-045,"假投資,保證獲利",14,4600136,50-69 中高齡,1
UID-2e5a7533,2026-03-12 10:09:00,+886-905-113-561,"正常投資諮詢,理財規劃",1,500,50-69 中高齡,0
UID-fb3ab8d4,2026-03-12 17:52:00,+886-905-190-959,"正常投資諮詢,理財規劃",2,15000,碩博士,0
UID-411090bc,2026-03-12 17:40:00,+886-905-861-787,"司法文書送達,正常公務",1,500,上班族,0
UID-8c7b3b7a,2026-03-12 10:27:00,+886-903-885-064,"假投資,保證獲利",18,2682044,碩博士,1
UID-f803dbfa,2026-03-13 07:30:00,+886-905-307-928,"債務不履行,退款延遲",2,500,大專院校,0
UID-2ece715b,2026-03-12 19:19:00,+886-901-706-046,"幽靈包裹,超商取貨",173,4061,大專院校,1
UID-2496c8dd,2026-03-12 20:53:00,+886-901-566-023,"網路購物詐騙,假賣場",198,38900,高中職以下,1
UID-835e9e74,2026-03-13 07:18:00,+886-905-372-698,"正常投資諮詢,理財規劃",1,3000,高中職以下,0
UID-9d6d191b,2026-03-12 21:38:00,+886-905-882-399,"一般客訴,服務態度",2,15000,學生,0
UID-35966152,2026-03-12 23:30:00,+886-902-119-207,"假檢警,監管帳戶",3,2965200,70+ 長者,1
UID-520d375c,2026-03-12 14:27:00,+886-905-784-432,"司法文書送達,正常公務",2,15000,高中職以下,0
UID-6eea371e,2026-03-13 02:13:00,+886-903-880-064,"假投資,內線交易,VIP通道",11,4482495,50-69 中高齡,1
UID-41262522,2026-03-12 10:21:00,+886-905-182-965,"一般客訴,服務態度",1,15000,上班族,0
UID-857a67de,2026-03-12 22:47:00,+886-905-439-997,"一般客訴,服務態度",2,500,學生,0
UID-904663b2,2026-03-13 06:51:00,+886-905-797-683,"交易糾紛,商品瑕疵",2,3000,學生,0
UID-229f8b31,2026-03-12 22:26:00,+886-903-886-032,"假投資,保證獲利",15,243916,碩博士,1
UID-ad527494,2026-03-12 13:51:00,+886-905-934-445,"債務不履行,退款延遲",2,500,碩博士,0
UID-1d1a217d,2026-03-13 06:09:00,+886-902-114-582,"假扣押財產,面交黃金白銀",3,2818190,50-69 中高齡,1
UID-5b6a46fc,2026-03-12 13:14:00,+886-901-679-035,"網路購物詐騙,解除分期付款",622,6560,學生,1
UID-34b30f78,2026-03-12 09:49:00,+886-905-952-344,"司法文書送達,正常公務",2,3000,上班族,0
UID-7e40a5e3,2026-03-12 12:40:00,+886-905-402-513,"債務不履行,退款延遲",1,500,碩博士,0
UID-589157a5,2026-03-12 09:32:00,+886-905-948-983,"正常投資諮詢,理財規劃",2,500,上班族,0
UID-94472230,2026-03-12 22:56:00,+886-903-886-068,"假投資,保證獲利",13,1223305,50-69 中高齡,1
UID-85383b13,2026-03-12 22:50:00,+886-901-202-005,"網路購物詐騙,ATM操作",590,30243,大專院校,1
UID-4b25aa1b,2026-03-12 19:34:00,+886-902-105-599,"假檢警,監管帳戶",2,5332811,50-69 中高齡,1
UID-6b40153e,2026-03-13 00:35:00,+886-903-881-026,"假投資,虛擬貨幣,高報酬",8,4620908,碩博士,1
UID-2d9000e5,2026-03-12 10:56:00,+886-902-101-155,"假員警,偵查不公開",2,5845124,碩博士,1
UID-b8e55d32,2026-03-12 14:12:00,+886-903-882-001,"假投資,保證獲利",19,126510,碩博士,1
UID-c10d7d40,2026-03-12 09:31:00,+886-902-144-486,"假冒郵局,普發現金冒領",1,2876848,碩博士,1
UID-14552123,2026-03-13 07:32:00,+886-904-502-080,"殺豬盤,平台無法出金",21,27367,碩博士,1
UID-65c50043,2026-03-13 07:34:00,+886-905-267-629,"一般客訴,服務態度",1,3000,學生,0
UID-85f05121,2026-03-13 02:16:00,+886-905-336-293,"正常投資諮詢,理財規劃",1,3000,上班族,0
UID-b434662c,2026-03-13 02:53:00,+886-903-885-071,"假投資,內線交易,VIP通道",18,2289623,碩博士,1
UID-cc84c689,2026-03-12 16:26:00,+886-905-383-240,"債務不履行,退款延遲",1,500,70+ 長者,0
UID-342a1193,2026-03-13 08:20:00,+886-904-864-094,"殺豬盤,平台無法出金",27,49137,碩博士,1
UID-2f2cd12a,2026-03-13 04:33:00,+886-903-882-051,"假投資,內線交易,VIP通道",9,2532519,上班族,1
UID-fb2f3f43,2026-03-13 02:30:00,+886-904-763-090,"網路交友,AI濾鏡假冒",17,39182,上班族,1
UID-2fe64c72,2026-03-13 05:58:00,+886-905-741-307,"交易糾紛,商品瑕疵",1,15000,大專院校,0
UID-4a201edf,2026-03-12 18:07:00,+886-905-868-761,"交易糾紛,商品瑕疵",2,0,70+ 長者,0
UID-e46ff843,2026-03-13 07:41:00,+886-903-889-085,"假投資,保證獲利",14,827897,碩博士,1
UID-162d7d6b,2026-03-13 05:16:00,+886-905-283-414,"債務不履行,退款延遲",1,3000,碩博士,0
UID-794c9e50,2026-03-12 12:10:00,+886-902-123-297,"假員警,偵查不公開",1,2253229,50-69 中高齡,1
UID-d53fb3e6,2026-03-12 12:06:00,+886-905-152-415,"正常投資諮詢,理財規劃",1,0,50-69 中高齡,0
UID-97628772,2026-03-12 21:59:00,+886-902-177-810,"假員警,偵查不公開",3,4485990,50-69 中高齡,1
UID-d4654a62,2026-03-12 12:37:00,+886-901-317-032,"網路購物詐騙,ATM操作",206,31951,學生,1
UID-003478a1,2026-03-13 01:50:00,+886-904-438-036,"Threads廣告,假兼職",18,101340,大專院校,1
UID-3ab842e9,2026-03-12 17:24:00,+886-903-881-079,"假投資,虛擬貨幣,高報酬",7,929550,碩博士,1
UID-e0469ee2,2026-03-13 02:30:00,+886-901-427-008,"幽靈包裹,超商取貨",241,41455,高中職以下,1
UID-39f06163,2026-03-13 00:01:00,+886-905-520-756,"債務不履行,退款延遲",2,15000,碩博士,0
UID-57393c34,2026-03-13 02:00:00,+886-905-340-871,"債務不履行,退款延遲",1,3000,70+ 長者,0
UID-5e59aaa8,2026-03-12 11:36:00,+886-902-146-195,"假員警,偵查不公開",2,4353824,70+ 長者,1
UID-7cc87fa9,2026-03-12 09:23:00,+886-904-229-088,"網路交友,AI濾鏡假冒",26,143947,碩博士,1
UID-1c8f8f2f,2026-03-12 22:56:00,+886-903-880-064,"假投資,內線交易,VIP通道",11,3486075,碩博士,1
UID-8385a8a3,2026-03-12 20:03:00,+886-904-412-002,"網路交友,要求儲值,點數卡",2,5776,大專院校,1
UID-6d8da8e0,2026-03-12 14:12:00,+886-905-788-637,"債務不履行,退款延遲",2,3000,70+ 長者,0
UID-c32af70a,2026-03-12 09:54:00,+886-903-884-068,"假投資,內線交易,VIP通道",14,4533806,碩博士,1
UID-4a750b4f,2026-03-12 13:33:00,+886-905-939-331,"司法文書送達,正常公務",2,0,50-69 中高齡,0
UID-0592514f,2026-03-13 00:54:00,+886-905-498-462,"債務不履行,退款延遲",2,15000,50-69 中高齡,0
UID-e2042236,2026-03-13 08:17:00,+886-904-485-041,"Threads廣告,假兼職",14,9572,碩博士,1
UID-d763bdc3,2026-03-12 16:26:00,+886-903-889-032,"假投資,保證獲利",6,1767902,碩博士,1
UID-c41ec64c,2026-03-13 02:31:00,+886-905-622-728,"正常投資諮詢,理財規劃",2,15000,高中職以下,0
UID-7a0c509d,2026-03-12 10:10:00,+886-904-473-075,"殺豬盤,平台無法出金",24,32412,上班族,1
UID-e9d23c16,2026-03-13 07:24:00,+886-905-241-771,"正常投資諮詢,理財規劃",2,15000,碩博士,0
UID-9cb29021,2026-03-12 11:39:00,+886-904-506-024,"殺豬盤,平台無法出金",10,142296,上班族,1
UID-eff5726f,2026-03-12 09:03:00,+886-999-999-999,"機器人測試,惡意灌水",10602,0,未知,0
UID-e5c9911f,2026-03-13 04:58:00,+886-903-884-052,"假投資,資金盤",20,1463603,上班族,1
UID-28ca90a4,2026-03-12 09:01:00,+886-905-326-297,"交易糾紛,商品瑕疵",2,15000,50-69 中高齡,0
UID-67d5817e,2026-03-12 17:41:00,+886-905-647-147,"司法文書送達,正常公務",1,3000,50-69 中高齡,0
UID-6dacfb46,2026-03-12 10:18:00,+886-904-711-096,"殺豬盤,平台無法出金",18,56093,上班族,1
UID-4da88caf,2026-03-12 20:10:00,+886-905-443-145,"正常投資諮詢,理財規劃",1,0,學生,0
UID-eb1303cc,2026-03-13 07:48:00,+886-905-913-383,"債務不履行,退款延遲",1,500,大專院校,0
UID-24713bfb,2026-03-13 05:58:00,+886-903-880-052,"假投資,保證獲利",18,1770846,上班族,1
UID-5c8a7d90,2026-03-12 19:21:00,+886-902-109-256,"假員警,偵查不公開",2,4987867,碩博士,1
UID-419b8100,2026-03-12 15:59:00,+886-903-887-019,"假投資,內線交易,VIP通道",9,789758,碩博士,1
UID-afff0c37,2026-03-12 10:46:00,+886-901-342-049,"幽靈包裹,超商取貨",357,1007,上班族,1
UID-2ee7fb81,2026-03-13 02:55:00,+886-905-552-453,"交易糾紛,商品瑕疵",2,15000,高中職以下,0
UID-2acdbcff,2026-03-13 00:01:00,+886-904-864-087,"Threads廣告,假兼職",27,68145,上班族,1
UID-94d52419,2026-03-13 01:51:00,+886-901-280-037,"網路購物詐騙,ATM操作",225,24534,大專院校,1
UID-d2f30a85,2026-03-12 19:08:00,+886-905-881-567,"交易糾紛,商品瑕疵",2,500,學生,0
UID-79e60ac4,2026-03-13 03:24:00,+886-905-941-171,"正常投資諮詢,理財規劃",2,3000,碩博士,0
UID-6e9e7bf4,2026-03-13 06:00:00,+886-905-190-422,"正常投資諮詢,理財規劃",1,500,大專院校,0
UID-bc261687,2026-03-13 03:30:00,+886-901-188-031,"網路購物詐騙,解除分期付款",153,5326,大專院校,1
UID-64f42f86,2026-03-12 10:48:00,+886-903-880-015,"假投資,資金盤",17,1321985,碩博士,1
UID-b2b0ac4f,2026-03-12 19:16:00,+886-905-999-510,"債務不履行,退款延遲",2,500,70+ 長者,0
UID-e6a4738a,2026-03-12 10:26:00,+886-901-504-047,"網路購物詐騙,假賣場",475,44037,上班族,1
UID-d5c3c054,2026-03-12 21:55:00,+886-902-150-299,"假扣押財產,面交黃金白銀",1,2575735,50-69 中高齡,1
UID-bd2282f0,2026-03-13 03:57:00,+886-905-597-848,"正常投資諮詢,理財規劃",2,15000,50-69 中高齡,0
UID-32382798,2026-03-12 16:41:00,+886-902-163-313,"假冒郵局,普發現金冒領",3,1350697,50-69 中高齡,1
UID-54444068,2026-03-13 08:38:00,+886-905-902-778,"交易糾紛,商品瑕疵",1,3000,學生,0
UID-e73b9ed1,2026-03-12 09:04:00,+886-999-999-999,"機器人測試,惡意灌水",8930,0,未知,0
UID-95df54f2,2026-03-12 18:50:00,+886-903-887-007,"假投資,虛擬貨幣,高報酬",11,2593442,碩博士,1
UID-50a7f8c3,2026-03-13 08:58:00,+886-904-715-020,"網路交友,要求儲值,點數卡",6,99370,學生,1
UID-0974b293,2026-03-12 20:29:00,+886-904-892-092,"Threads廣告,假兼職",14,54124,學生,1
UID-14d6dab3,2026-03-12 11:17:00,+886-904-794-038,"網路交友,AI濾鏡假冒",18,24598,學生,1
UID-56d1af38,2026-03-13 07:04:00,+886-905-804-156,"債務不履行,退款延遲",2,15000,上班族,0
UID-8971e6ac,2026-03-13 03:43:00,+886-904-994-016,"網路交友,要求儲值,點數卡",8,9611,上班族,1
UID-341f75a5,2026-03-12 16:58:00,+886-901-997-012,"網路購物詐騙,假賣場",493,32848,上班族,1
UID-01b1a82f,2026-03-12 19:58:00,+886-903-887-009,"假投資,資金盤",15,1665616,大專院校,1
UID-1c1d57ed,2026-03-13 07:33:00,+886-905-765-232,"交易糾紛,商品瑕疵",1,3000,50-69 中高齡,0
UID-c5702fe4,2026-03-13 03:36:00,+886-905-568-796,"正常投資諮詢,理財規劃",2,15000,70+ 長者,0
UID-2607f08d,2026-03-13 08:31:00,+886-901-139-022,"幽靈包裹,超商取貨",155,40872,高中職以下,1
UID-bce83e6d,2026-03-12 13:25:00,+886-903-880-099,"假投資,資金盤",19,1544528,大專院校,1
UID-d62f620a,2026-03-13 07:41:00,+886-903-884-003,"假投資,虛擬貨幣,高報酬",14,3210782,碩博士,1
UID-ed4f38bf,2026-03-13 07:16:00,+886-905-890-125,"債務不履行,退款延遲",2,500,上班族,0
UID-6f95ab15,2026-03-13 08:43:00,+886-903-880-030,"假投資,資金盤",8,3424504,碩博士,1
UID-adfc273c,2026-03-12 18:00:00,+886-905-989-386,"司法文書送達,正常公務",1,500,50-69 中高齡,0
UID-0bea5a74,2026-03-12 12:24:00,+886-905-360-368,"債務不履行,退款延遲",1,500,50-69 中高齡,0
UID-a55d4206,2026-03-12 19:41:00,+886-905-725-672,"債務不履行,退款延遲",2,3000,學生,0
UID-9fc58f2f,2026-03-13 06:45:00,+886-904-912-086,"Threads廣告,假兼職",29,112615,學生,1
UID-520e08d3,2026-03-12 17:59:00,+886-904-795-038,"殺豬盤,平台無法出金",13,90093,大專院校,1
UID-f6892381,2026-03-13 03:46:00,+886-905-805-718,"一般客訴,服務態度",2,500,學生,0
UID-2efe235e,2026-03-12 09:48:00,+886-902-174-163,"假員警,偵查不公開",3,1658894,70+ 長者,1
UID-5a1dfeae,2026-03-12 09:15:00,+886-903-886-061,"假投資,保證獲利",19,3513436,50-69 中高齡,1
UID-2afe3cf6,2026-03-12 20:59:00,+886-905-421-333,"交易糾紛,商品瑕疵",1,0,學生,0
UID-5637fea8,2026-03-12 21:23:00,+886-905-604-254,"司法文書送達,正常公務",1,15000,大專院校,0
UID-aaceb02f,2026-03-13 02:50:00,+886-902-138-980,"假檢警,監管帳戶",2,6092521,50-69 中高齡,1
UID-fee9ee41,2026-03-12 12:02:00,+886-902-156-689,"假檢警,監管帳戶",1,714847,70+ 長者,1
UID-0e6c6e95,2026-03-13 01:31:00,+886-905-195-538,"債務不履行,退款延遲",2,3000,學生,0
UID-c6637c4c,2026-03-12 18:01:00,+886-904-662-008,"Threads廣告,假兼職",29,149555,學生,1
UID-1a337db5,2026-03-13 02:07:00,+886-903-888-049,"假投資,資金盤",9,4883479,50-69 中高齡,1
UID-3f876728,2026-03-12 15:06:00,+886-901-736-005,"網路購物詐騙,ATM操作",225,33848,高中職以下,1
UID-90256c56,2026-03-13 02:05:00,+886-903-883-083,"假投資,保證獲利",17,4770961,碩博士,1
UID-5aa54d54,2026-03-12 09:01:00,+886-999-999-999,"機器人測試,惡意灌水",13305,0,未知,0
UID-4f8a3d73,2026-03-12 12:09:00,+886-903-881-069,"假投資,資金盤",15,575680,大專院校,1
UID-655d9b03,2026-03-13 03:30:00,+886-905-334-931,"債務不履行,退款延遲",1,0,上班族,0
UID-246519d5,2026-03-12 09:33:00,+886-905-184-950,"司法文書送達,正常公務",1,3000,學生,0
UID-6cd148dd,2026-03-12 10:24:00,+886-903-884-023,"假投資,保證獲利",15,3970111,大專院校,1
UID-2a648d7b,2026-03-12 17:35:00,+886-901-413-013,"網路購物詐騙,ATM操作",174,11235,學生,1
UID-7328ee96,2026-03-12 18:50:00,+886-901-169-046,"網路購物詐騙,ATM操作",165,2375,學生,1
UID-7ff7d609,2026-03-13 01:33:00,+886-903-881-038,"假投資,虛擬貨幣,高報酬",13,4027831,碩博士,1
UID-700d75c9,2026-03-12 20:09:00,+886-903-882-088,"假投資,內線交易,VIP通道",18,2161153,50-69 中高齡,1
UID-d8147ab1,2026-03-13 04:03:00,+886-902-197-690,"假員警,偵查不公開",3,7819241,70+ 長者,1
UID-e56041b1,2026-03-12 13:07:00,+886-903-881-022,"假投資,內線交易,VIP通道",8,4326723,大專院校,1
UID-a7f6a52b,2026-03-12 23:03:00,+886-903-886-088,"假投資,內線交易,VIP通道",5,3954182,大專院校,1
UID-b0a06abf,2026-03-13 06:41:00,+886-905-212-951,"一般客訴,服務態度",1,500,50-69 中高齡,0
UID-ecd5e96b,2026-03-12 15:50:00,+886-905-535-292,"一般客訴,服務態度",1,500,上班族,0
UID-080200dc,2026-03-12 14:18:00,+886-904-970-058,"網路交友,AI濾鏡假冒",5,76086,上班族,1
UID-8f55868a,2026-03-12 14:38:00,+886-905-248-650,"交易糾紛,商品瑕疵",1,0,上班族,0
UID-a4b1670f,2026-03-12 09:05:00,+886-999-999-999,"機器人測試,惡意灌水",8077,0,未知,0
UID-b3ba0e56,2026-03-12 09:04:00,+886-999-999-999,"機器人測試,惡意灌水",8542,0,未知,0
UID-d6bddc2c,2026-03-12 14:39:00,+886-901-160-040,"幽靈包裹,超商取貨",189,35186,學生,1
UID-eb6a61f7,2026-03-12 16:42:00,+886-901-898-040,"網路購物詐騙,ATM操作",267,35094,上班族,1
UID-ac4d6a0a,2026-03-12 23:48:00,+886-903-887-041,"假投資,保證獲利",20,206739,50-69 中高齡,1
UID-4f23eaf5,2026-03-12 14:27:00,+886-905-866-873,"交易糾紛,商品瑕疵",2,0,70+ 長者,0
UID-f6a3075c,2026-03-13 06:43:00,+886-901-876-012,"網路購物詐騙,解除分期付款",159,19444,學生,1
UID-29f2c6d0,2026-03-13 06:50:00,+886-903-885-002,"假投資,資金盤",15,2036410,上班族,1
UID-d376a2a5,2026-03-12 21:26:00,+886-902-154-209,"假檢警,監管帳戶",3,1094083,50-69 中高齡,1
UID-685d96e8,2026-03-12 11:14:00,+886-903-886-068,"假投資,虛擬貨幣,高報酬",9,2439140,上班族,1
UID-61cd4feb,2026-03-12 23:16:00,+886-902-135-918,"假檢警,監管帳戶",2,2644715,70+ 長者,1
UID-46966254,2026-03-12 13:50:00,+886-901-144-001,"網路購物詐騙,ATM操作",214,31579,大專院校,1
UID-93d6ecf4,2026-03-12 19:32:00,+886-905-791-317,"債務不履行,退款延遲",2,3000,上班族,0
UID-2efabe82,2026-03-13 07:52:00,+886-902-174-970,"假檢警,監管帳戶",3,4509998,50-69 中高齡,1
UID-bedf26d7,2026-03-12 13:25:00,+886-903-885-064,"假投資,虛擬貨幣,高報酬",18,4625541,碩博士,1
UID-b1ae67f8,2026-03-12 18:46:00,+886-905-977-770,"司法文書送達,正常公務",1,3000,50-69 中高齡,0
UID-660fc6f0,2026-03-12 16:35:00,+886-903-883-068,"假投資,保證獲利",16,2396708,50-69 中高齡,1
UID-2cd39dc8,2026-03-12 14:59:00,+886-903-885-054,"假投資,虛擬貨幣,高報酬",15,4018154,大專院校,1
UID-d1f7043f,2026-03-12 22:51:00,+886-903-885-011,"假投資,資金盤",11,2953878,50-69 中高齡,1
UID-63b6db39,2026-03-12 23:44:00,+886-903-880-045,"假投資,內線交易,VIP通道",6,4563343,50-69 中高齡,1
UID-2f5be011,2026-03-12 19:21:00,+886-902-188-458,"假扣押財產,面交黃金白銀",3,2916413,50-69 中高齡,1
UID-fae4c8a5,2026-03-13 03:35:00,+886-903-883-051,"假投資,資金盤",18,886317,碩博士,1
UID-3b73fd2d,2026-03-12 13:09:00,+886-905-932-212,"司法文書送達,正常公務",1,15000,高中職以下,0
UID-e0fa8b01,2026-03-12 23:47:00,+886-903-889-075,"假投資,內線交易,VIP通道",10,3556530,碩博士,1
UID-3fb3f227,2026-03-13 03:56:00,+886-902-120-523,"假冒郵局,普發現金冒領",2,800836,70+ 長者,1
UID-72abfe0a,2026-03-12 17:22:00,+886-905-442-295,"司法文書送達,正常公務",1,15000,學生,0
UID-d539b1b5,2026-03-12 20:39:00,+886-901-317-008,"網路購物詐騙,ATM操作",163,13681,高中職以下,1
UID-e29755dc,2026-03-12 12:55:00,+886-902-124-354,"假員警,偵查不公開",3,7486302,70+ 長者,1
UID-073483e3,2026-03-13 02:00:00,+886-902-112-355,"假員警,偵查不公開",2,4755096,碩博士,1
UID-a433d6d1,2026-03-12 19:40:00,+886-905-919-792,"司法文書送達,正常公務",2,15000,碩博士,0
UID-26afb556,2026-03-13 06:17:00,+886-902-181-370,"假員警,偵查不公開",2,6397239,碩博士,1
UID-2fb8cc50,2026-03-13 03:29:00,+886-903-889-063,"假投資,保證獲利",20,2748651,50-69 中高齡,1
UID-4c8282f4,2026-03-12 15:05:00,+886-902-165-587,"假檢警,監管帳戶",3,5032155,碩博士,1
UID-f060ee83,2026-03-13 01:33:00,+886-903-888-091,"假投資,保證獲利",13,1984323,碩博士,1
UID-033e8fcb,2026-03-13 01:34:00,+886-901-346-017,"網路購物詐騙,解除分期付款",163,30488,高中職以下,1
UID-767a2d68,2026-03-13 06:02:00,+886-903-881-055,"假投資,內線交易,VIP通道",15,2743361,上班族,1
UID-d38b249c,2026-03-12 23:53:00,+886-904-156-006,"殺豬盤,平台無法出金",15,108260,大專院校,1
UID-9359384a,2026-03-12 14:23:00,+886-903-888-083,"假投資,保證獲利",12,355083,上班族,1
UID-f46c1632,2026-03-12 17:55:00,+886-902-102-328,"假扣押財產,面交黃金白銀",3,7226095,碩博士,1
UID-0c247038,2026-03-12 19:27:00,+886-905-640-579,"司法文書送達,正常公務",2,15000,學生,0
UID-1b9aeb16,2026-03-12 23:43:00,+886-905-204-250,"正常投資諮詢,理財規劃",1,500,大專院校,0
UID-c1388d1a,2026-03-12 09:18:00,+886-902-174-500,"假檢警,監管帳戶",3,7117580,50-69 中高齡,1
UID-02c43ba6,2026-03-12 15:19:00,+886-904-604-012,"網路交友,要求儲值,點數卡",9,25145,碩博士,1
UID-dc7f1c8c,2026-03-12 18:38:00,+886-905-168-987,"債務不履行,退款延遲",1,3000,70+ 長者,0
UID-7bc80d5d,2026-03-13 05:49:00,+886-902-151-461,"假檢警,監管帳戶",3,4881587,碩博士,1
UID-a47e08ec,2026-03-13 05:38:00,+886-905-457-579,"債務不履行,退款延遲",2,15000,學生,0
UID-43585dc7,2026-03-13 02:24:00,+886-904-904-006,"Threads廣告,假兼職",4,50024,大專院校,1
UID-e617b78c,2026-03-12 09:42:00,+886-903-883-050,"假投資,虛擬貨幣,高報酬",15,3913229,上班族,1
UID-ac1e0fe8,2026-03-12 11:23:00,+886-904-928-098,"網路交友,要求儲值,點數卡",16,121401,大專院校,1
UID-faa7892e,2026-03-12 14:45:00,+886-905-432-855,"一般客訴,服務態度",1,15000,70+ 長者,0
UID-b2ab4981,2026-03-12 21:31:00,+886-903-885-090,"假投資,虛擬貨幣,高報酬",5,1290165,碩博士,1
UID-a7816fdd,2026-03-13 08:06:00,+886-901-777-024,"網路購物詐騙,解除分期付款",217,43847,學生,1
UID-d9b8204e,2026-03-12 15:04:00,+886-902-129-414,"假扣押財產,面交黃金白銀",2,5958117,50-69 中高齡,1
UID-9dd8f283,2026-03-13 06:22:00,+886-905-653-302,"交易糾紛,商品瑕疵",2,3000,高中職以下,0
UID-2b9b0e27,2026-03-12 14:34:00,+886-905-410-609,"債務不履行,退款延遲",1,500,70+ 長者,0
UID-0b8fa4d0,2026-03-13 01:40:00,+886-903-883-091,"假投資,內線交易,VIP通道",5,527087,上班族,1
UID-97d70b68,2026-03-12 14:27:00,+886-905-905-458,"交易糾紛,商品瑕疵",1,3000,50-69 中高齡,0
UID-503222e3,2026-03-13 00:47:00,+886-901-960-001,"網路購物詐騙,解除分期付款",260,14394,上班族,1
UID-521d24c7,2026-03-13 00:09:00,+886-902-114-729,"假冒郵局,普發現金冒領",1,688984,50-69 中高齡,1
UID-185c2faa,2026-03-13 01:24:00,+886-904-504-031,"網路交友,要求儲值,點數卡",23,70816,學生,1
UID-be3edadb,2026-03-13 08:59:00,+886-902-152-970,"假檢警,監管帳戶",1,2525572,70+ 長者,1
UID-d02dd270,2026-03-13 01:23:00,+886-901-376-044,"網路購物詐騙,ATM操作",193,34785,上班族,1
UID-290edb8c,2026-03-12 14:59:00,+886-905-392-905,"債務不履行,退款延遲",2,500,學生,0
UID-56725a83,2026-03-12 12:13:00,+886-904-561-094,"殺豬盤,平台無法出金",19,86159,碩博士,1
UID-4f4f2982,2026-03-12 18:12:00,+886-904-334-028,"網路交友,要求儲值,點數卡",8,113455,碩博士,1
UID-d1310e9b,2026-03-12 16:20:00,+886-904-526-026,"殺豬盤,平台無法出金",13,84726,大專院校,1
UID-922badf6,2026-03-13 05:48:00,+886-905-240-692,"債務不履行,退款延遲",1,15000,50-69 中高齡,0
UID-ca62668b,2026-03-12 17:33:00,+886-905-272-693,"司法文書送達,正常公務",2,15000,上班族,0
UID-4539014f,2026-03-12 09:49:00,+886-903-884-056,"假投資,保證獲利",11,2992536,大專院校,1
UID-9c4fe07d,2026-03-13 08:32:00,+886-905-669-956,"正常投資諮詢,理財規劃",1,500,大專院校,0
UID-bd755e52,2026-03-13 04:19:00,+886-903-888-043,"假投資,保證獲利",18,4344557,50-69 中高齡,1
UID-65728d1c,2026-03-13 05:53:00,+886-905-533-524,"司法文書送達,正常公務",2,0,高中職以下,0
UID-a9721be7,2026-03-12 20:15:00,+886-903-881-035,"假投資,保證獲利",14,4744962,碩博士,1
UID-08be5e80,2026-03-12 21:37:00,+886-903-883-049,"假投資,保證獲利",19,2730572,碩博士,1
UID-32b33d45,2026-03-13 02:43:00,+886-901-722-026,"幽靈包裹,超商取貨",223,18442,高中職以下,1
UID-5b51025a,2026-03-12 12:34:00,+886-901-134-025,"網路購物詐騙,假賣場",158,5229,學生,1
UID-be62adf0,2026-03-13 01:01:00,+886-903-883-098,"假投資,虛擬貨幣,高報酬",11,555756,碩博士,1
UID-68ae7419,2026-03-12 20:01:00,+886-901-738-035,"網路購物詐騙,解除分期付款",179,8965,大專院校,1
UID-004a77a3,2026-03-12 23:27:00,+886-903-880-065,"假投資,虛擬貨幣,高報酬",19,579997,碩博士,1
UID-55a36e49,2026-03-13 08:18:00,+886-901-274-037,"網路購物詐騙,ATM操作",547,24681,高中職以下,1
UID-5a689c71,2026-03-13 03:22:00,+886-902-131-813,"假檢警,監管帳戶",2,7777880,70+ 長者,1
UID-8a7bbe76,2026-03-12 09:51:00,+886-903-885-081,"假投資,內線交易,VIP通道",14,152562,碩博士,1
UID-52b889b4,2026-03-12 20:28:00,+886-903-889-077,"假投資,保證獲利",12,2331082,上班族,1
UID-d51f2569,2026-03-13 06:37:00,+886-904-304-060,"Threads廣告,假兼職",10,63945,碩博士,1
UID-358176fe,2026-03-12 19:07:00,+886-905-473-801,"一般客訴,服務態度",1,3000,50-69 中高齡,0
UID-99c2afbc,2026-03-13 00:31:00,+886-905-729-930,"債務不履行,退款延遲",2,15000,70+ 長者,0
UID-ddf7ae70,2026-03-12 11:28:00,+886-902-183-498,"假冒郵局,普發現金冒領",3,7210093,碩博士,1
UID-623efa59,2026-03-12 09:04:00,+886-901-356-028,"網路購物詐騙,解除分期付款",285,18681,大專院校,1
UID-2fcef2ec,2026-03-13 02:22:00,+886-905-550-489,"債務不履行,退款延遲",2,500,大專院校,0
UID-dcba90f5,2026-03-13 06:41:00,+886-903-880-054,"假投資,虛擬貨幣,高報酬",10,883673,碩博士,1
UID-1ad4064d,2026-03-13 07:25:00,+886-903-887-035,"假投資,內線交易,VIP通道",13,4030406,大專院校,1
UID-901b5972,2026-03-12 15:43:00,+886-902-165-856,"假員警,偵查不公開",2,5429548,70+ 長者,1
UID-5293c3f7,2026-03-12 11:30:00,+886-903-889-033,"假投資,內線交易,VIP通道",11,1642865,上班族,1
UID-41f289ad,2026-03-12 12:11:00,+886-901-349-010,"網路購物詐騙,假賣場",188,11840,上班族,1
UID-cf738e83,2026-03-12 21:09:00,+886-903-884-008,"假投資,保證獲利",8,3858117,50-69 中高齡,1
UID-3a265af9,2026-03-12 20:28:00,+886-902-143-466,"假員警,偵查不公開",3,3090895,70+ 長者,1
UID-e34ffb13,2026-03-12 11:04:00,+886-901-855-015,"網路購物詐騙,假賣場",186,2160,高中職以下,1
UID-22593443,2026-03-12 11:17:00,+886-901-307-047,"網路購物詐騙,解除分期付款",267,4141,大專院校,1
UID-da9f6039,2026-03-12 09:46:00,+886-903-883-076,"假投資,內線交易,VIP通道",13,305370,上班族,1
UID-37ab62d1,2026-03-13 02:56:00,+886-905-527-785,"交易糾紛,商品瑕疵",2,500,上班族,0
UID-90d94328,2026-03-12 11:48:00,+886-903-888-054,"假投資,資金盤",17,588596,上班族,1
UID-8fdea9ec,2026-03-13 07:15:00,+886-903-883-065,"假投資,資金盤",18,877115,碩博士,1
UID-2a1c2e1a,2026-03-12 19:53:00,+886-903-885-015,"假投資,保證獲利",9,3308145,碩博士,1
UID-8a12b975,2026-03-12 12:53:00,+886-905-770-387,"司法文書送達,正常公務",2,500,上班族,0
UID-134eebbe,2026-03-12 20:15:00,+886-903-881-057,"假投資,虛擬貨幣,高報酬",8,4801399,50-69 中高齡,1
UID-a9387344,2026-03-13 03:25:00,+886-902-143-457,"假冒郵局,普發現金冒領",1,2022830,70+ 長者,1
UID-cbe46d32,2026-03-12 21:54:00,+886-903-880-030,"假投資,保證獲利",6,347693,碩博士,1
UID-767185f4,2026-03-12 18:08:00,+886-901-353-021,"幽靈包裹,超商取貨",184,12185,大專院校,1
UID-1d193a20,2026-03-13 07:32:00,+886-902-175-550,"假冒郵局,普發現金冒領",1,5622533,70+ 長者,1
UID-ccab528b,2026-03-12 23:26:00,+886-903-887-097,"假投資,保證獲利",16,512552,上班族,1
UID-e49e666c,2026-03-13 06:00:00,+886-904-469-003,"Threads廣告,假兼職",28,34760,大專院校,1
UID-0eb5cbf7,2026-03-13 00:02:00,+886-905-975-828,"交易糾紛,商品瑕疵",2,15000,大專院校,0
UID-9838a6ec,2026-03-13 07:05:00,+886-902-134-937,"假扣押財產,面交黃金白銀",3,6010020,70+ 長者,1
UID-fa582117,2026-03-12 22:02:00,+886-905-151-421,"司法文書送達,正常公務",2,0,上班族,0
UID-f1a3d538,2026-03-13 08:16:00,+886-905-225-736,"債務不履行,退款延遲",1,15000,70+ 長者,0
UID-e0e8bb6e,2026-03-12 10:45:00,+886-905-766-811,"交易糾紛,商品瑕疵",1,3000,50-69 中高齡,0
UID-d2f7454d,2026-03-13 04:30:00,+886-905-626-247,"債務不履行,退款延遲",1,15000,50-69 中高齡,0
UID-ec880bce,2026-03-12 22:30:00,+886-903-889-035,"假投資,保證獲利",6,664211,上班族,1
UID-b6f394bf,2026-03-12 12:59:00,+886-904-731-050,"網路交友,AI濾鏡假冒",5,145845,碩博士,1
UID-d6b81789,2026-03-12 15:27:00,+886-903-884-080,"假投資,保證獲利",14,4163261,50-69 中高齡,1
UID-59de93d3,2026-03-12 19:55:00,+886-903-887-077,"假投資,虛擬貨幣,高報酬",17,938760,50-69 中高齡,1
UID-a16b5e71,2026-03-12 09:05:00,+886-903-882-006,"假投資,虛擬貨幣,高報酬",8,1403458,50-69 中高齡,1
UID-14da0cf9,2026-03-12 11:27:00,+886-904-922-053,"Threads廣告,假兼職",28,23905,碩博士,1
UID-bd9197fc,2026-03-12 17:44:00,+886-901-862-035,"幽靈包裹,超商取貨",779,31374,學生,1
UID-3a1b8d2f,2026-03-12 11:18:00,+886-905-375-849,"債務不履行,退款延遲",2,15000,高中職以下,0
UID-a0c7828d,2026-03-13 03:51:00,+886-904-605-053,"殺豬盤,平台無法出金",25,56026,碩博士,1
UID-5dead622,2026-03-13 08:44:00,+886-902-142-371,"假員警,偵查不公開",3,7126093,50-69 中高齡,1
UID-07a602d6,2026-03-12 23:54:00,+886-901-739-026,"網路購物詐騙,假賣場",174,20665,上班族,1
UID-e45d0b16,2026-03-13 00:16:00,+886-905-147-267,"債務不履行,退款延遲",1,15000,學生,0
UID-25080983,2026-03-13 00:04:00,+886-902-189-227,"假員警,偵查不公開",3,1279473,70+ 長者,1
UID-f1a5028e,2026-03-12 16:35:00,+886-902-157-599,"假扣押財產,面交黃金白銀",3,7710686,70+ 長者,1
UID-625cd05a,2026-03-13 03:06:00,+886-905-854-540,"交易糾紛,商品瑕疵",1,0,碩博士,0
UID-a5736a65,2026-03-12 11:53:00,+886-903-888-018,"假投資,虛擬貨幣,高報酬",12,814300,碩博士,1
UID-fc810d38,2026-03-12 10:43:00,+886-905-331-575,"正常投資諮詢,理財規劃",1,3000,學生,0
UID-af974989,2026-03-13 04:03:00,+886-905-183-404,"一般客訴,服務態度",1,0,高中職以下,0
UID-b518231f,2026-03-12 13:43:00,+886-903-887-035,"假投資,保證獲利",13,810515,上班族,1
UID-5c8d25f9,2026-03-13 00:21:00,+886-905-609-159,"司法文書送達,正常公務",1,0,50-69 中高齡,0
UID-dc1cd98a,2026-03-12 14:24:00,+886-902-148-235,"假扣押財產,面交黃金白銀",1,6150588,50-69 中高齡,1
UID-cce7459f,2026-03-12 09:32:00,+886-901-481-035,"幽靈包裹,超商取貨",199,12326,大專院校,1
UID-fec052ef,2026-03-12 10:28:00,+886-905-102-523,"司法文書送達,正常公務",2,15000,70+ 長者,0
UID-5418c570,2026-03-12 10:47:00,+886-902-144-197,"假員警,偵查不公開",1,5707625,70+ 長者,1
UID-9224db1a,2026-03-13 02:43:00,+886-901-591-005,"網路購物詐騙,假賣場",152,9940,大專院校,1
UID-e4b07386,2026-03-12 21:35:00,+886-905-213-657,"一般客訴,服務態度",1,0,50-69 中高齡,0
UID-c21d10fc,2026-03-13 04:36:00,+886-904-458-065,"網路交友,AI濾鏡假冒",24,79870,上班族,1
UID-0e4c170f,2026-03-13 01:00:00,+886-905-194-283,"債務不履行,退款延遲",2,3000,高中職以下,0
UID-e5fb5036,2026-03-13 00:19:00,+886-902-142-175,"假冒郵局,普發現金冒領",1,712515,70+ 長者,1
UID-173eaf97,2026-03-13 00:54:00,+886-905-980-662,"交易糾紛,商品瑕疵",2,0,學生,0
UID-e721b385,2026-03-12 19:05:00,+886-905-482-261,"債務不履行,退款延遲",2,3000,70+ 長者,0
UID-b8726bdd,2026-03-13 04:48:00,+886-903-881-029,"假投資,資金盤",12,2985721,50-69 中高齡,1
UID-fd2ae90b,2026-03-12 09:03:00,+886-999-999-999,"機器人測試,惡意灌水",9949,0,未知,0
UID-47470138,2026-03-12 14:36:00,+886-905-182-423,"債務不履行,退款延遲",1,3000,碩博士,0
UID-5424af05,2026-03-12 21:52:00,+886-905-788-762,"正常投資諮詢,理財規劃",1,3000,碩博士,0
UID-ca50e335,2026-03-13 09:00:00,+886-904-755-028,"網路交友,AI濾鏡假冒",27,56615,碩博士,1
UID-de437aa5,2026-03-12 10:33:00,+886-905-587-774,"交易糾紛,商品瑕疵",1,500,50-69 中高齡,0
UID-f65c01e0,2026-03-12 20:32:00,+886-905-393-300,"一般客訴,服務態度",2,0,高中職以下,0
UID-eed33cdc,2026-03-12 18:32:00,+886-905-107-269,"司法文書送達,正常公務",2,3000,上班族,0
UID-47fcc49a,2026-03-13 04:10:00,+886-902-198-345,"假檢警,監管帳戶",2,4694609,70+ 長者,1
UID-28ec383e,2026-03-12 22:35:00,+886-904-255-006,"Threads廣告,假兼職",13,13279,碩博士,1
UID-9225b0c7,2026-03-13 07:29:00,+886-902-119-543,"假員警,偵查不公開",1,4594174,70+ 長者,1
UID-8ba9ab40,2026-03-12 14:54:00,+886-902-200-700,"假扣押財產,面交黃金白銀",3,5900143,70+ 長者,1
UID-382be9a6,2026-03-12 11:02:00,+886-903-880-011,"假投資,資金盤",17,1298776,上班族,1
UID-0b11f9fd,2026-03-12 09:22:00,+886-904-154-060,"Threads廣告,假兼職",28,138612,碩博士,1
UID-357c556c,2026-03-13 00:39:00,+886-903-880-051,"假投資,資金盤",20,1569402,上班族,1
UID-fdfc45bd,2026-03-12 20:02:00,+886-901-852-043,"幽靈包裹,超商取貨",804,36365,學生,1
UID-93bbe622,2026-03-13 08:50:00,+886-902-184-602,"假檢警,監管帳戶",1,5113802,70+ 長者,1
UID-0be450eb,2026-03-12 17:42:00,+886-901-513-027,"網路購物詐騙,ATM操作",314,12358,學生,1
UID-bba74088,2026-03-13 02:33:00,+886-903-888-056,"假投資,內線交易,VIP通道",18,468397,大專院校,1
UID-8148fd50,2026-03-13 04:29:00,+886-904-502-001,"Threads廣告,假兼職",14,109250,學生,1
UID-3e57629e,2026-03-13 06:28:00,+886-904-289-071,"網路交友,AI濾鏡假冒",27,140774,學生,1
UID-c7118a5c,2026-03-13 00:44:00,+886-905-272-226,"司法文書送達,正常公務",2,3000,大專院校,0
UID-0850a276,2026-03-13 04:58:00,+886-905-762-223,"司法文書送達,正常公務",1,15000,學生,0
UID-925125d4,2026-03-12 17:32:00,+886-905-954-677,"司法文書送達,正常公務",1,0,50-69 中高齡,0
UID-01d962db,2026-03-13 04:17:00,+886-901-567-032,"網路購物詐騙,解除分期付款",162,30698,上班族,1
UID-ca76e5d6,2026-03-12 11:38:00,+886-903-888-080,"假投資,內線交易,VIP通道",7,3295192,碩博士,1
UID-a537c940,2026-03-13 05:57:00,+886-904-949-079,"殺豬盤,平台無法出金",14,34808,大專院校,1
UID-f6a5e51b,2026-03-12 11:30:00,+886-903-886-001,"假投資,資金盤",13,1267668,大專院校,1
UID-a612a42b,2026-03-12 10:45:00,+886-904-708-035,"Threads廣告,假兼職",24,22718,學生,1
UID-69a3a3e9,2026-03-12 15:37:00,+886-901-903-035,"網路購物詐騙,ATM操作",1041,24798,高中職以下,1
UID-c4aa6e8c,2026-03-13 05:59:00,+886-904-910-080,"Threads廣告,假兼職",17,96877,碩博士,1
UID-c3405682,2026-03-12 21:48:00,+886-903-885-020,"假投資,資金盤",17,402979,上班族,1
UID-9da29bf2,2026-03-12 18:26:00,+886-903-880-096,"假投資,內線交易,VIP通道",10,167177,上班族,1
UID-878c60dc,2026-03-12 11:37:00,+886-901-643-009,"幽靈包裹,超商取貨",151,9965,高中職以下,1
UID-49752c56,2026-03-12 21:13:00,+886-905-548-168,"正常投資諮詢,理財規劃",2,0,學生,0
UID-4f04db80,2026-03-13 00:07:00,+886-901-473-026,"幽靈包裹,超商取貨",456,33327,高中職以下,1
UID-ea213bad,2026-03-12 22:20:00,+886-902-174-482,"假冒郵局,普發現金冒領",1,1282764,70+ 長者,1
UID-c49a1dba,2026-03-12 21:14:00,+886-905-500-555,"交易糾紛,商品瑕疵",2,15000,上班族,0
UID-e8f1cf48,2026-03-13 03:42:00,+886-903-881-037,"假投資,保證獲利",12,775886,碩博士,1
UID-426b066a,2026-03-13 02:42:00,+886-903-885-009,"假投資,虛擬貨幣,高報酬",20,3283274,碩博士,1
UID-ade63d97,2026-03-13 02:09:00,+886-903-881-098,"假投資,資金盤",12,1685804,上班族,1
UID-3130641c,2026-03-13 08:31:00,+886-905-916-474,"債務不履行,退款延遲",1,3000,碩博士,0
UID-7bc5853d,2026-03-12 19:54:00,+886-903-880-084,"假投資,資金盤",9,1368682,碩博士,1
UID-dbc0f6d2,2026-03-13 07:50:00,+886-903-881-042,"假投資,虛擬貨幣,高報酬",7,3969790,大專院校,1
UID-d110c131,2026-03-12 12:05:00,+886-903-887-087,"假投資,內線交易,VIP通道",20,2157364,上班族,1
UID-993d47aa,2026-03-12 15:18:00,+886-902-119-278,"假冒郵局,普發現金冒領",1,7513036,70+ 長者,1
UID-dbec3e67,2026-03-13 00:01:00,+886-904-539-044,"網路交友,要求儲值,點數卡",19,26885,大專院校,1
UID-b7a5482f,2026-03-12 14:41:00,+886-904-952-001,"Threads廣告,假兼職",21,99761,上班族,1
UID-821d2c74,2026-03-13 07:22:00,+886-905-740-338,"交易糾紛,商品瑕疵",2,0,70+ 長者,0
UID-4e99c9b5,2026-03-13 06:46:00,+886-901-731-034,"網路購物詐騙,假賣場",168,4552,大專院校,1
UID-c7d18a53,2026-03-12 14:40:00,+886-905-701-375,"司法文書送達,正常公務",1,15000,50-69 中高齡,0
UID-7c51ea2a,2026-03-12 18:29:00,+886-902-170-888,"假員警,偵查不公開",1,3026308,碩博士,1
UID-05cf6108,2026-03-12 19:51:00,+886-903-881-050,"假投資,內線交易,VIP通道",14,2966949,碩博士,1
UID-4cacd25d,2026-03-12 13:33:00,+886-904-190-088,"Threads廣告,假兼職",3,15043,學生,1
UID-d8a71733,2026-03-13 06:29:00,+886-905-316-124,"一般客訴,服務態度",2,3000,學生,0
UID-28658bbb,2026-03-12 13:08:00,+886-905-816-902,"正常投資諮詢,理財規劃",2,500,50-69 中高齡,0
UID-b87d8423,2026-03-12 13:26:00,+886-905-464-904,"一般客訴,服務態度",2,15000,50-69 中高齡,0
UID-49271144,2026-03-12 20:31:00,+886-902-177-867,"假扣押財產,面交黃金白銀",2,5206307,70+ 長者,1
UID-3b43bccd,2026-03-12 14:21:00,+886-901-338-044,"幽靈包裹,超商取貨",183,44977,學生,1
UID-6e81e33d,2026-03-12 17:54:00,+886-901-358-027,"幽靈包裹,超商取貨",158,27080,大專院校,1
UID-c41968a0,2026-03-12 10:02:00,+886-901-376-041,"網路購物詐騙,ATM操作",374,24772,學生,1
UID-9025a038,2026-03-12 21:12:00,+886-904-308-026,"網路交友,AI濾鏡假冒",17,66453,學生,1
UID-1f9ca86f,2026-03-13 00:01:00,+886-905-764-430,"債務不履行,退款延遲",2,500,50-69 中高齡,0
UID-0ab0cff5,2026-03-12 14:10:00,+886-903-883-078,"假投資,保證獲利",18,1391231,碩博士,1
UID-d64ecbfd,2026-03-12 21:00:00,+886-904-906-015,"網路交友,要求儲值,點數卡",14,20505,碩博士,1
UID-0ced7fb8,2026-03-12 11:50:00,+886-902-125-824,"假冒郵局,普發現金冒領",3,3742628,70+ 長者,1
UID-94cf2fa8,2026-03-12 15:17:00,+886-901-723-037,"網路購物詐騙,假賣場",429,8404,高中職以下,1
UID-55731d20,2026-03-13 05:08:00,+886-902-181-842,"假檢警,監管帳戶",3,3156087,50-69 中高齡,1
UID-dd6573de,2026-03-12 10:51:00,+886-905-515-290,"正常投資諮詢,理財規劃",2,15000,上班族,0
UID-883e45fa,2026-03-12 10:16:00,+886-905-690-369,"正常投資諮詢,理財規劃",1,3000,大專院校,0
UID-7757e598,2026-03-13 06:57:00,+886-901-360-038,"幽靈包裹,超商取貨",232,22260,上班族,1
UID-81ce6f5c,2026-03-12 09:04:00,+886-999-999-999,"機器人測試,惡意灌水",8185,0,未知,0
UID-edbd6f08,2026-03-12 23:46:00,+886-902-119-766,"假扣押財產,面交黃金白銀",3,5967196,70+ 長者,1
UID-d4a4cc9d,2026-03-12 18:30:00,+886-903-886-001,"假投資,保證獲利",13,1863515,50-69 中高齡,1
UID-18d9880c,2026-03-13 06:34:00,+886-903-888-018,"假投資,虛擬貨幣,高報酬",10,4380468,50-69 中高齡,1
UID-88ffa57b,2026-03-12 10:18:00,+886-903-883-029,"假投資,內線交易,VIP通道",12,223662,上班族,1
UID-c6b4835c,2026-03-12 22:11:00,+886-903-883-012,"假投資,虛擬貨幣,高報酬",12,2800047,上班族,1
UID-df953736,2026-03-13 00:40:00,+886-902-134-211,"假扣押財產,面交黃金白銀",1,7422922,70+ 長者,1
UID-60f0ea46,2026-03-13 00:19:00,+886-903-886-069,"假投資,內線交易,VIP通道",8,657425,上班族,1
UID-9805ba15,2026-03-12 21:25:00,+886-905-506-401,"司法文書送達,正常公務",2,3000,70+ 長者,0
UID-aaff9cf1,2026-03-12 19:35:00,+886-905-661-872,"正常投資諮詢,理財規劃",2,15000,上班族,0
UID-f013095d,2026-03-12 10:24:00,+886-902-190-841,"假檢警,監管帳戶",1,7504719,70+ 長者,1
UID-d438a7c0,2026-03-13 04:54:00,+886-902-120-769,"假員警,偵查不公開",3,2968609,70+ 長者,1
UID-5a9bbd06,2026-03-12 23:00:00,+886-902-183-197,"假扣押財產,面交黃金白銀",3,3442321,碩博士,1
UID-4c40e614,2026-03-12 16:43:00,+886-903-880-087,"假投資,資金盤",18,3870242,50-69 中高齡,1
UID-86e881eb,2026-03-12 13:10:00,+886-903-888-001,"假投資,保證獲利",13,1425190,碩博士,1
UID-31b9e9e3,2026-03-13 00:24:00,+886-902-112-735,"假扣押財產,面交黃金白銀",2,3787637,50-69 中高齡,1
UID-2f78947f,2026-03-13 00:10:00,+886-901-892-001,"網路購物詐騙,解除分期付款",118959,28601,上班族,1
UID-d4bd290a,2026-03-12 09:28:00,+886-905-181-541,"司法文書送達,正常公務",1,500,大專院校,0
UID-5c529852,2026-03-12 17:48:00,+886-903-886-069,"假投資,內線交易,VIP通道",14,443647,碩博士,1
UID-5ee26e2f,2026-03-13 00:29:00,+886-905-664-812,"債務不履行,退款延遲",2,500,碩博士,0
UID-8e3f595e,2026-03-13 01:47:00,+886-902-187-196,"假檢警,監管帳戶",3,2198659,碩博士,1
UID-e01b7771,2026-03-12 10:52:00,+886-902-105-243,"假扣押財產,面交黃金白銀",1,6709435,50-69 中高齡,1
UID-594b9871,2026-03-13 04:35:00,+886-902-144-787,"假冒郵局,普發現金冒領",3,1000045,70+ 長者,1
UID-6477445a,2026-03-12 20:42:00,+886-904-833-096,"Threads廣告,假兼職",28,75409,碩博士,1
UID-ee0fb125,2026-03-12 15:39:00,+886-901-886-011,"網路購物詐騙,解除分期付款",506,31735,大專院校,1
UID-72d619ca,2026-03-12 09:39:00,+886-903-888-062,"假投資,虛擬貨幣,高報酬",5,4172170,50-69 中高齡,1
UID-3b75042d,2026-03-12 23:20:00,+886-905-414-637,"交易糾紛,商品瑕疵",1,15000,高中職以下,0
UID-23524bab,2026-03-12 10:03:00,+886-905-126-977,"一般客訴,服務態度",1,3000,高中職以下,0
UID-3875d0e1,2026-03-13 02:03:00,+886-905-528-770,"交易糾紛,商品瑕疵",1,0,碩博士,0
UID-de8810e5,2026-03-12 23:35:00,+886-905-442-390,"交易糾紛,商品瑕疵",1,0,上班族,0
UID-57ff10bf,2026-03-12 23:28:00,+886-902-117-612,"假冒郵局,普發現金冒領",3,7063761,70+ 長者,1
UID-9e67bd8c,2026-03-13 02:08:00,+886-902-131-142,"假冒郵局,普發現金冒領",3,4505931,50-69 中高齡,1
UID-553e9323,2026-03-13 05:10:00,+886-904-775-020,"網路交友,要求儲值,點數卡",30,145425,碩博士,1
UID-2b4c6807,2026-03-12 16:15:00,+886-905-284-236,"正常投資諮詢,理財規劃",1,0,碩博士,0
UID-9096cb6b,2026-03-12 20:02:00,+886-904-613-034,"Threads廣告,假兼職",17,2303,大專院校,1
UID-9a110bce,2026-03-13 04:57:00,+886-905-335-223,"一般客訴,服務態度",2,15000,70+ 長者,0
UID-c1432982,2026-03-12 14:01:00,+886-905-634-271,"司法文書送達,正常公務",2,0,70+ 長者,0
UID-4bf951fc,2026-03-13 02:56:00,+886-905-536-410,"交易糾紛,商品瑕疵",1,500,學生,0
UID-193e8bd8,2026-03-12 20:10:00,+886-905-417-988,"一般客訴,服務態度",2,15000,50-69 中高齡,0
UID-f0c18194,2026-03-13 03:05:00,+886-904-936-036,"Threads廣告,假兼職",25,97148,上班族,1
UID-06cbf8f4,2026-03-12 09:23:00,+886-904-123-078,"Threads廣告,假兼職",7,112779,學生,1
UID-6e6a0170,2026-03-12 13:27:00,+886-905-227-237,"交易糾紛,商品瑕疵",1,0,上班族,0
UID-0a6bcaea,2026-03-12 13:24:00,+886-905-764-169,"交易糾紛,商品瑕疵",2,15000,學生,0
UID-6791c777,2026-03-12 09:01:00,+886-999-999-999,"機器人測試,惡意灌水",14807,0,未知,0
UID-6c35de0c,2026-03-12 09:07:00,+886-999-999-999,"機器人測試,惡意灌水",8222,0,未知,0
UID-8de9f6c1,2026-03-12 23:26:00,+886-905-280-483,"債務不履行,退款延遲",1,15000,70+ 長者,0
UID-d3184e32,2026-03-12 15:15:00,+886-904-863-088,"殺豬盤,平台無法出金",2,68815,上班族,1
UID-0911e74b,2026-03-13 04:46:00,+886-905-603-138,"一般客訴,服務態度",1,0,學生,0
UID-58547e02,2026-03-12 11:14:00,+886-901-866-037,"網路購物詐騙,ATM操作",467,31442,學生,1
UID-2629bfb6,2026-03-13 02:55:00,+886-904-448-073,"殺豬盤,平台無法出金",28,61744,碩博士,1
UID-1e49a01a,2026-03-12 10:43:00,+886-903-881-043,"假投資,保證獲利",18,1619727,上班族,1
UID-cf0dc69c,2026-03-12 20:08:00,+886-904-871-089,"網路交友,要求儲值,點數卡",9,12774,學生,1
UID-3a544454,2026-03-13 06:42:00,+886-904-702-005,"殺豬盤,平台無法出金",15,24294,學生,1
UID-50daec99,2026-03-13 01:02:00,+886-901-917-037,"網路購物詐騙,解除分期付款",463,29611,學生,1
UID-b41ac082,2026-03-12 22:10:00,+886-902-177-578,"假冒郵局,普發現金冒領",3,1008060,70+ 長者,1
UID-4839938d,2026-03-12 21:02:00,+886-903-880-004,"假投資,虛擬貨幣,高報酬",9,1431907,碩博士,1
UID-b5826562,2026-03-13 05:18:00,+886-905-113-835,"正常投資諮詢,理財規劃",1,3000,70+ 長者,0
UID-58ab34a5,2026-03-13 06:46:00,+886-901-976-046,"幽靈包裹,超商取貨",199,6075,大專院校,1
UID-be275f74,2026-03-12 11:07:00,+886-901-160-001,"幽靈包裹,超商取貨",193,9997,上班族,1
UID-6672e539,2026-03-12 20:11:00,+886-904-555-080,"網路交友,AI濾鏡假冒",20,29638,碩博士,1
UID-491608f8,2026-03-12 14:35:00,+886-905-945-871,"債務不履行,退款延遲",1,3000,高中職以下,0
UID-874bec62,2026-03-12 14:10:00,+886-903-880-003,"假投資,保證獲利",17,1951643,50-69 中高齡,1
UID-b175a30c,2026-03-13 00:36:00,+886-902-102-102,"假扣押財產,面交黃金白銀",2,1302181,70+ 長者,1
UID-78462160,2026-03-13 00:25:00,+886-902-163-719,"假員警,偵查不公開",1,2855539,70+ 長者,1
UID-16a95c5e,2026-03-13 08:16:00,+886-905-962-244,"交易糾紛,商品瑕疵",2,0,碩博士,0
UID-afce029b,2026-03-13 02:32:00,+886-903-885-027,"假投資,保證獲利",15,4599216,碩博士,1
UID-ff297f8d,2026-03-12 23:50:00,+886-902-150-528,"假檢警,監管帳戶",2,5444875,70+ 長者,1
UID-96a0f986,2026-03-12 11:01:00,+886-904-658-008,"Threads廣告,假兼職",30,34804,學生,1
UID-9ea77931,2026-03-12 09:54:00,+886-903-882-018,"假投資,內線交易,VIP通道",11,2795158,上班族,1
UID-7d254e8f,2026-03-12 11:12:00,+886-903-888-095,"假投資,資金盤",8,1959230,碩博士,1
UID-75cfaf62,2026-03-12 19:51:00,+886-903-888-034,"假投資,虛擬貨幣,高報酬",11,2571992,碩博士,1
UID-d0366d60,2026-03-12 21:16:00,+886-905-552-806,"正常投資諮詢,理財規劃",2,0,上班族,0
UID-1efd535d,2026-03-13 01:29:00,+886-903-889-094,"假投資,保證獲利",9,575636,碩博士,1
UID-b2f56555,2026-03-12 15:26:00,+886-901-720-027,"網路購物詐騙,解除分期付款",211,25593,大專院校,1
UID-2cb84e05,2026-03-12 19:12:00,+886-903-888-041,"假投資,資金盤",17,310632,上班族,1
UID-07b0ea18,2026-03-13 03:03:00,+886-903-884-079,"假投資,保證獲利",6,3471835,碩博士,1
UID-94deb5da,2026-03-12 21:51:00,+886-903-881-074,"假投資,資金盤",7,3545586,50-69 中高齡,1
UID-ba7d7f75,2026-03-13 00:09:00,+886-903-883-090,"假投資,資金盤",8,573612,50-69 中高齡,1
UID-bc2c8405,2026-03-12 12:06:00,+886-903-881-063,"假投資,資金盤",12,200319,50-69 中高齡,1
UID-f96a136d,2026-03-12 19:15:00,+886-905-348-223,"一般客訴,服務態度",1,0,70+ 長者,0
UID-18a4bbed,2026-03-12 18:42:00,+886-904-815-081,"殺豬盤,平台無法出金",9,19391,碩博士,1
UID-cd3c8f48,2026-03-12 22:39:00,+886-905-700-950,"債務不履行,退款延遲",2,3000,學生,0
UID-4df2254f,2026-03-12 18:47:00,+886-901-471-026,"網路購物詐騙,假賣場",230,33442,大專院校,1
UID-4e22f8b1,2026-03-12 09:32:00,+886-903-888-083,"假投資,內線交易,VIP通道",18,1041119,碩博士,1
UID-c9f29651,2026-03-13 02:19:00,+886-903-880-031,"假投資,資金盤",17,4526337,上班族,1
UID-c5d93bf7,2026-03-13 06:59:00,+886-905-353-491,"交易糾紛,商品瑕疵",1,500,碩博士,0
UID-526643d0,2026-03-12 15:46:00,+886-903-885-077,"假投資,保證獲利",6,2579366,碩博士,1
UID-ad12a238,2026-03-13 07:23:00,+886-903-885-039,"假投資,資金盤",10,3432623,50-69 中高齡,1
UID-68da578d,2026-03-13 06:46:00,+886-903-887-069,"假投資,虛擬貨幣,高報酬",13,1617630,大專院校,1
UID-8161a431,2026-03-12 12:38:00,+886-903-889-084,"假投資,內線交易,VIP通道",16,3281475,碩博士,1
UID-143b6a39,2026-03-12 20:20:00,+886-903-887-092,"假投資,資金盤",9,1793910,碩博士,1
UID-6e585926,2026-03-12 18:23:00,+886-905-244-829,"一般客訴,服務態度",1,15000,碩博士,0
UID-1a7b9052,2026-03-12 20:52:00,+886-905-327-244,"債務不履行,退款延遲",1,3000,學生,0
UID-24456bac,2026-03-12 20:41:00,+886-905-157-152,"司法文書送達,正常公務",2,3000,50-69 中高齡,0
UID-0f186d94,2026-03-12 21:28:00,+886-905-250-386,"正常投資諮詢,理財規劃",1,15000,50-69 中高齡,0
UID-7fd69f3f,2026-03-13 04:50:00,+886-903-888-029,"假投資,內線交易,VIP通道",13,1694229,50-69 中高齡,1
UID-156626d2,2026-03-13 00:23:00,+886-901-468-032,"網路購物詐騙,ATM操作",5864,20954,高中職以下,1
UID-cd61a52b,2026-03-13 04:13:00,+886-903-887-053,"假投資,資金盤",18,400594,上班族,1
UID-87b3a941,2026-03-13 08:43:00,+886-902-152-352,"假扣押財產,面交黃金白銀",3,2711095,50-69 中高齡,1
UID-1dfae6cf,2026-03-13 08:50:00,+886-904-121-099,"Threads廣告,假兼職",2,94198,大專院校,1
UID-c5907fa3,2026-03-12 18:27:00,+886-903-885-020,"假投資,保證獲利",18,4698675,上班族,1
UID-4516cc65,2026-03-13 09:00:00,+886-903-883-042,"假投資,資金盤",9,1871625,碩博士,1
UID-ea7923cd,2026-03-13 01:22:00,+886-904-343-027,"網路交友,AI濾鏡假冒",26,84878,學生,1
UID-1bfbc5cc,2026-03-13 00:01:00,+886-903-885-091,"假投資,內線交易,VIP通道",14,1583335,碩博士,1
UID-1661eab1,2026-03-12 09:56:00,+886-903-889-009,"假投資,資金盤",10,1755689,上班族,1
UID-2d1060d1,2026-03-12 12:50:00,+886-904-191-039,"網路交友,AI濾鏡假冒",12,71148,學生,1
UID-19c6cae4,2026-03-12 11:27:00,+886-901-561-035,"幽靈包裹,超商取貨",184,19962,大專院校,1
UID-1d18ffd4,2026-03-12 20:20:00,+886-901-490-039,"網路購物詐騙,解除分期付款",174,14851,大專院校,1
UID-64c8de08,2026-03-12 21:37:00,+886-901-528-042,"網路購物詐騙,解除分期付款",154,22308,學生,1
UID-47c709c2,2026-03-12 16:09:00,+886-905-736-655,"正常投資諮詢,理財規劃",2,0,70+ 長者,0
UID-3dadbd94,2026-03-12 19:22:00,+886-903-881-088,"假投資,內線交易,VIP通道",6,3359069,碩博士,1
UID-f7d0018d,2026-03-12 17:49:00,+886-903-888-071,"假投資,資金盤",5,3812786,上班族,1
UID-bf44e0f9,2026-03-13 07:12:00,+886-904-345-046,"網路交友,AI濾鏡假冒",23,147108,上班族,1
UID-803e10f0,2026-03-13 03:41:00,+886-903-884-009,"假投資,內線交易,VIP通道",8,3411106,上班族,1
UID-ae4ecfe6,2026-03-13 06:33:00,+886-902-120-773,"假員警,偵查不公開",3,6782007,碩博士,1
UID-f34f49ed,2026-03-13 01:55:00,+886-903-884-091,"假投資,保證獲利",17,1435470,大專院校,1
UID-e5a261fb,2026-03-12 19:18:00,+886-904-225-066,"網路交友,AI濾鏡假冒",22,87712,學生,1
UID-7a900658,2026-03-12 13:37:00,+886-904-729-014,"殺豬盤,平台無法出金",24,75097,大專院校,1
UID-327cd6e9,2026-03-13 08:29:00,+886-905-131-487,"債務不履行,退款延遲",2,3000,50-69 中高齡,0
UID-02adafff,2026-03-13 01:19:00,+886-903-884-095,"假投資,保證獲利",9,1227006,上班族,1
UID-b9b59546,2026-03-13 01:34:00,+886-904-540-033,"網路交友,AI濾鏡假冒",15,111186,碩博士,1
UID-7e9705d5,2026-03-12 11:53:00,+886-901-182-040,"網路購物詐騙,ATM操作",181,18488,大專院校,1
UID-7c98a58e,2026-03-13 06:01:00,+886-904-308-070,"Threads廣告,假兼職",24,148933,學生,1
UID-b170dc43,2026-03-12 22:08:00,+886-904-291-067,"Threads廣告,假兼職",24,86708,大專院校,1
UID-9df0c1fa,2026-03-13 01:09:00,+886-903-885-010,"假投資,資金盤",18,4764632,碩博士,1
UID-8fddc972,2026-03-12 19:56:00,+886-903-887-042,"假投資,內線交易,VIP通道",14,2439953,50-69 中高齡,1
UID-b8264b94,2026-03-13 07:23:00,+886-905-127-506,"交易糾紛,商品瑕疵",2,500,學生,0
UID-e7f6e410,2026-03-13 00:18:00,+886-902-188-361,"假冒郵局,普發現金冒領",1,1809358,50-69 中高齡,1
UID-1af57df0,2026-03-12 21:41:00,+886-904-490-058,"Threads廣告,假兼職",10,5273,碩博士,1
UID-59c5d7c0,2026-03-13 02:02:00,+886-903-883-035,"假投資,內線交易,VIP通道",16,279108,50-69 中高齡,1
UID-653fef2d,2026-03-12 18:12:00,+886-905-505-720,"一般客訴,服務態度",2,15000,大專院校,0
UID-2a19416c,2026-03-12 09:05:00,+886-999-999-999,"機器人測試,惡意灌水",13682,0,未知,0
UID-c901d85d,2026-03-12 16:42:00,+886-904-877-076,"網路交友,要求儲值,點數卡",12,65545,大專院校,1
UID-ab376233,2026-03-13 05:23:00,+886-903-883-074,"假投資,保證獲利",13,557054,50-69 中高齡,1
UID-a83d469a,2026-03-13 08:47:00,+886-902-119-832,"假員警,偵查不公開",1,6358143,50-69 中高齡,1
UID-58928332,2026-03-12 18:06:00,+886-903-889-035,"假投資,保證獲利",8,2960185,大專院校,1
UID-77d23bc6,2026-03-12 11:17:00,+886-902-137-328,"假員警,偵查不公開",2,2958775,50-69 中高齡,1
UID-640fc928,2026-03-12 11:37:00,+886-905-407-754,"交易糾紛,商品瑕疵",1,500,碩博士,0
UID-080e0943,2026-03-12 11:12:00,+886-901-810-010,"網路購物詐騙,解除分期付款",431,13615,大專院校,1
UID-c4317cdc,2026-03-13 07:07:00,+886-902-114-811,"假員警,偵查不公開",1,4517373,70+ 長者,1
UID-11f36b5d,2026-03-12 16:34:00,+886-905-224-389,"債務不履行,退款延遲",2,500,碩博士,0
UID-d5d8fc28,2026-03-13 06:35:00,+886-904-225-047,"殺豬盤,平台無法出金",28,139899,學生,1
UID-53f7a19f,2026-03-12 18:44:00,+886-901-870-005,"幽靈包裹,超商取貨",562,41515,上班族,1
UID-f33ad2e5,2026-03-13 08:16:00,+886-905-656-809,"交易糾紛,商品瑕疵",2,3000,學生,0
UID-93bd277e,2026-03-12 18:27:00,+886-903-880-030,"假投資,資金盤",13,4526353,碩博士,1
UID-d9442c29,2026-03-12 13:27:00,+886-904-329-008,"網路交友,AI濾鏡假冒",13,104220,大專院校,1
UID-fc1dfd0f,2026-03-12 16:55:00,+886-905-406-970,"正常投資諮詢,理財規劃",2,500,碩博士,0
UID-d84a8a1e,2026-03-12 15:40:00,+886-902-114-492,"假員警,偵查不公開",3,4226123,70+ 長者,1
UID-7bb2db8b,2026-03-12 16:12:00,+886-905-118-489,"正常投資諮詢,理財規劃",2,3000,高中職以下,0
UID-df5fd865,2026-03-13 07:17:00,+886-903-885-010,"假投資,資金盤",6,1207472,碩博士,1
UID-7a62760d,2026-03-13 02:36:00,+886-902-117-707,"假冒郵局,普發現金冒領",1,3534676,70+ 長者,1
UID-77f0d8db,2026-03-12 22:52:00,+886-905-275-521,"一般客訴,服務態度",1,0,碩博士,0
UID-81f0af58,2026-03-12 20:07:00,+886-902-101-186,"假扣押財產,面交黃金白銀",2,3256865,70+ 長者,1
UID-7ed435b5,2026-03-13 07:13:00,+886-902-118-617,"假員警,偵查不公開",2,3572063,碩博士,1
UID-7a208683,2026-03-13 05:36:00,+886-905-982-466,"正常投資諮詢,理財規劃",2,3000,70+ 長者,0
UID-f8142feb,2026-03-13 07:02:00,+886-902-112-468,"假檢警,監管帳戶",2,1164145,70+ 長者,1
UID-e3b22689,2026-03-13 08:16:00,+886-905-773-524,"交易糾紛,商品瑕疵",1,3000,70+ 長者,0
UID-cf3d68b3,2026-03-12 09:01:00,+886-999-999-999,"機器人測試,惡意灌水",12586,0,未知,0
UID-c92b60f4,2026-03-13 00:21:00,+886-903-885-082,"假投資,虛擬貨幣,高報酬",8,2287186,上班族,1
UID-17204994,2026-03-12 13:07:00,+886-905-525-681,"債務不履行,退款延遲",2,500,50-69 中高齡,0
UID-dd2efc8d,2026-03-13 04:07:00,+886-902-114-715,"假檢警,監管帳戶",1,2105168,50-69 中高齡,1
UID-b2a084ea,2026-03-12 10:03:00,+886-902-120-493,"假員警,偵查不公開",1,2108286,70+ 長者,1
UID-c5dec582,2026-03-12 13:55:00,+886-905-528-491,"司法文書送達,正常公務",1,3000,高中職以下,0
UID-3cb37604,2026-03-12 10:38:00,+886-902-163-674,"假冒郵局,普發現金冒領",3,6332822,50-69 中高齡,1
UID-4c7f4a28,2026-03-13 05:18:00,+886-902-171-140,"假冒郵局,普發現金冒領",3,2118226,70+ 長者,1
UID-8b517b93,2026-03-13 05:30:00,+886-904-968-087,"Threads廣告,假兼職",25,61238,大專院校,1
UID-0e99cee7,2026-03-13 08:14:00,+886-904-747-070,"網路交友,AI濾鏡假冒",18,66996,大專院校,1
UID-be2c8b0b,2026-03-12 15:09:00,+886-904-630-045,"Threads廣告,假兼職",17,143367,學生,1
UID-f6ed210e,2026-03-13 05:48:00,+886-904-966-080,"網路交友,要求儲值,點數卡",11,99470,大專院校,1
UID-8e47ce39,2026-03-13 02:32:00,+886-901-306-033,"網路購物詐騙,ATM操作",209,40973,學生,1
UID-a91af91f,2026-03-12 19:22:00,+886-903-886-021,"假投資,保證獲利",16,2051441,上班族,1
UID-0215e81e,2026-03-12 17:33:00,+886-902-180-967,"假冒郵局,普發現金冒領",3,2446404,70+ 長者,1
UID-f6db8950,2026-03-12 20:50:00,+886-902-195-505,"假檢警,監管帳戶",2,5296750,50-69 中高齡,1
UID-7892fe2e,2026-03-12 19:10:00,+886-901-311-029,"網路購物詐騙,假賣場",489,6729,高中職以下,1
UID-d889b6a7,2026-03-13 07:19:00,+886-903-881-027,"假投資,虛擬貨幣,高報酬",6,3044166,碩博士,1
UID-2d006d46,2026-03-12 11:06:00,+886-903-881-077,"假投資,虛擬貨幣,高報酬",10,4155368,碩博士,1
UID-26efd1b1,2026-03-13 02:19:00,+886-902-164-838,"假扣押財產,面交黃金白銀",1,2270000,70+ 長者,1
UID-4f98ed81,2026-03-12 12:33:00,+886-903-882-009,"假投資,虛擬貨幣,高報酬",8,1755058,50-69 中高齡,1
UID-69795cb0,2026-03-13 07:26:00,+886-904-732-050,"Threads廣告,假兼職",22,124187,大專院校,1
UID-21511c12,2026-03-13 02:51:00,+886-905-947-858,"交易糾紛,商品瑕疵",2,0,碩博士,0
UID-9c7166b1,2026-03-12 20:52:00,+886-903-883-049,"假投資,虛擬貨幣,高報酬",19,1021874,碩博士,1
UID-cffc178f,2026-03-13 05:40:00,+886-902-116-447,"假扣押財產,面交黃金白銀",2,3354140,70+ 長者,1
UID-5f2389a6,2026-03-12 12:23:00,+886-905-308-165,"交易糾紛,商品瑕疵",1,500,70+ 長者,0
UID-9fae22d2,2026-03-13 00:59:00,+886-902-153-756,"假冒郵局,普發現金冒領",1,1868255,碩博士,1
UID-1d3b7635,2026-03-12 12:10:00,+886-903-888-063,"假投資,虛擬貨幣,高報酬",6,3048436,上班族,1
UID-df58a5d1,2026-03-12 14:10:00,+886-903-885-029,"假投資,內線交易,VIP通道",19,680573,碩博士,1
UID-e0e4c92b,2026-03-13 02:00:00,+886-901-155-044,"網路購物詐騙,ATM操作",184,37053,學生,1
UID-ca87a285,2026-03-13 00:14:00,+886-904-566-050,"網路交友,AI濾鏡假冒",25,25671,學生,1
UID-f06b57de,2026-03-13 07:49:00,+886-905-326-575,"正常投資諮詢,理財規劃",2,0,碩博士,0
UID-f55133d5,2026-03-13 03:28:00,+886-904-827-077,"網路交友,AI濾鏡假冒",17,83177,上班族,1
UID-bab84f52,2026-03-12 18:37:00,+886-905-624-847,"正常投資諮詢,理財規劃",2,15000,70+ 長者,0
UID-b5cb97f2,2026-03-13 08:24:00,+886-905-995-681,"司法文書送達,正常公務",2,500,上班族,0
UID-07306667,2026-03-12 17:37:00,+886-902-194-727,"假扣押財產,面交黃金白銀",3,2473334,碩博士,1
UID-2dfa0431,2026-03-12 22:06:00,+886-901-350-004,"網路購物詐騙,解除分期付款",251,24848,大專院校,1
UID-309987f0,2026-03-12 20:53:00,+886-905-291-253,"一般客訴,服務態度",2,500,70+ 長者,0
UID-8141ae2b,2026-03-12 18:23:00,+886-901-753-047,"網路購物詐騙,解除分期付款",185,11364,高中職以下,1
UID-f5153ffd,2026-03-12 20:02:00,+886-905-160-928,"交易糾紛,商品瑕疵",2,500,高中職以下,0
UID-6f199324,2026-03-13 06:00:00,+886-903-885-071,"假投資,虛擬貨幣,高報酬",16,3079069,碩博士,1
UID-81dccd3b,2026-03-12 12:06:00,+886-905-364-391,"司法文書送達,正常公務",2,3000,50-69 中高齡,0
UID-094a96a5,2026-03-13 07:21:00,+886-902-159-291,"假員警,偵查不公開",3,6588690,碩博士,1
UID-b5b8d7dd,2026-03-12 19:02:00,+886-903-884-078,"假投資,內線交易,VIP通道",12,109913,碩博士,1
UID-a45fe832,2026-03-12 19:12:00,+886-903-885-094,"假投資,保證獲利",10,3274222,碩博士,1
UID-874ca384,2026-03-13 05:16:00,+886-905-946-307,"一般客訴,服務態度",1,3000,碩博士,0
UID-2ece105c,2026-03-12 20:47:00,+886-903-880-013,"假投資,資金盤",16,4240808,50-69 中高齡,1
UID-752bc4df,2026-03-12 20:55:00,+886-905-997-515,"一般客訴,服務態度",1,500,大專院校,0
UID-7f496696,2026-03-13 06:25:00,+886-901-215-023,"網路購物詐騙,ATM操作",241,16235,學生,1
UID-49c52ea2,2026-03-12 21:28:00,+886-901-816-026,"網路購物詐騙,解除分期付款",592,9109,上班族,1
UID-d829c749,2026-03-13 06:52:00,+886-903-882-033,"假投資,虛擬貨幣,高報酬",10,4607769,大專院校,1
UID-107568a4,2026-03-12 19:22:00,+886-903-884-023,"假投資,資金盤",11,3127193,碩博士,1
UID-59b50659,2026-03-12 17:42:00,+886-905-874-622,"司法文書送達,正常公務",2,3000,50-69 中高齡,0
UID-15ecb733,2026-03-12 19:04:00,+886-904-821-043,"殺豬盤,平台無法出金",3,37195,碩博士,1
UID-5f6bd15a,2026-03-13 03:14:00,+886-903-883-004,"假投資,資金盤",20,2555986,碩博士,1
UID-07d1b2b0,2026-03-12 10:52:00,+886-901-739-030,"網路購物詐騙,ATM操作",719,8126,上班族,1
UID-0d69a0f8,2026-03-12 09:06:00,+886-903-889-030,"假投資,保證獲利",14,1634339,碩博士,1
UID-4dd1ebb3,2026-03-12 23:08:00,+886-903-884-052,"假投資,虛擬貨幣,高報酬",14,530741,碩博士,1
UID-b1c3432d,2026-03-12 17:29:00,+886-903-880-092,"假投資,保證獲利",5,364611,碩博士,1
UID-96b5ce2b,2026-03-13 05:01:00,+886-902-177-847,"假冒郵局,普發現金冒領",2,4628519,50-69 中高齡,1
UID-17e210b2,2026-03-13 01:24:00,+886-905-826-241,"交易糾紛,商品瑕疵",2,500,上班族,0
UID-086cda2a,2026-03-12 17:38:00,+886-904-428-020,"網路交友,AI濾鏡假冒",9,143404,上班族,1
UID-a7ce72d1,2026-03-13 05:21:00,+886-903-880-011,"假投資,虛擬貨幣,高報酬",11,105186,50-69 中高齡,1
UID-65ef80e3,2026-03-12 20:47:00,+886-902-186-907,"假扣押財產,面交黃金白銀",1,1861817,50-69 中高齡,1
UID-48909a97,2026-03-13 05:57:00,+886-903-880-049,"假投資,資金盤",14,1413311,上班族,1
UID-203d6d4e,2026-03-12 14:22:00,+886-904-604-070,"殺豬盤,平台無法出金",20,42396,大專院校,1
UID-7c2f1a20,2026-03-13 00:31:00,+886-905-773-360,"司法文書送達,正常公務",2,0,大專院校,0
UID-a82fa85b,2026-03-12 14:17:00,+886-904-565-028,"網路交友,AI濾鏡假冒",23,102214,大專院校,1
UID-063faab8,2026-03-12 23:53:00,+886-903-889-010,"假投資,資金盤",17,2981367,碩博士,1
UID-ab954e5e,2026-03-13 06:00:00,+886-904-984-023,"網路交友,AI濾鏡假冒",22,33066,大專院校,1
UID-7cf73ffe,2026-03-13 08:13:00,+886-903-882-026,"假投資,虛擬貨幣,高報酬",16,817499,50-69 中高齡,1
UID-f8216899,2026-03-12 18:55:00,+886-905-485-120,"交易糾紛,商品瑕疵",1,15000,上班族,0
UID-886af17a,2026-03-12 16:12:00,+886-905-239-517,"司法文書送達,正常公務",2,15000,大專院校,0
UID-05ffc33a,2026-03-12 12:05:00,+886-903-884-075,"假投資,虛擬貨幣,高報酬",10,4107522,上班族,1
UID-a1b3ff36,2026-03-12 17:19:00,+886-903-885-083,"假投資,資金盤",12,4824769,碩博士,1
UID-63940814,2026-03-13 01:05:00,+886-902-181-197,"假檢警,監管帳戶",2,6193679,50-69 中高齡,1
UID-022033b5,2026-03-12 21:32:00,+886-903-886-034,"假投資,內線交易,VIP通道",9,1248809,上班族,1
UID-04a6c036,2026-03-13 05:30:00,+886-905-715-813,"一般客訴,服務態度",2,15000,碩博士,0
UID-b67c389f,2026-03-13 04:14:00,+886-903-880-096,"假投資,保證獲利",8,2264015,上班族,1
UID-08473328,2026-03-13 06:13:00,+886-905-388-713,"一般客訴,服務態度",2,500,學生,0
UID-8ce4d7ee,2026-03-12 15:06:00,+886-903-881-063,"假投資,保證獲利",8,3459343,碩博士,1
UID-42052442,2026-03-12 18:21:00,+886-905-542-330,"債務不履行,退款延遲",1,0,50-69 中高齡,0
UID-3ea71c6f,2026-03-12 17:22:00,+886-901-323-046,"幽靈包裹,超商取貨",173,31338,大專院校,1
UID-7334a94d,2026-03-13 05:15:00,+886-904-119-078,"網路交友,AI濾鏡假冒",21,131114,上班族,1
UID-cd9d44f1,2026-03-13 02:49:00,+886-902-184-880,"假員警,偵查不公開",2,4215949,碩博士,1
UID-cd241635,2026-03-13 07:57:00,+886-905-119-336,"債務不履行,退款延遲",2,500,50-69 中高齡,0
UID-1a4fc9db,2026-03-12 13:50:00,+886-903-881-034,"假投資,內線交易,VIP通道",7,2594161,碩博士,1
UID-1d575338,2026-03-12 11:24:00,+886-905-459-249,"一般客訴,服務態度",1,3000,高中職以下,0
UID-649f4429,2026-03-12 11:17:00,+886-901-777-046,"網路購物詐騙,ATM操作",198,5640,大專院校,1
UID-f73739a0,2026-03-12 16:10:00,+886-903-886-072,"假投資,內線交易,VIP通道",15,3603540,碩博士,1
UID-b0f91a1b,2026-03-13 05:16:00,+886-903-885-079,"假投資,虛擬貨幣,高報酬",6,3220501,50-69 中高齡,1
UID-27b08cda,2026-03-13 06:47:00,+886-905-951-344,"債務不履行,退款延遲",2,15000,學生,0
UID-5afafdf8,2026-03-12 17:44:00,+886-903-884-074,"假投資,虛擬貨幣,高報酬",16,814033,碩博士,1
UID-fa175228,2026-03-12 13:25:00,+886-903-888-017,"假投資,保證獲利",5,1587753,50-69 中高齡,1
UID-e68e2ad0,2026-03-12 11:25:00,+886-902-134-727,"假扣押財產,面交黃金白銀",1,6803104,50-69 中高齡,1
UID-23c28096,2026-03-12 12:44:00,+886-905-708-622,"司法文書送達,正常公務",1,15000,高中職以下,0
UID-fc03b31a,2026-03-12 20:45:00,+886-901-318-016,"幽靈包裹,超商取貨",311,26306,大專院校,1
UID-2c382440,2026-03-12 22:25:00,+886-905-723-871,"債務不履行,退款延遲",2,15000,碩博士,0
UID-e2db9983,2026-03-12 12:51:00,+886-905-929-367,"債務不履行,退款延遲",1,500,高中職以下,0
UID-227632a6,2026-03-12 13:25:00,+886-905-865-785,"交易糾紛,商品瑕疵",1,15000,大專院校,0
UID-278f9c4c,2026-03-12 23:43:00,+886-902-198-789,"假冒郵局,普發現金冒領",3,2816550,50-69 中高齡,1
UID-f7ab669f,2026-03-13 07:10:00,+886-905-577-885,"一般客訴,服務態度",2,3000,學生,0
UID-398d646a,2026-03-13 07:56:00,+886-901-767-013,"幽靈包裹,超商取貨",172,13736,學生,1
UID-4c9ab43a,2026-03-12 16:01:00,+886-904-632-045,"網路交友,AI濾鏡假冒",27,113295,學生,1
UID-29e5541b,2026-03-12 13:08:00,+886-901-562-018,"網路購物詐騙,解除分期付款",327,19538,上班族,1
UID-d6cbc6ad,2026-03-12 19:30:00,+886-903-882-073,"假投資,虛擬貨幣,高報酬",6,2935176,50-69 中高齡,1
UID-eb0ebdda,2026-03-12 14:19:00,+886-905-162-805,"債務不履行,退款延遲",1,15000,上班族,0
UID-0b5a9c18,2026-03-12 20:54:00,+886-905-726-383,"一般客訴,服務態度",1,3000,50-69 中高齡,0
UID-74693052,2026-03-13 01:40:00,+886-904-421-039,"殺豬盤,平台無法出金",18,109610,上班族,1
UID-31f31c39,2026-03-12 21:44:00,+886-905-275-898,"債務不履行,退款延遲",1,15000,大專院校,0
UID-7d924b3e,2026-03-12 11:26:00,+886-905-166-672,"交易糾紛,商品瑕疵",2,500,50-69 中高齡,0
UID-19b32ce7,2026-03-12 16:57:00,+886-905-248-243,"司法文書送達,正常公務",1,3000,高中職以下,0
UID-fb14badc,2026-03-12 20:59:00,+886-903-885-081,"假投資,虛擬貨幣,高報酬",6,1692879,碩博士,1
UID-87aa8172,2026-03-12 21:27:00,+886-905-381-197,"正常投資諮詢,理財規劃",2,3000,50-69 中高齡,0
UID-1c0b822a,2026-03-12 13:20:00,+886-905-693-297,"交易糾紛,商品瑕疵",1,3000,高中職以下,0
UID-d71ee442,2026-03-13 07:28:00,+886-903-881-021,"假投資,資金盤",17,2939196,大專院校,1
UID-613c903f,2026-03-12 11:11:00,+886-905-963-721,"債務不履行,退款延遲",2,500,大專院校,0
UID-12ba5524,2026-03-13 08:18:00,+886-901-598-026,"網路購物詐騙,解除分期付款",151,19604,學生,1
UID-1ba6794d,2026-03-12 22:05:00,+886-904-339-005,"Threads廣告,假兼職",22,114259,學生,1
UID-e312a7f5,2026-03-12 13:32:00,+886-902-146-296,"假冒郵局,普發現金冒領",2,5562150,50-69 中高齡,1
UID-e63c9d07,2026-03-12 19:04:00,+886-901-625-022,"幽靈包裹,超商取貨",155,8587,學生,1
UID-4982b066,2026-03-12 22:25:00,+886-904-793-081,"網路交友,AI濾鏡假冒",5,140264,碩博士,1
UID-991601bd,2026-03-13 03:29:00,+886-903-884-042,"假投資,虛擬貨幣,高報酬",9,1164815,碩博士,1
UID-217147b8,2026-03-12 16:42:00,+886-903-880-087,"假投資,內線交易,VIP通道",15,2596086,50-69 中高齡,1
UID-dc057c1a,2026-03-12 10:39:00,+886-903-882-051,"假投資,保證獲利",13,713128,碩博士,1
UID-833f1033,2026-03-13 00:29:00,+886-904-210-022,"殺豬盤,平台無法出金",24,65664,碩博士,1
UID-337eff50,2026-03-12 23:00:00,+886-902-155-354,"假扣押財產,面交黃金白銀",2,1201027,碩博士,1
UID-422682d0,2026-03-12 09:07:00,+886-999-999-999,"機器人測試,惡意灌水",13411,0,未知,0
UID-44557bdb,2026-03-13 08:05:00,+886-901-479-025,"網路購物詐騙,假賣場",202,27295,大專院校,1
UID-9bd0dc4f,2026-03-12 12:06:00,+886-905-944-938,"債務不履行,退款延遲",1,500,上班族,0
UID-6a5f6438,2026-03-13 05:59:00,+886-905-516-611,"一般客訴,服務態度",2,0,高中職以下,0
UID-ab3d2e5e,2026-03-13 05:22:00,+886-903-884-039,"假投資,保證獲利",10,2909629,上班族,1
UID-e8b1b83d,2026-03-12 21:41:00,+886-903-887-057,"假投資,內線交易,VIP通道",6,4578331,50-69 中高齡,1
UID-22da5d8f,2026-03-13 02:25:00,+886-903-887-001,"假投資,虛擬貨幣,高報酬",9,3054874,碩博士,1
UID-578502d4,2026-03-13 08:47:00,+886-901-105-041,"網路購物詐騙,假賣場",326,3390,高中職以下,1
UID-5500a8aa,2026-03-13 02:49:00,+886-905-359-468,"一般客訴,服務態度",1,3000,碩博士,0
UID-6a855284,2026-03-13 00:45:00,+886-905-677-980,"一般客訴,服務態度",2,500,學生,0
UID-b36403e4,2026-03-13 08:19:00,+886-902-198-334,"假檢警,監管帳戶",1,1566121,70+ 長者,1
UID-c33392ce,2026-03-13 03:06:00,+886-904-795-040,"網路交友,要求儲值,點數卡",15,67539,碩博士,1
UID-a20fa4a6,2026-03-12 19:41:00,+886-903-885-049,"假投資,資金盤",14,770988,碩博士,1
UID-364d60a1,2026-03-12 15:52:00,+886-902-134-441,"假扣押財產,面交黃金白銀",3,7876322,70+ 長者,1
UID-ba7ce2d6,2026-03-12 18:35:00,+886-904-330-047,"殺豬盤,平台無法出金",11,84763,上班族,1
UID-7dc4328e,2026-03-12 23:55:00,+886-903-888-079,"假投資,虛擬貨幣,高報酬",11,2062512,碩博士,1
UID-5fbe9581,2026-03-12 13:37:00,+886-905-622-221,"正常投資諮詢,理財規劃",2,3000,50-69 中高齡,0
UID-bb098c74,2026-03-12 16:58:00,+886-905-845-320,"司法文書送達,正常公務",2,15000,高中職以下,0
UID-1ae17688,2026-03-12 18:49:00,+886-902-192-403,"假檢警,監管帳戶",2,7995502,50-69 中高齡,1
UID-7f56533e,2026-03-13 03:52:00,+886-904-142-035,"網路交友,要求儲值,點數卡",14,61894,大專院校,1
UID-4cf1cc75,2026-03-12 13:45:00,+886-905-797-849,"債務不履行,退款延遲",1,0,70+ 長者,0
UID-18b7f159,2026-03-12 18:09:00,+886-903-883-052,"假投資,資金盤",9,1529386,上班族,1
UID-0e47b413,2026-03-12 16:29:00,+886-901-265-013,"網路購物詐騙,假賣場",151,43703,學生,1
UID-d204109d,2026-03-12 21:02:00,+886-902-192-441,"假檢警,監管帳戶",1,7977260,70+ 長者,1
UID-7a5a8625,2026-03-12 16:01:00,+886-903-886-051,"假投資,保證獲利",16,3586932,上班族,1
UID-b9169ebe,2026-03-12 12:45:00,+886-903-889-050,"假投資,保證獲利",15,1407443,50-69 中高齡,1
UID-08257724,2026-03-13 04:23:00,+886-905-621-814,"債務不履行,退款延遲",1,15000,高中職以下,0
UID-0437c1d3,2026-03-12 10:11:00,+886-905-455-994,"一般客訴,服務態度",1,0,高中職以下,0
UID-d8af5905,2026-03-13 02:09:00,+886-903-888-095,"假投資,虛擬貨幣,高報酬",16,4921967,上班族,1
UID-e81e815b,2026-03-12 23:04:00,+886-905-458-572,"正常投資諮詢,理財規劃",1,15000,碩博士,0
UID-93db3cec,2026-03-12 18:48:00,+886-902-188-196,"假檢警,監管帳戶",2,1387801,70+ 長者,1
UID-a11a00ba,2026-03-13 06:35:00,+886-902-120-239,"假檢警,監管帳戶",1,1784424,50-69 中高齡,1
UID-714f5031,2026-03-13 06:20:00,+886-903-887-080,"假投資,內線交易,VIP通道",18,4229031,上班族,1
UID-f4205cf1,2026-03-12 21:31:00,+886-902-125-193,"假檢警,監管帳戶",2,2322945,50-69 中高齡,1
UID-e6ddc5ad,2026-03-12 11:17:00,+886-904-826-032,"網路交友,AI濾鏡假冒",21,7619,學生,1
UID-fbc25859,2026-03-12 14:58:00,+886-902-118-559,"假扣押財產,面交黃金白銀",1,5827957,70+ 長者,1
UID-ee9faf91,2026-03-13 07:33:00,+886-905-242-711,"交易糾紛,商品瑕疵",2,15000,上班族,0
UID-501dc7e6,2026-03-13 07:01:00,+886-901-444-023,"網路購物詐騙,ATM操作",189,2623,上班族,1
UID-1e830a40,2026-03-13 04:51:00,+886-903-882-099,"假投資,保證獲利",18,4427405,上班族,1
UID-ba65e8f6,2026-03-13 02:06:00,+886-904-644-077,"Threads廣告,假兼職",20,67344,上班族,1
UID-64ea7eb4,2026-03-12 21:06:00,+886-902-113-577,"假扣押財產,面交黃金白銀",2,537240,70+ 長者,1
UID-33aa217c,2026-03-12 20:26:00,+886-905-766-617,"一般客訴,服務態度",2,500,高中職以下,0
UID-7b940b20,2026-03-12 16:44:00,+886-902-161-581,"假檢警,監管帳戶",3,7647288,70+ 長者,1
UID-a84d71d8,2026-03-13 03:54:00,+886-903-888-071,"假投資,虛擬貨幣,高報酬",7,4332597,50-69 中高齡,1
UID-395fcae4,2026-03-13 02:37:00,+886-904-999-096,"殺豬盤,平台無法出金",8,20420,大專院校,1
UID-1e26e73b,2026-03-13 00:41:00,+886-901-315-012,"網路購物詐騙,假賣場",174,18316,上班族,1
UID-8cf33064,2026-03-12 12:43:00,+886-903-886-013,"假投資,虛擬貨幣,高報酬",14,2137591,碩博士,1
UID-b26914c3,2026-03-12 20:10:00,+886-903-889-078,"假投資,內線交易,VIP通道",5,2271327,50-69 中高齡,1
UID-d7bf0cc3,2026-03-12 20:31:00,+886-905-900-642,"一般客訴,服務態度",1,0,高中職以下,0
UID-7142500f,2026-03-12 19:23:00,+886-905-528-420,"司法文書送達,正常公務",1,15000,高中職以下,0
UID-95c7b04c,2026-03-12 17:19:00,+886-903-883-010,"假投資,保證獲利",7,3340777,50-69 中高齡,1
UID-6e011cf8,2026-03-12 23:06:00,+886-903-883-002,"假投資,資金盤",9,429341,上班族,1
UID-f4236918,2026-03-12 15:54:00,+886-905-396-336,"交易糾紛,商品瑕疵",1,15000,50-69 中高齡,0
UID-f444a4bb,2026-03-13 07:33:00,+886-901-708-007,"網路購物詐騙,假賣場",642,35928,學生,1
UID-ad22fdfb,2026-03-13 06:46:00,+886-903-884-076,"假投資,虛擬貨幣,高報酬",20,3585404,50-69 中高齡,1
UID-a84ea502,2026-03-12 20:47:00,+886-904-510-023,"網路交友,要求儲值,點數卡",12,62287,學生,1
UID-f5af00b3,2026-03-13 02:22:00,+886-905-791-965,"司法文書送達,正常公務",2,500,50-69 中高齡,0
UID-456ec9dd,2026-03-13 07:40:00,+886-905-370-779,"一般客訴,服務態度",2,15000,高中職以下,0
UID-4230eae6,2026-03-12 18:33:00,+886-905-988-782,"交易糾紛,商品瑕疵",2,3000,碩博士,0
UID-a88979b3,2026-03-12 22:49:00,+886-902-127-559,"假扣押財產,面交黃金白銀",2,7464798,碩博士,1
UID-e272a96a,2026-03-13 08:59:00,+886-904-610-061,"Threads廣告,假兼職",6,31751,上班族,1
UID-45310bec,2026-03-13 06:27:00,+886-905-709-750,"司法文書送達,正常公務",1,15000,大專院校,0
UID-e5ad5806,2026-03-13 06:34:00,+886-904-512-084,"殺豬盤,平台無法出金",8,50911,上班族,1
UID-b27778bb,2026-03-12 16:09:00,+886-903-889-021,"假投資,虛擬貨幣,高報酬",13,2993833,碩博士,1
UID-9e719053,2026-03-13 02:32:00,+886-903-887-041,"假投資,資金盤",8,2420019,碩博士,1
UID-dca7dc93,2026-03-13 04:28:00,+886-903-884-009,"假投資,虛擬貨幣,高報酬",11,3228370,上班族,1
UID-5c8f577e,2026-03-13 04:56:00,+886-902-183-444,"假檢警,監管帳戶",1,4790508,50-69 中高齡,1
UID-936a68a2,2026-03-13 03:16:00,+886-901-262-037,"幽靈包裹,超商取貨",246,32239,上班族,1
UID-77be43e7,2026-03-12 19:36:00,+886-902-146-609,"假扣押財產,面交黃金白銀",2,1465077,50-69 中高齡,1
UID-e0a69f81,2026-03-12 13:28:00,+886-903-884-032,"假投資,內線交易,VIP通道",7,2946882,大專院校,1
UID-b11e8337,2026-03-12 09:43:00,+886-905-604-415,"債務不履行,退款延遲",1,500,50-69 中高齡,0
UID-06d8797a,2026-03-12 18:45:00,+886-905-980-834,"交易糾紛,商品瑕疵",2,3000,大專院校,0
UID-309a288c,2026-03-12 14:52:00,+886-904-407-066,"網路交友,AI濾鏡假冒",9,142235,大專院校,1
UID-a412ae7d,2026-03-12 20:47:00,+886-903-884-086,"假投資,保證獲利",5,4130641,50-69 中高齡,1
UID-1274fd64,2026-03-12 16:46:00,+886-904-483-010,"網路交友,要求儲值,點數卡",27,29091,大專院校,1
UID-860b272b,2026-03-13 01:40:00,+886-902-134-300,"假檢警,監管帳戶",1,2819164,70+ 長者,1
UID-71a34bd0,2026-03-13 02:10:00,+886-905-407-988,"一般客訴,服務態度",1,0,50-69 中高齡,0
UID-5129d49a,2026-03-13 06:54:00,+886-905-135-172,"一般客訴,服務態度",2,15000,上班族,0
UID-9447d83c,2026-03-13 05:56:00,+886-905-202-832,"正常投資諮詢,理財規劃",1,0,高中職以下,0
UID-abfd62a5,2026-03-12 16:53:00,+886-905-553-849,"正常投資諮詢,理財規劃",2,0,碩博士,0
UID-f5b2eb0c,2026-03-13 01:47:00,+886-905-666-296,"司法文書送達,正常公務",2,15000,碩博士,0
UID-ae895a3b,2026-03-12 12:27:00,+886-903-883-013,"假投資,虛擬貨幣,高報酬",7,2161706,上班族,1
UID-30040637,2026-03-12 12:30:00,+886-902-200-992,"假冒郵局,普發現金冒領",1,925797,70+ 長者,1
UID-fc3eee3d,2026-03-12 10:44:00,+886-904-651-083,"殺豬盤,平台無法出金",12,82070,碩博士,1
UID-fcbb5d1d,2026-03-13 02:36:00,+886-905-439-357,"一般客訴,服務態度",2,0,大專院校,0
UID-22c20428,2026-03-13 05:51:00,+886-903-887-081,"假投資,資金盤",12,3624648,大專院校,1
UID-3415c6e5,2026-03-12 10:23:00,+886-901-732-016,"網路購物詐騙,假賣場",150,21930,學生,1
UID-bdde5679,2026-03-12 16:29:00,+886-905-502-464,"正常投資諮詢,理財規劃",2,0,50-69 中高齡,0
UID-f157d63a,2026-03-12 12:06:00,+886-902-178-473,"假檢警,監管帳戶",3,4859485,50-69 中高齡,1
UID-a59dbf5e,2026-03-12 13:43:00,+886-901-133-029,"網路購物詐騙,解除分期付款",203,12338,大專院校,1
UID-88494b83,2026-03-13 07:30:00,+886-903-886-095,"假投資,資金盤",12,4223292,大專院校,1
UID-3a6d91a3,2026-03-13 05:51:00,+886-901-209-025,"網路購物詐騙,解除分期付款",175,13037,上班族,1
UID-49848edd,2026-03-12 15:43:00,+886-904-634-067,"網路交友,要求儲值,點數卡",26,12067,碩博士,1
UID-9f392548,2026-03-13 01:08:00,+886-903-885-094,"假投資,資金盤",6,2313914,大專院校,1
UID-28bdbe4b,2026-03-12 18:57:00,+886-901-686-045,"幽靈包裹,超商取貨",575,9801,學生,1
UID-7f6b3fd0,2026-03-12 15:06:00,+886-901-304-019,"網路購物詐騙,假賣場",164,12969,高中職以下,1
UID-08c1d90c,2026-03-13 02:13:00,+886-901-457-050,"網路購物詐騙,ATM操作",186,3465,上班族,1
UID-5fe952b8,2026-03-13 03:15:00,+886-902-134-962,"假冒郵局,普發現金冒領",3,6312009,70+ 長者,1
UID-a74ba859,2026-03-13 03:30:00,+886-901-963-034,"網路購物詐騙,ATM操作",162,33369,大專院校,1
UID-64148a6a,2026-03-12 21:11:00,+886-903-882-009,"假投資,保證獲利",6,2143443,上班族,1
UID-a9e81acb,2026-03-13 04:10:00,+886-905-136-233,"司法文書送達,正常公務",2,15000,70+ 長者,0
UID-c0b40ca1,2026-03-12 15:32:00,+886-902-145-798,"假扣押財產,面交黃金白銀",3,2354473,70+ 長者,1
UID-295053aa,2026-03-12 16:21:00,+886-902-196-125,"假冒郵局,普發現金冒領",1,7883616,70+ 長者,1
UID-6d750d9e,2026-03-12 23:08:00,+886-904-135-037,"網路交友,要求儲值,點數卡",28,112602,碩博士,1
UID-84277cdf,2026-03-12 23:33:00,+886-905-937-549,"交易糾紛,商品瑕疵",1,3000,50-69 中高齡,0
UID-7a8f5ef5,2026-03-13 06:33:00,+886-904-727-084,"殺豬盤,平台無法出金",27,5994,碩博士,1
UID-f77257f3,2026-03-13 04:27:00,+886-905-696-447,"司法文書送達,正常公務",1,3000,學生,0
UID-b7f6596e,2026-03-13 07:23:00,+886-903-884-015,"假投資,內線交易,VIP通道",18,1473636,碩博士,1
UID-cd5a8738,2026-03-12 11:44:00,+886-905-143-911,"司法文書送達,正常公務",2,15000,上班族,0
UID-97616ce6,2026-03-12 20:47:00,+886-904-695-095,"網路交友,AI濾鏡假冒",30,49422,學生,1
UID-c3da95f3,2026-03-12 17:07:00,+886-905-962-958,"司法文書送達,正常公務",1,500,高中職以下,0
UID-fc2ebc87,2026-03-12 09:08:00,+886-999-999-999,"機器人測試,惡意灌水",14849,0,未知,0
UID-e892982d,2026-03-12 17:35:00,+886-905-996-241,"債務不履行,退款延遲",1,500,大專院校,0
UID-3f52fbdb,2026-03-13 04:02:00,+886-902-135-299,"假員警,偵查不公開",2,1084005,70+ 長者,1
UID-cde691ae,2026-03-12 11:21:00,+886-904-240-024,"網路交友,AI濾鏡假冒",26,52472,大專院校,1
UID-c0da26d5,2026-03-12 17:52:00,+886-905-112-479,"債務不履行,退款延遲",1,0,高中職以下,0
UID-038d3ea7,2026-03-12 14:09:00,+886-905-501-253,"債務不履行,退款延遲",2,0,碩博士,0
UID-69e81a8f,2026-03-12 19:01:00,+886-901-307-046,"網路購物詐騙,解除分期付款",167,31765,高中職以下,1
UID-376764d4,2026-03-12 09:59:00,+886-905-760-633,"交易糾紛,商品瑕疵",1,0,大專院校,0
UID-7ed9af41,2026-03-12 16:09:00,+886-904-579-087,"網路交友,要求儲值,點數卡",17,29271,上班族,1
UID-e8aeeadf,2026-03-12 14:58:00,+886-905-783-220,"正常投資諮詢,理財規劃",1,0,上班族,0
UID-fe51190f,2026-03-13 02:49:00,+886-901-673-050,"網路購物詐騙,解除分期付款",153,28094,高中職以下,1
UID-3d24fb25,2026-03-12 13:47:00,+886-904-929-065,"Threads廣告,假兼職",22,1551,上班族,1
UID-04fa77a4,2026-03-13 02:38:00,+886-905-198-763,"司法文書送達,正常公務",2,3000,碩博士,0
UID-8297438e,2026-03-13 07:04:00,+886-901-666-036,"網路購物詐騙,假賣場",223,23540,學生,1
UID-00e21c22,2026-03-12 16:07:00,+886-903-887-075,"假投資,保證獲利",12,2818830,上班族,1
UID-ac07c4fb,2026-03-13 02:32:00,+886-901-490-013,"網路購物詐騙,ATM操作",795,28018,上班族,1
UID-7469cb94,2026-03-13 01:01:00,+886-903-889-034,"假投資,資金盤",18,2055750,50-69 中高齡,1
UID-74f0974c,2026-03-13 01:56:00,+886-903-885-050,"假投資,內線交易,VIP通道",11,515305,50-69 中高齡,1
UID-2f7dc200,2026-03-12 18:55:00,+886-902-159-542,"假冒郵局,普發現金冒領",1,1212092,70+ 長者,1
UID-1eea3f2e,2026-03-12 09:26:00,+886-904-897-081,"Threads廣告,假兼職",8,64179,學生,1
UID-a86951ec,2026-03-12 16:28:00,+886-903-882-014,"假投資,資金盤",19,1733960,50-69 中高齡,1
UID-3e704c69,2026-03-13 08:54:00,+886-905-941-966,"正常投資諮詢,理財規劃",1,3000,碩博士,0
UID-3cc6dc00,2026-03-12 21:45:00,+886-905-419-866,"債務不履行,退款延遲",1,15000,上班族,0
UID-97b8a532,2026-03-12 22:01:00,+886-904-880-009,"網路交友,AI濾鏡假冒",28,32716,大專院校,1
UID-fb92a068,2026-03-12 09:01:00,+886-999-999-999,"機器人測試,惡意灌水",12617,0,未知,0
UID-64e618ef,2026-03-13 03:21:00,+886-904-639-044,"網路交友,AI濾鏡假冒",18,61631,碩博士,1
UID-b9819360,2026-03-13 08:13:00,+886-905-871-588,"交易糾紛,商品瑕疵",2,15000,大專院校,0
UID-0902b533,2026-03-12 10:13:00,+886-903-880-061,"假投資,資金盤",16,4352405,上班族,1
UID-e4e52c77,2026-03-12 10:03:00,+886-901-500-004,"網路購物詐騙,假賣場",159,39020,高中職以下,1
UID-bec8a8da,2026-03-13 02:40:00,+886-905-936-569,"交易糾紛,商品瑕疵",1,3000,碩博士,0
UID-6450e9d5,2026-03-13 07:07:00,+886-903-888-030,"假投資,資金盤",14,2745834,碩博士,1
UID-b330a0ae,2026-03-12 17:40:00,+886-905-766-106,"正常投資諮詢,理財規劃",2,15000,上班族,0
UID-6d667aa6,2026-03-13 08:32:00,+886-905-395-298,"債務不履行,退款延遲",2,500,大專院校,0
UID-6b71c8fd,2026-03-12 22:11:00,+886-903-888-077,"假投資,內線交易,VIP通道",14,2138662,50-69 中高齡,1
UID-50062270,2026-03-13 01:27:00,+886-905-916-677,"正常投資諮詢,理財規劃",1,15000,高中職以下,0
UID-189b8454,2026-03-13 04:47:00,+886-904-282-068,"殺豬盤,平台無法出金",28,79778,學生,1
UID-5e107736,2026-03-12 14:46:00,+886-902-147-878,"假扣押財產,面交黃金白銀",2,1255516,70+ 長者,1
UID-93638789,2026-03-12 14:44:00,+886-903-884-031,"假投資,虛擬貨幣,高報酬",11,3739279,50-69 中高齡,1
UID-80d98899,2026-03-12 19:50:00,+886-903-882-009,"假投資,虛擬貨幣,高報酬",9,1491832,上班族,1
UID-aebf12a6,2026-03-12 10:29:00,+886-901-629-019,"網路購物詐騙,解除分期付款",358,27774,高中職以下,1
UID-09100f7a,2026-03-12 09:21:00,+886-903-888-091,"假投資,資金盤",8,980405,上班族,1
UID-7a26e3bc,2026-03-12 12:22:00,+886-904-673-043,"網路交友,AI濾鏡假冒",25,119113,學生,1
UID-d365c83d,2026-03-13 05:50:00,+886-905-225-918,"債務不履行,退款延遲",2,0,大專院校,0
UID-0de11a2f,2026-03-12 17:55:00,+886-901-145-039,"網路購物詐騙,假賣場",194,11573,學生,1
UID-b819e6f4,2026-03-12 12:33:00,+886-903-889-058,"假投資,保證獲利",18,4999786,50-69 中高齡,1
UID-86da3f0b,2026-03-13 04:13:00,+886-903-888-029,"假投資,虛擬貨幣,高報酬",16,790075,大專院校,1
UID-9ef18575,2026-03-12 22:07:00,+886-905-871-966,"債務不履行,退款延遲",1,0,大專院校,0
UID-9770f3cf,2026-03-13 07:59:00,+886-902-127-158,"假扣押財產,面交黃金白銀",1,4280397,50-69 中高齡,1
UID-116554af,2026-03-12 19:49:00,+886-904-468-040,"Threads廣告,假兼職",2,76575,學生,1
UID-8d1c185d,2026-03-12 18:43:00,+886-903-880-079,"假投資,保證獲利",13,3356238,50-69 中高齡,1
UID-9d553d92,2026-03-12 23:31:00,+886-903-885-096,"假投資,虛擬貨幣,高報酬",5,938493,碩博士,1
UID-f73ff98b,2026-03-13 07:30:00,+886-905-392-986,"司法文書送達,正常公務",2,500,上班族,0
UID-1906ecac,2026-03-12 15:04:00,+886-901-658-030,"網路購物詐騙,解除分期付款",184,33162,高中職以下,1
UID-efddb567,2026-03-13 00:30:00,+886-905-642-250,"交易糾紛,商品瑕疵",2,500,高中職以下,0
UID-5c5b588d,2026-03-12 16:54:00,+886-904-673-077,"Threads廣告,假兼職",17,89201,上班族,1
UID-9de41888,2026-03-12 19:20:00,+886-902-109-749,"假檢警,監管帳戶",1,863620,70+ 長者,1
UID-0823cfdc,2026-03-13 07:58:00,+886-903-883-036,"假投資,保證獲利",12,4180653,大專院校,1
UID-a3a2f4a6,2026-03-13 02:34:00,+886-903-887-085,"假投資,內線交易,VIP通道",20,230078,上班族,1
UID-443d8c8d,2026-03-12 23:28:00,+886-905-750-284,"司法文書送達,正常公務",2,15000,高中職以下,0
UID-4f207eb4,2026-03-12 16:08:00,+886-902-147-990,"假扣押財產,面交黃金白銀",1,3403148,70+ 長者,1
UID-260247fa,2026-03-12 22:18:00,+886-901-846-034,"網路購物詐騙,ATM操作",233,38809,學生,1
UID-058ce75c,2026-03-12 16:31:00,+886-905-652-570,"司法文書送達,正常公務",2,500,70+ 長者,0
UID-2ee3d0c3,2026-03-12 16:18:00,+886-902-156-857,"假員警,偵查不公開",3,862015,70+ 長者,1
UID-cc917f06,2026-03-12 10:10:00,+886-903-881-004,"假投資,虛擬貨幣,高報酬",5,277701,上班族,1
UID-bafd0532,2026-03-13 08:17:00,+886-905-316-327,"正常投資諮詢,理財規劃",1,15000,70+ 長者,0
UID-82493fd6,2026-03-12 22:55:00,+886-905-205-636,"司法文書送達,正常公務",2,3000,高中職以下,0
UID-9fd8e517,2026-03-13 06:53:00,+886-904-887-074,"網路交友,要求儲值,點數卡",13,108445,大專院校,1
UID-1062c415,2026-03-13 05:23:00,+886-903-886-048,"假投資,內線交易,VIP通道",6,2274205,上班族,1
UID-e8131bfe,2026-03-13 00:40:00,+886-904-365-025,"網路交友,要求儲值,點數卡",6,86,上班族,1
UID-16628c17,2026-03-12 18:52:00,+886-902-190-908,"假員警,偵查不公開",1,1446847,50-69 中高齡,1
UID-7d8c8206,2026-03-12 23:24:00,+886-905-185-846,"司法文書送達,正常公務",2,500,50-69 中高齡,0
UID-97c25f5a,2026-03-12 23:25:00,+886-903-889-041,"假投資,保證獲利",15,3046183,碩博士,1
UID-5f97f37d,2026-03-12 09:03:00,+886-999-999-999,"機器人測試,惡意灌水",9968,0,未知,0
UID-25d20072,2026-03-12 18:06:00,+886-904-864-085,"網路交友,AI濾鏡假冒",25,96186,大專院校,1
UID-7bbb8576,2026-03-12 23:51:00,+886-903-887-007,"假投資,資金盤",17,2223515,碩博士,1
UID-6ad78c1c,2026-03-12 14:02:00,+886-901-311-041,"網路購物詐騙,ATM操作",243,22769,學生,1
UID-03d3e2b0,2026-03-12 19:27:00,+886-901-320-013,"網路購物詐騙,ATM操作",216,13885,上班族,1
UID-8e10dc5b,2026-03-13 03:33:00,+886-903-880-073,"假投資,資金盤",10,342159,50-69 中高齡,1
UID-65eb3db4,2026-03-12 09:09:00,+886-901-462-039,"網路購物詐騙,假賣場",179,15523,大專院校,1
UID-d30fc093,2026-03-12 15:08:00,+886-903-888-085,"假投資,虛擬貨幣,高報酬",7,334386,上班族,1
UID-6cd58b4b,2026-03-13 05:14:00,+886-905-459-405,"債務不履行,退款延遲",2,500,70+ 長者,0
UID-64396015,2026-03-13 05:31:00,+886-902-151-296,"假檢警,監管帳戶",2,7869721,70+ 長者,1
UID-9306563d,2026-03-13 07:49:00,+886-905-657-906,"債務不履行,退款延遲",2,3000,碩博士,0
UID-1b3ae542,2026-03-12 14:01:00,+886-903-884-025,"假投資,內線交易,VIP通道",17,1861701,碩博士,1
UID-b3298ab7,2026-03-13 04:48:00,+886-903-881-004,"假投資,虛擬貨幣,高報酬",15,3902230,碩博士,1
UID-c89deef5,2026-03-12 22:53:00,+886-903-882-034,"假投資,虛擬貨幣,高報酬",20,1914710,碩博士,1
UID-19dd3417,2026-03-12 14:52:00,+886-903-888-013,"假投資,虛擬貨幣,高報酬",20,3616705,上班族,1
UID-0ad8dddc,2026-03-12 22:01:00,+886-903-886-089,"假投資,資金盤",6,538181,碩博士,1
UID-0d3588b5,2026-03-13 05:01:00,+886-901-335-022,"網路購物詐騙,解除分期付款",189,32214,高中職以下,1
UID-0a06e679,2026-03-13 00:56:00,+886-903-882-079,"假投資,資金盤",13,4071974,上班族,1
UID-b94ed7a5,2026-03-12 19:45:00,+886-905-645-104,"債務不履行,退款延遲",1,500,學生,0
UID-cf10bd18,2026-03-13 08:47:00,+886-904-354-012,"殺豬盤,平台無法出金",11,69363,碩博士,1
UID-6c256c3e,2026-03-12 09:30:00,+886-902-105-767,"假扣押財產,面交黃金白銀",2,1867787,70+ 長者,1
UID-d59ee263,2026-03-12 22:09:00,+886-901-349-006,"網路購物詐騙,ATM操作",162,40782,上班族,1
UID-e90b46db,2026-03-12 23:37:00,+886-903-889-037,"假投資,內線交易,VIP通道",17,315632,50-69 中高齡,1
UID-f412b05a,2026-03-13 07:30:00,+886-903-887-091,"假投資,資金盤",16,1709576,碩博士,1
UID-7bd33cac,2026-03-12 14:25:00,+886-903-887-049,"假投資,保證獲利",5,3849370,上班族,1
UID-0b950416,2026-03-12 18:55:00,+886-904-160-019,"Threads廣告,假兼職",30,126636,碩博士,1
UID-8bee21ac,2026-03-13 06:04:00,+886-902-127-241,"假檢警,監管帳戶",2,2908731,70+ 長者,1
UID-47f068c0,2026-03-12 18:10:00,+886-904-282-006,"網路交友,要求儲值,點數卡",18,2968,碩博士,1
UID-9b994752,2026-03-13 07:58:00,+886-901-464-030,"幽靈包裹,超商取貨",154,24001,大專院校,1
UID-9a7c1ab7,2026-03-13 07:02:00,+886-901-493-034,"網路購物詐騙,解除分期付款",160,36223,大專院校,1
UID-fb206a2e,2026-03-12 09:59:00,+886-902-168-686,"假檢警,監管帳戶",2,1987850,70+ 長者,1
UID-5ad6f71f,2026-03-12 09:10:00,+886-999-999-999,"機器人測試,惡意灌水",9946,0,未知,0
UID-8f9f022f,2026-03-13 03:26:00,+886-901-528-027,"網路購物詐騙,假賣場",204,29556,大專院校,1
UID-ea2eb528,2026-03-12 19:33:00,+886-905-586-902,"司法文書送達,正常公務",2,500,高中職以下,0
UID-82a0d3ee,2026-03-12 16:40:00,+886-903-881-079,"假投資,保證獲利",16,4218242,上班族,1
UID-2402a00a,2026-03-13 07:14:00,+886-905-206-790,"一般客訴,服務態度",2,3000,大專院校,0
UID-b5af93a6,2026-03-13 00:44:00,+886-905-341-663,"債務不履行,退款延遲",2,0,上班族,0
UID-8c2b36ef,2026-03-13 08:25:00,+886-904-197-080,"Threads廣告,假兼職",8,5708,碩博士,1
UID-cb3c1443,2026-03-12 20:52:00,+886-903-881-035,"假投資,保證獲利",12,448482,大專院校,1
UID-ffb200cb,2026-03-13 04:02:00,+886-901-737-032,"網路購物詐騙,假賣場",655,35746,上班族,1
UID-e410906c,2026-03-12 17:51:00,+886-905-764-109,"債務不履行,退款延遲",2,500,學生,0
UID-52ee62d8,2026-03-12 18:00:00,+886-903-885-090,"假投資,保證獲利",17,2719891,碩博士,1
UID-369defad,2026-03-12 10:09:00,+886-903-880-094,"假投資,虛擬貨幣,高報酬",12,4875478,碩博士,1
UID-b506721f,2026-03-12 22:21:00,+886-902-162-240,"假冒郵局,普發現金冒領",1,4782440,70+ 長者,1
UID-12294eb6,2026-03-12 11:37:00,+886-905-155-844,"一般客訴,服務態度",2,500,70+ 長者,0
UID-dc271aaf,2026-03-12 22:50:00,+886-901-435-049,"幽靈包裹,超商取貨",165,27717,學生,1
UID-2ec78037,2026-03-12 18:42:00,+886-903-885-088,"假投資,資金盤",6,3559105,碩博士,1
UID-9fdf5850,2026-03-12 19:24:00,+886-902-150-626,"假檢警,監管帳戶",1,1670685,70+ 長者,1
UID-38056d25,2026-03-13 00:12:00,+886-905-534-873,"一般客訴,服務態度",1,0,大專院校,0
UID-902574c1,2026-03-12 09:03:00,+886-999-999-999,"機器人測試,惡意灌水",13480,0,未知,0
UID-b1a4158e,2026-03-12 15:18:00,+886-905-566-408,"正常投資諮詢,理財規劃",2,15000,大專院校,0
UID-ffb74832,2026-03-13 00:25:00,+886-905-495-419,"正常投資諮詢,理財規劃",1,3000,大專院校,0
UID-2b6d209b,2026-03-12 15:19:00,+886-904-406-099,"殺豬盤,平台無法出金",29,107635,碩博士,1
UID-954065d7,2026-03-12 15:51:00,+886-903-880-069,"假投資,內線交易,VIP通道",18,4844856,上班族,1
UID-f7b6fc76,2026-03-13 05:28:00,+886-903-889-057,"假投資,虛擬貨幣,高報酬",9,3735473,50-69 中高齡,1
UID-db719592,2026-03-13 04:19:00,+886-902-199-960,"假員警,偵查不公開",2,7109525,70+ 長者,1
UID-f9b797b5,2026-03-12 23:07:00,+886-905-906-816,"一般客訴,服務態度",1,15000,上班族,0
UID-894295b0,2026-03-12 17:50:00,+886-902-139-337,"假檢警,監管帳戶",2,4099521,70+ 長者,1
UID-eb7265ea,2026-03-12 17:44:00,+886-902-116-783,"假扣押財產,面交黃金白銀",2,1465562,50-69 中高齡,1
UID-79282d96,2026-03-12 10:44:00,+886-903-885-088,"假投資,內線交易,VIP通道",10,643817,碩博士,1
UID-0bbdaa4c,2026-03-12 21:42:00,+886-905-676-686,"司法文書送達,正常公務",1,15000,50-69 中高齡,0
UID-a150a55c,2026-03-12 11:50:00,+886-903-886-037,"假投資,虛擬貨幣,高報酬",12,4995862,大專院校,1
UID-d86008a3,2026-03-12 17:58:00,+886-903-881-064,"假投資,內線交易,VIP通道",18,810594,碩博士,1
UID-abf2965d,2026-03-12 19:11:00,+886-905-926-599,"司法文書送達,正常公務",2,15000,大專院校,0
UID-9e16ad35,2026-03-12 14:45:00,+886-901-737-018,"網路購物詐騙,ATM操作",456,33949,高中職以下,1
UID-0b465bd9,2026-03-12 09:46:00,+886-901-451-031,"網路購物詐騙,解除分期付款",158,31990,上班族,1
UID-8af06b67,2026-03-12 09:10:00,+886-999-999-999,"機器人測試,惡意灌水",8672,0,未知,0
UID-8a7da2f5,2026-03-12 14:37:00,+886-905-690-381,"司法文書送達,正常公務",2,15000,70+ 長者,0
UID-c51d4ab6,2026-03-13 02:38:00,+886-904-128-064,"網路交友,要求儲值,點數卡",2,55265,上班族,1
UID-17fd7ca4,2026-03-13 02:35:00,+886-903-882-058,"假投資,資金盤",9,3947589,上班族,1
UID-b89178cf,2026-03-13 03:19:00,+886-904-609-033,"Threads廣告,假兼職",9,64634,上班族,1
UID-2ed4eac2,2026-03-12 13:28:00,+886-902-167-169,"假冒郵局,普發現金冒領",2,7877636,70+ 長者,1
UID-9ce8913a,2026-03-12 14:36:00,+886-903-881-031,"假投資,資金盤",8,3356846,上班族,1
UID-842ee03d,2026-03-12 23:24:00,+886-903-882-039,"假投資,內線交易,VIP通道",8,2933934,碩博士,1
UID-3520bb30,2026-03-13 07:39:00,+886-901-143-013,"幽靈包裹,超商取貨",286,27810,上班族,1
UID-61ce66f8,2026-03-12 10:29:00,+886-903-881-084,"假投資,資金盤",6,4432274,碩博士,1
UID-33891ce9,2026-03-12 15:39:00,+886-905-227-541,"交易糾紛,商品瑕疵",2,500,學生,0
UID-95ee5ccf,2026-03-12 18:04:00,+886-903-885-076,"假投資,保證獲利",5,1685421,碩博士,1
UID-ba4ff899,2026-03-12 19:15:00,+886-902-167-281,"假檢警,監管帳戶",3,6982353,70+ 長者,1
UID-467359ca,2026-03-13 05:12:00,+886-904-904-097,"殺豬盤,平台無法出金",29,39517,上班族,1
UID-74280b90,2026-03-13 00:00:00,+886-901-961-030,"網路購物詐騙,假賣場",152,3104,大專院校,1
UID-613aa78c,2026-03-13 04:37:00,+886-905-412-685,"正常投資諮詢,理財規劃",1,0,碩博士,0
UID-56c258b4,2026-03-13 01:26:00,+886-901-383-003,"網路購物詐騙,解除分期付款",183,44512,學生,1
UID-6bd6c53c,2026-03-12 14:43:00,+886-901-872-028,"幽靈包裹,超商取貨",336,21850,上班族,1
UID-0a2dc55c,2026-03-12 23:44:00,+886-904-973-051,"網路交友,AI濾鏡假冒",11,102462,大專院校,1
UID-f8a46f22,2026-03-12 22:39:00,+886-901-912-032,"網路購物詐騙,假賣場",221,25916,上班族,1
UID-4edbbc3d,2026-03-13 07:29:00,+886-904-794-087,"網路交友,AI濾鏡假冒",19,66360,碩博士,1
UID-634a2f69,2026-03-12 15:44:00,+886-904-248-060,"網路交友,AI濾鏡假冒",21,42214,上班族,1
UID-35878783,2026-03-13 07:19:00,+886-905-997-228,"司法文書送達,正常公務",1,500,上班族,0
UID-087e9230,2026-03-13 02:01:00,+886-901-988-044,"幽靈包裹,超商取貨",206,42435,上班族,1
UID-ab9ce1ec,2026-03-13 01:19:00,+886-903-889-029,"假投資,內線交易,VIP通道",11,2494032,上班族,1
UID-ef17e717,2026-03-12 13:56:00,+886-903-882-089,"假投資,內線交易,VIP通道",17,4932606,碩博士,1
UID-d973d27d,2026-03-13 05:56:00,+886-901-425-020,"幽靈包裹,超商取貨",167,10770,高中職以下,1
UID-74397dc3,2026-03-13 01:41:00,+886-904-210-068,"網路交友,AI濾鏡假冒",27,114009,學生,1
UID-dfa029cc,2026-03-13 05:30:00,+886-902-104-263,"假冒郵局,普發現金冒領",3,4873404,70+ 長者,1
UID-890e83c7,2026-03-13 00:27:00,+886-902-114-286,"假檢警,監管帳戶",3,5845502,碩博士,1
UID-ad9f3773,2026-03-12 12:11:00,+886-903-888-084,"假投資,虛擬貨幣,高報酬",14,984774,50-69 中高齡,1
UID-dfb03456,2026-03-12 20:14:00,+886-905-254-754,"交易糾紛,商品瑕疵",1,500,50-69 中高齡,0
UID-fcd55c91,2026-03-13 04:20:00,+886-904-786-074,"Threads廣告,假兼職",14,66295,大專院校,1
UID-682212c1,2026-03-12 18:39:00,+886-902-103-617,"假員警,偵查不公開",3,5297775,70+ 長者,1
UID-48e79191,2026-03-12 19:07:00,+886-905-310-432,"正常投資諮詢,理財規劃",2,0,高中職以下,0
UID-7dec6bab,2026-03-12 09:22:00,+886-902-102-854,"假扣押財產,面交黃金白銀",1,1320916,70+ 長者,1
UID-cd3fdf66,2026-03-12 22:02:00,+886-903-885-032,"假投資,資金盤",15,597790,50-69 中高齡,1
UID-69cd1800,2026-03-13 01:06:00,+886-904-909-096,"網路交友,要求儲值,點數卡",15,31098,學生,1
UID-84a03326,2026-03-13 05:44:00,+886-905-255-357,"債務不履行,退款延遲",1,3000,學生,0
UID-955f0206,2026-03-13 02:10:00,+886-903-889-006,"假投資,虛擬貨幣,高報酬",8,3896944,50-69 中高齡,1
UID-f24af25e,2026-03-12 09:23:00,+886-905-448-310,"正常投資諮詢,理財規劃",2,15000,碩博士,0
UID-6bf79243,2026-03-13 05:21:00,+886-905-443-797,"一般客訴,服務態度",2,500,碩博士,0
UID-72d845e3,2026-03-13 07:47:00,+886-902-171-549,"假檢警,監管帳戶",1,7537420,70+ 長者,1
UID-332ed5e1,2026-03-12 18:47:00,+886-903-883-022,"假投資,虛擬貨幣,高報酬",6,4511565,上班族,1
UID-1fab11e6,2026-03-13 07:29:00,+886-902-162-418,"假員警,偵查不公開",2,7445687,50-69 中高齡,1
UID-f117053f,2026-03-12 16:37:00,+886-901-253-004,"網路購物詐騙,假賣場",436,21668,學生,1
UID-822b66d2,2026-03-12 21:18:00,+886-901-184-020,"網路購物詐騙,假賣場",485,35289,大專院校,1
UID-603b92da,2026-03-12 11:00:00,+886-902-117-695,"假員警,偵查不公開",1,2645183,70+ 長者,1
UID-d12d0c34,2026-03-13 03:37:00,+886-902-109-754,"假扣押財產,面交黃金白銀",3,5356079,70+ 長者,1
UID-5061c469,2026-03-12 09:53:00,+886-903-885-020,"假投資,虛擬貨幣,高報酬",10,1116427,上班族,1
UID-01e95c5b,2026-03-13 08:41:00,+886-901-687-026,"網路購物詐騙,假賣場",158,22879,上班族,1
UID-21eebb30,2026-03-13 05:25:00,+886-901-369-039,"網路購物詐騙,解除分期付款",284,28648,學生,1
UID-92d704cb,2026-03-12 09:48:00,+886-903-887-059,"假投資,保證獲利",5,4793802,碩博士,1
UID-26cff9b8,2026-03-13 04:01:00,+886-905-367-847,"交易糾紛,商品瑕疵",2,0,上班族,0
UID-4c2e91e2,2026-03-13 07:31:00,+886-902-180-885,"假扣押財產,面交黃金白銀",2,6895216,70+ 長者,1
UID-ba51b401,2026-03-12 14:33:00,+886-905-782-797,"債務不履行,退款延遲",2,3000,50-69 中高齡,0
UID-07b76ead,2026-03-13 01:32:00,+886-901-184-019,"網路購物詐騙,解除分期付款",188,42348,大專院校,1
UID-645aa54c,2026-03-13 07:53:00,+886-902-110-512,"假冒郵局,普發現金冒領",1,7101929,50-69 中高齡,1
UID-7318d07f,2026-03-13 08:44:00,+886-901-673-032,"網路購物詐騙,解除分期付款",292,1815,大專院校,1
UID-79fc5ac4,2026-03-13 01:10:00,+886-901-680-038,"網路購物詐騙,解除分期付款",153,39553,學生,1
UID-ec25575d,2026-03-12 11:15:00,+886-905-294-467,"一般客訴,服務態度",1,15000,大專院校,0
UID-711cb062,2026-03-13 06:42:00,+886-902-172-569,"假冒郵局,普發現金冒領",2,5406913,70+ 長者,1
UID-e424635d,2026-03-13 00:56:00,+886-901-931-008,"幽靈包裹,超商取貨",213,16530,大專院校,1
UID-57b4770c,2026-03-12 17:48:00,+886-903-882-076,"假投資,保證獲利",20,264711,碩博士,1
UID-ee4b40d1,2026-03-13 06:04:00,+886-904-942-045,"Threads廣告,假兼職",26,123016,上班族,1
UID-2836b89c,2026-03-12 18:54:00,+886-905-708-658,"債務不履行,退款延遲",1,3000,大專院校,0
UID-472d01e6,2026-03-13 08:57:00,+886-903-884-025,"假投資,虛擬貨幣,高報酬",13,1408267,碩博士,1
UID-9758d82a,2026-03-12 12:14:00,+886-903-885-069,"假投資,虛擬貨幣,高報酬",20,2553438,上班族,1
UID-d259d347,2026-03-12 22:06:00,+886-904-354-067,"Threads廣告,假兼職",21,131890,碩博士,1
UID-140a6b31,2026-03-13 01:37:00,+886-905-385-151,"一般客訴,服務態度",1,3000,碩博士,0
UID-ca03370e,2026-03-12 09:24:00,+886-902-115-293,"假檢警,監管帳戶",2,7812918,70+ 長者,1
UID-50530b52,2026-03-13 01:30:00,+886-903-889-096,"假投資,虛擬貨幣,高報酬",13,3853604,大專院校,1
UID-a965cad3,2026-03-12 15:34:00,+886-905-838-558,"正常投資諮詢,理財規劃",2,15000,50-69 中高齡,0
UID-ced2dd81,2026-03-12 13:38:00,+886-905-298-996,"交易糾紛,商品瑕疵",2,3000,學生,0
UID-87729b75,2026-03-13 08:38:00,+886-905-529-793,"債務不履行,退款延遲",1,500,上班族,0
UID-b9a42e60,2026-03-12 23:11:00,+886-904-304-097,"網路交友,AI濾鏡假冒",19,80489,大專院校,1
UID-8f3bae06,2026-03-12 19:22:00,+886-905-251-685,"交易糾紛,商品瑕疵",1,0,學生,0
UID-7e07e893,2026-03-12 19:14:00,+886-904-807-027,"網路交友,要求儲值,點數卡",24,22286,學生,1
UID-094cef0b,2026-03-13 05:43:00,+886-903-889-022,"假投資,虛擬貨幣,高報酬",20,3684647,大專院校,1
UID-69adebce,2026-03-12 22:55:00,+886-903-884-031,"假投資,虛擬貨幣,高報酬",6,1073478,50-69 中高齡,1
UID-8bbc47e2,2026-03-12 15:07:00,+886-902-182-386,"假扣押財產,面交黃金白銀",1,5958155,70+ 長者,1
UID-fee898bb,2026-03-13 02:10:00,+886-904-933-086,"殺豬盤,平台無法出金",27,15414,大專院校,1
UID-c9528bc4,2026-03-12 15:38:00,+886-904-560-046,"Threads廣告,假兼職",3,123833,上班族,1
UID-0e3899f0,2026-03-13 02:10:00,+886-903-887-091,"假投資,資金盤",10,2710870,上班族,1
UID-4a04e052,2026-03-12 15:14:00,+886-903-881-098,"假投資,資金盤",13,772137,50-69 中高齡,1
UID-8830a4a6,2026-03-13 06:19:00,+886-903-889-011,"假投資,保證獲利",16,3227572,上班族,1
UID-27ed03cc,2026-03-13 08:48:00,+886-905-256-593,"交易糾紛,商品瑕疵",1,500,70+ 長者,0
UID-963b5e47,2026-03-13 07:54:00,+886-905-217-608,"債務不履行,退款延遲",1,3000,學生,0
UID-cea01e70,2026-03-12 17:06:00,+886-903-883-016,"假投資,虛擬貨幣,高報酬",12,944904,50-69 中高齡,1
UID-97cad558,2026-03-12 13:11:00,+886-905-724-777,"債務不履行,退款延遲",2,3000,大專院校,0
UID-4ea42e0c,2026-03-12 09:08:00,+886-999-999-999,"機器人測試,惡意灌水",8435,0,未知,0
UID-7d9c8b8d,2026-03-13 04:43:00,+886-901-285-017,"網路購物詐騙,ATM操作",177,9205,學生,1
UID-07ce7791,2026-03-13 04:14:00,+886-903-880-026,"假投資,內線交易,VIP通道",20,837588,碩博士,1
UID-679bbfa0,2026-03-12 12:45:00,+886-905-860-968,"正常投資諮詢,理財規劃",2,0,上班族,0
UID-bb66eaf4,2026-03-12 20:45:00,+886-904-672-074,"網路交友,AI濾鏡假冒",24,117684,上班族,1
UID-c3954a6c,2026-03-12 11:08:00,+886-903-887-094,"假投資,內線交易,VIP通道",5,1011668,上班族,1
UID-8bb890f5,2026-03-13 06:41:00,+886-904-998-016,"網路交友,要求儲值,點數卡",15,80293,上班族,1
UID-0559ad96,2026-03-12 16:16:00,+886-905-274-848,"一般客訴,服務態度",2,500,70+ 長者,0
UID-2a93b6b3,2026-03-12 19:38:00,+886-901-757-002,"網路購物詐騙,假賣場",255,41829,大專院校,1
UID-d1dcbfc4,2026-03-12 20:48:00,+886-903-881-094,"假投資,虛擬貨幣,高報酬",16,3846444,碩博士,1
UID-45ed7155,2026-03-12 17:22:00,+886-902-140-636,"假冒郵局,普發現金冒領",3,2688170,70+ 長者,1
UID-6c044902,2026-03-12 17:08:00,+886-904-360-046,"網路交友,AI濾鏡假冒",15,30667,大專院校,1
UID-af7fb80c,2026-03-12 11:31:00,+886-905-599-164,"交易糾紛,商品瑕疵",2,3000,上班族,0
UID-f7fd8638,2026-03-12 22:15:00,+886-902-184-617,"假冒郵局,普發現金冒領",2,7188289,70+ 長者,1
UID-96a0dff4,2026-03-12 16:38:00,+886-901-388-024,"幽靈包裹,超商取貨",274,32322,學生,1
UID-6ec26b5c,2026-03-12 13:51:00,+886-901-812-010,"網路購物詐騙,ATM操作",175,34449,高中職以下,1
UID-f299375e,2026-03-12 19:05:00,+886-903-884-042,"假投資,資金盤",16,3955906,50-69 中高齡,1
UID-ac4a1b14,2026-03-12 21:14:00,+886-903-881-011,"假投資,內線交易,VIP通道",7,4012428,碩博士,1
UID-68847495,2026-03-13 01:57:00,+886-903-885-005,"假投資,內線交易,VIP通道",17,4130028,上班族,1
UID-1223ad51,2026-03-13 07:43:00,+886-905-762-500,"一般客訴,服務態度",2,0,上班族,0
UID-60439772,2026-03-13 03:23:00,+886-903-886-010,"假投資,保證獲利",9,1890117,50-69 中高齡,1
UID-43cd9683,2026-03-13 00:38:00,+886-905-511-813,"一般客訴,服務態度",2,0,學生,0
UID-3e1f208f,2026-03-12 14:41:00,+886-901-294-047,"網路購物詐騙,ATM操作",195,8389,大專院校,1
UID-edf695ee,2026-03-12 15:52:00,+886-905-587-428,"交易糾紛,商品瑕疵",2,500,高中職以下,0
UID-6dca77ce,2026-03-12 17:22:00,+886-904-666-056,"網路交友,要求儲值,點數卡",10,92306,學生,1
UID-d90a135f,2026-03-12 22:53:00,+886-902-106-288,"假冒郵局,普發現金冒領",3,1619347,70+ 長者,1
UID-b57fb9f3,2026-03-12 21:10:00,+886-903-884-024,"假投資,保證獲利",14,1412023,碩博士,1
UID-c2af2bfb,2026-03-12 09:06:00,+886-904-270-033,"網路交友,要求儲值,點數卡",13,31168,大專院校,1
UID-31530ded,2026-03-12 11:26:00,+886-903-889-008,"假投資,保證獲利",14,4435717,50-69 中高齡,1
UID-3d6c4d7a,2026-03-13 07:03:00,+886-905-293-335,"交易糾紛,商品瑕疵",2,15000,碩博士,0
UID-c19ce90f,2026-03-12 12:55:00,+886-905-137-640,"交易糾紛,商品瑕疵",2,0,70+ 長者,0
UID-40fdacb3,2026-03-12 11:22:00,+886-905-868-204,"債務不履行,退款延遲",2,0,70+ 長者,0
UID-c6f0154b,2026-03-13 05:20:00,+886-905-358-332,"正常投資諮詢,理財規劃",1,15000,50-69 中高齡,0
UID-4ea16b7a,2026-03-12 17:45:00,+886-905-723-656,"交易糾紛,商品瑕疵",2,0,70+ 長者,0
UID-4ccb6c44,2026-03-13 03:25:00,+886-902-197-679,"假檢警,監管帳戶",3,6061406,碩博士,1
UID-b7d3c7c2,2026-03-13 06:41:00,+886-902-102-674,"假檢警,監管帳戶",3,2711511,70+ 長者,1
UID-d407830e,2026-03-13 05:09:00,+886-902-171-541,"假冒郵局,普發現金冒領",3,7206472,50-69 中高齡,1
UID-a18fcb29,2026-03-12 13:45:00,+886-902-192-802,"假檢警,監管帳戶",3,4188312,70+ 長者,1
UID-fcf638f1,2026-03-13 02:35:00,+886-903-888-019,"假投資,保證獲利",16,3836053,碩博士,1
UID-63c104aa,2026-03-13 05:53:00,+886-903-889-088,"假投資,內線交易,VIP通道",19,858420,大專院校,1
UID-3de463d0,2026-03-13 05:14:00,+886-903-882-005,"假投資,保證獲利",20,2974933,碩博士,1
UID-a03d3934,2026-03-12 14:13:00,+886-901-519-033,"網路購物詐騙,假賣場",156,14504,大專院校,1
UID-1827b305,2026-03-12 15:43:00,+886-902-153-585,"假檢警,監管帳戶",2,7218756,50-69 中高齡,1
UID-64ea5ac6,2026-03-12 16:37:00,+886-901-224-013,"網路購物詐騙,ATM操作",157,35437,高中職以下,1
UID-a2c1d643,2026-03-13 00:16:00,+886-901-763-020,"幽靈包裹,超商取貨",266,21779,大專院校,1
UID-8bb0c7ab,2026-03-13 06:07:00,+886-901-491-002,"網路購物詐騙,解除分期付款",157,26023,上班族,1
UID-aa100c5b,2026-03-13 04:10:00,+886-905-811-769,"正常投資諮詢,理財規劃",1,3000,學生,0
UID-c8f4f776,2026-03-12 17:58:00,+886-902-163-537,"假扣押財產,面交黃金白銀",2,999774,碩博士,1
UID-c64daea8,2026-03-12 10:08:00,+886-903-883-023,"假投資,內線交易,VIP通道",19,3553662,碩博士,1
UID-f447227a,2026-03-13 08:37:00,+886-901-510-010,"幽靈包裹,超商取貨",176,16620,學生,1
UID-a2e98736,2026-03-12 18:21:00,+886-901-500-006,"網路購物詐騙,ATM操作",313,15046,學生,1
UID-f9635c0c,2026-03-13 07:02:00,+886-904-940-061,"Threads廣告,假兼職",23,139324,學生,1
UID-20cec874,2026-03-12 20:36:00,+886-903-887-042,"假投資,資金盤",9,3172090,碩博士,1
UID-0f24b40e,2026-03-13 06:35:00,+886-903-887-029,"假投資,保證獲利",11,2067512,碩博士,1
UID-ac975775,2026-03-12 21:40:00,+886-902-175-899,"假扣押財產,面交黃金白銀",3,6258782,70+ 長者,1
UID-fc8838c4,2026-03-12 14:54:00,+886-905-504-243,"債務不履行,退款延遲",1,500,碩博士,0
UID-2c934b1f,2026-03-12 13:47:00,+886-904-878-031,"網路交友,要求儲值,點數卡",17,7922,大專院校,1
UID-9da06986,2026-03-12 16:01:00,+886-903-882-087,"假投資,內線交易,VIP通道",9,4943801,50-69 中高齡,1
UID-6ae06f44,2026-03-12 12:56:00,+886-905-247-937,"一般客訴,服務態度",1,15000,高中職以下,0
UID-381df81a,2026-03-12 17:14:00,+886-905-246-567,"一般客訴,服務態度",1,0,70+ 長者,0
UID-dc40c8cd,2026-03-13 01:52:00,+886-903-880-073,"假投資,保證獲利",13,3808496,上班族,1
UID-e8b97e27,2026-03-13 00:35:00,+886-903-884-063,"假投資,資金盤",17,2539069,上班族,1
UID-7788b892,2026-03-13 04:12:00,+886-903-880-006,"假投資,內線交易,VIP通道",18,3869090,50-69 中高齡,1
UID-1ca13d0a,2026-03-13 02:15:00,+886-903-882-092,"假投資,資金盤",6,4883614,碩博士,1
UID-9bbc2810,2026-03-12 09:30:00,+886-904-856-092,"Threads廣告,假兼職",8,85737,大專院校,1
UID-0c7870d2,2026-03-12 14:27:00,+886-904-688-016,"網路交友,AI濾鏡假冒",21,32215,學生,1
UID-6113073d,2026-03-13 00:41:00,+886-903-883-017,"假投資,保證獲利",16,603145,大專院校,1
UID-306f1178,2026-03-12 16:20:00,+886-904-514-037,"Threads廣告,假兼職",13,128931,碩博士,1
UID-3943ea03,2026-03-12 23:13:00,+886-905-486-225,"債務不履行,退款延遲",1,500,50-69 中高齡,0
UID-0be0db5f,2026-03-12 14:03:00,+886-905-116-904,"交易糾紛,商品瑕疵",1,0,上班族,0
UID-33cab3ea,2026-03-13 00:11:00,+886-903-887-066,"假投資,保證獲利",19,222382,上班族,1
UID-102c4a5a,2026-03-13 06:11:00,+886-901-916-040,"網路購物詐騙,假賣場",166,17049,大專院校,1
UID-6ffeffde,2026-03-12 20:34:00,+886-904-175-096,"Threads廣告,假兼職",16,55084,上班族,1
UID-47869d63,2026-03-12 13:33:00,+886-904-308-084,"Threads廣告,假兼職",16,126473,大專院校,1
UID-eda2eb21,2026-03-13 07:55:00,+886-905-536-399,"債務不履行,退款延遲",2,3000,50-69 中高齡,0
UID-9b56cdaa,2026-03-13 02:32:00,+886-903-881-060,"假投資,虛擬貨幣,高報酬",11,2780662,上班族,1
UID-a3660d38,2026-03-12 20:28:00,+886-905-972-327,"一般客訴,服務態度",1,15000,上班族,0
UID-9082a2bc,2026-03-12 13:59:00,+886-904-673-063,"網路交友,要求儲值,點數卡",25,110599,學生,1
UID-e024335b,2026-03-12 11:35:00,+886-902-169-209,"假冒郵局,普發現金冒領",2,6851439,70+ 長者,1
UID-5025f6cf,2026-03-12 14:03:00,+886-901-822-008,"幽靈包裹,超商取貨",185,37222,上班族,1
UID-ae8d3f7e,2026-03-12 18:38:00,+886-903-885-006,"假投資,虛擬貨幣,高報酬",11,4271396,50-69 中高齡,1
UID-5dd5c939,2026-03-12 20:49:00,+886-905-331-357,"交易糾紛,商品瑕疵",2,0,50-69 中高齡,0
UID-2f7247e8,2026-03-13 03:27:00,+886-902-183-375,"假檢警,監管帳戶",2,1532860,70+ 長者,1
UID-8fc89559,2026-03-13 07:31:00,+886-905-633-527,"債務不履行,退款延遲",2,3000,學生,0
UID-c8285160,2026-03-12 12:18:00,+886-905-188-943,"司法文書送達,正常公務",1,500,學生,0
UID-79e9b174,2026-03-12 14:45:00,+886-901-797-002,"網路購物詐騙,解除分期付款",218,27529,上班族,1
UID-2bb08dfa,2026-03-13 01:12:00,+886-903-888-041,"假投資,保證獲利",19,951397,上班族,1
UID-8994e0c9,2026-03-13 08:41:00,+886-902-157-934,"假員警,偵查不公開",3,7885454,70+ 長者,1
UID-22ddd1e4,2026-03-12 23:07:00,+886-903-886-071,"假投資,虛擬貨幣,高報酬",16,2199087,大專院校,1
UID-1f05bb24,2026-03-12 09:08:00,+886-999-999-999,"機器人測試,惡意灌水",14177,0,未知,0
UID-9f4a05c5,2026-03-13 00:42:00,+886-903-886-055,"假投資,資金盤",7,769421,上班族,1
UID-23959983,2026-03-13 04:06:00,+886-905-344-809,"司法文書送達,正常公務",2,3000,碩博士,0
UID-2b6fb3f3,2026-03-13 03:59:00,+886-902-163-875,"假扣押財產,面交黃金白銀",2,1013329,50-69 中高齡,1
UID-986fb17e,2026-03-13 06:01:00,+886-902-119-646,"假扣押財產,面交黃金白銀",1,4704693,70+ 長者,1
UID-49674af7,2026-03-12 18:36:00,+886-901-260-013,"網路購物詐騙,假賣場",202,13057,上班族,1
UID-f954b42c,2026-03-13 00:11:00,+886-903-885-004,"假投資,資金盤",16,222084,碩博士,1
UID-985e9e2f,2026-03-12 11:31:00,+886-904-431-046,"網路交友,AI濾鏡假冒",23,149328,碩博士,1
UID-039977b0,2026-03-12 23:20:00,+886-903-883-029,"假投資,資金盤",9,2774643,碩博士,1
UID-24b5d4d2,2026-03-13 05:05:00,+886-905-464-301,"正常投資諮詢,理財規劃",2,0,高中職以下,0
UID-12e11ff7,2026-03-12 15:35:00,+886-905-962-867,"司法文書送達,正常公務",2,0,碩博士,0
UID-14ecd284,2026-03-13 06:01:00,+886-905-298-537,"司法文書送達,正常公務",1,0,上班族,0
UID-e1d8c8a5,2026-03-12 20:56:00,+886-901-584-038,"網路購物詐騙,假賣場",255,14755,大專院校,1
UID-a03b5398,2026-03-13 01:06:00,+886-905-534-592,"債務不履行,退款延遲",1,3000,碩博士,0
UID-68c5c79c,2026-03-13 07:55:00,+886-904-565-018,"殺豬盤,平台無法出金",25,13345,上班族,1
UID-e3e4ef63,2026-03-12 09:49:00,+886-902-193-954,"假扣押財產,面交黃金白銀",2,4487541,70+ 長者,1
UID-413598ca,2026-03-12 12:41:00,+886-902-111-546,"假扣押財產,面交黃金白銀",1,4581229,碩博士,1
UID-15680ae6,2026-03-13 07:58:00,+886-905-186-655,"一般客訴,服務態度",1,0,高中職以下,0
UID-4b339572,2026-03-12 21:12:00,+886-902-183-631,"假冒郵局,普發現金冒領",3,7165027,70+ 長者,1
UID-c59aac06,2026-03-12 14:26:00,+886-903-888-078,"假投資,資金盤",20,4777281,碩博士,1
UID-f5fe3e86,2026-03-12 12:46:00,+886-901-202-009,"網路購物詐騙,假賣場",155,42266,學生,1
UID-7c22eb28,2026-03-12 17:20:00,+886-905-526-886,"司法文書送達,正常公務",1,15000,高中職以下,0
UID-0a11a362,2026-03-13 05:37:00,+886-905-564-659,"司法文書送達,正常公務",1,0,學生,0
UID-802b1931,2026-03-13 02:45:00,+886-905-765-304,"交易糾紛,商品瑕疵",2,3000,70+ 長者,0
UID-facfe9e5,2026-03-12 09:45:00,+886-905-710-873,"正常投資諮詢,理財規劃",2,3000,大專院校,0
UID-73920241,2026-03-12 10:09:00,+886-903-881-004,"假投資,資金盤",7,914631,上班族,1
UID-424db285,2026-03-12 20:48:00,+886-904-489-060,"網路交友,要求儲值,點數卡",20,867,碩博士,1
UID-dd9d7d7d,2026-03-12 17:34:00,+886-905-272-231,"司法文書送達,正常公務",1,3000,學生,0
UID-876a0d39,2026-03-13 00:00:00,+886-902-149-681,"假檢警,監管帳戶",2,1256574,70+ 長者,1
UID-d2b2f93a,2026-03-13 05:43:00,+886-904-437-073,"Threads廣告,假兼職",18,26609,大專院校,1
UID-a06a34a3,2026-03-12 13:17:00,+886-903-884-028,"假投資,保證獲利",17,3518407,50-69 中高齡,1
UID-1c05fb64,2026-03-13 05:48:00,+886-905-647-166,"交易糾紛,商品瑕疵",1,500,學生,0
UID-2b0d6037,2026-03-13 07:25:00,+886-903-887-005,"假投資,內線交易,VIP通道",11,969530,碩博士,1
UID-669a552c,2026-03-13 01:29:00,+886-902-182-393,"假冒郵局,普發現金冒領",3,6998869,70+ 長者,1
UID-eeb7e0b4,2026-03-13 04:58:00,+886-904-398-004,"網路交友,AI濾鏡假冒",18,22090,大專院校,1
UID-8debc8ca,2026-03-13 08:38:00,+886-904-242-014,"Threads廣告,假兼職",13,110971,碩博士,1
UID-81f99348,2026-03-12 14:53:00,+886-904-699-067,"Threads廣告,假兼職",14,144926,上班族,1
UID-b476a9a4,2026-03-13 04:03:00,+886-905-432-722,"一般客訴,服務態度",1,15000,碩博士,0
UID-8f239be9,2026-03-13 02:08:00,+886-904-168-033,"網路交友,AI濾鏡假冒",8,96815,上班族,1
UID-93bc2ec6,2026-03-12 11:45:00,+886-905-984-407,"司法文書送達,正常公務",1,0,50-69 中高齡,0
UID-4adc22bb,2026-03-12 16:23:00,+886-903-888-080,"假投資,保證獲利",10,3619770,50-69 中高齡,1
UID-e62d9827,2026-03-12 17:25:00,+886-901-648-023,"網路購物詐騙,ATM操作",173,37196,學生,1
UID-33391ee8,2026-03-12 09:47:00,+886-903-886-065,"假投資,內線交易,VIP通道",11,4303060,碩博士,1
UID-eff11b5a,2026-03-12 11:54:00,+886-901-614-027,"幽靈包裹,超商取貨",262,18943,高中職以下,1
UID-a55f78e0,2026-03-12 16:19:00,+886-901-472-024,"網路購物詐騙,假賣場",163,43477,學生,1
UID-670e6be8,2026-03-12 09:50:00,+886-902-110-246,"假扣押財產,面交黃金白銀",1,5371727,70+ 長者,1
UID-0fe15584,2026-03-13 08:59:00,+886-903-886-038,"假投資,資金盤",16,3994197,上班族,1
UID-d6aabb77,2026-03-13 02:10:00,+886-903-886-086,"假投資,保證獲利",6,1474354,大專院校,1
UID-898cd151,2026-03-13 00:27:00,+886-901-724-048,"幽靈包裹,超商取貨",267,8608,高中職以下,1
UID-92d9c1d7,2026-03-12 20:33:00,+886-905-574-583,"交易糾紛,商品瑕疵",1,15000,高中職以下,0
UID-7d0f6379,2026-03-13 01:32:00,+886-904-942-059,"網路交友,要求儲值,點數卡",8,104766,大專院校,1
UID-e156fefe,2026-03-13 05:07:00,+886-902-131-809,"假檢警,監管帳戶",2,5522513,50-69 中高齡,1
UID-50f2269a,2026-03-12 11:54:00,+886-903-889-090,"假投資,保證獲利",16,3706214,上班族,1
UID-1db998fd,2026-03-12 16:07:00,+886-903-886-007,"假投資,虛擬貨幣,高報酬",19,3049781,碩博士,1
UID-17b5f286,2026-03-13 08:10:00,+886-904-105-068,"網路交友,要求儲值,點數卡",2,58723,學生,1
UID-8d0afd46,2026-03-12 13:43:00,+886-904-384-068,"網路交友,要求儲值,點數卡",11,133587,大專院校,1
UID-65fc13b6,2026-03-12 16:27:00,+886-905-746-852,"債務不履行,退款延遲",2,0,50-69 中高齡,0
UID-6d751ccd,2026-03-12 20:24:00,+886-905-229-373,"一般客訴,服務態度",1,3000,50-69 中高齡,0
UID-f6d1859d,2026-03-12 17:47:00,+886-901-862-005,"網路購物詐騙,ATM操作",327,3972,學生,1
UID-053890b3,2026-03-12 09:43:00,+886-904-529-059,"網路交友,AI濾鏡假冒",15,147424,碩博士,1
UID-233f9e2b,2026-03-13 06:25:00,+886-903-886-006,"假投資,內線交易,VIP通道",16,4172404,上班族,1
UID-717979cb,2026-03-12 16:45:00,+886-902-121-883,"假檢警,監管帳戶",2,4936364,碩博士,1
UID-17b76709,2026-03-12 14:51:00,+886-901-971-044,"網路購物詐騙,ATM操作",161,31949,學生,1
UID-37984aa7,2026-03-12 12:34:00,+886-902-134-224,"假檢警,監管帳戶",2,7614299,碩博士,1
UID-b819c4aa,2026-03-13 06:38:00,+886-905-647-183,"一般客訴,服務態度",1,15000,學生,0
UID-921045b2,2026-03-12 13:22:00,+886-904-206-090,"網路交友,要求儲值,點數卡",14,60908,上班族,1
UID-ff913192,2026-03-13 06:14:00,+886-901-741-022,"網路購物詐騙,解除分期付款",227,20267,大專院校,1
UID-b4c5d26e,2026-03-12 22:40:00,+886-901-745-009,"網路購物詐騙,假賣場",168,18708,高中職以下,1
UID-1cd8ce84,2026-03-13 04:35:00,+886-903-884-016,"假投資,保證獲利",9,2475538,大專院校,1
UID-31991211,2026-03-12 12:48:00,+886-905-474-361,"一般客訴,服務態度",2,500,大專院校,0
UID-becfa037,2026-03-12 21:37:00,+886-905-245-807,"一般客訴,服務態度",2,0,上班族,0
UID-89aebf51,2026-03-12 15:01:00,+886-902-154-239,"假冒郵局,普發現金冒領",1,7749167,70+ 長者,1
UID-8419410a,2026-03-12 14:57:00,+886-905-359-663,"交易糾紛,商品瑕疵",1,15000,上班族,0
UID-013f2fca,2026-03-13 07:30:00,+886-905-790-175,"交易糾紛,商品瑕疵",1,15000,高中職以下,0
UID-ebaaffe4,2026-03-12 21:18:00,+886-903-888-099,"假投資,內線交易,VIP通道",11,4607372,碩博士,1
UID-7cdc2639,2026-03-12 14:38:00,+886-905-561-638,"債務不履行,退款延遲",2,15000,碩博士,0
UID-88bdb541,2026-03-12 12:32:00,+886-903-886-067,"假投資,資金盤",14,1004383,上班族,1
UID-84710f29,2026-03-12 18:22:00,+886-902-119-492,"假扣押財產,面交黃金白銀",1,5692654,碩博士,1
UID-4078c899,2026-03-13 02:58:00,+886-905-523-825,"正常投資諮詢,理財規劃",2,3000,50-69 中高齡,0
UID-936338b1,2026-03-12 14:55:00,+886-903-887-071,"假投資,保證獲利",17,1352880,上班族,1
UID-e1f7ce49,2026-03-12 14:08:00,+886-903-886-036,"假投資,內線交易,VIP通道",6,4751458,50-69 中高齡,1
UID-0e68e6ad,2026-03-13 08:22:00,+886-902-155-183,"假扣押財產,面交黃金白銀",3,2655148,70+ 長者,1
UID-be64de9c,2026-03-12 15:03:00,+886-905-471-290,"交易糾紛,商品瑕疵",1,3000,高中職以下,0
UID-f8c2b8a8,2026-03-12 21:52:00,+886-903-886-093,"假投資,資金盤",9,4429828,碩博士,1
UID-dea03da1,2026-03-12 14:55:00,+886-903-883-076,"假投資,資金盤",11,4948784,大專院校,1
UID-1c0c7501,2026-03-12 14:13:00,+886-903-880-068,"假投資,資金盤",16,2053951,大專院校,1
UID-be5c5f6e,2026-03-12 15:00:00,+886-901-718-014,"網路購物詐騙,ATM操作",268,25280,上班族,1
UID-7d6e9ce6,2026-03-12 15:16:00,+886-903-885-070,"假投資,內線交易,VIP通道",13,2038470,碩博士,1
UID-4177272f,2026-03-13 07:25:00,+886-902-174-929,"假冒郵局,普發現金冒領",3,3221749,70+ 長者,1
UID-a7bdee41,2026-03-12 15:56:00,+886-902-112-132,"假冒郵局,普發現金冒領",1,3573574,50-69 中高齡,1
UID-97f7c11f,2026-03-13 06:02:00,+886-904-628-096,"網路交友,要求儲值,點數卡",12,79272,學生,1
UID-0c61622a,2026-03-13 00:18:00,+886-905-850-996,"債務不履行,退款延遲",1,0,70+ 長者,0
UID-5fc89bc3,2026-03-13 03:27:00,+886-905-379-673,"司法文書送達,正常公務",1,3000,上班族,0
UID-2ba11d7e,2026-03-12 19:48:00,+886-901-115-018,"網路購物詐騙,解除分期付款",214,15171,高中職以下,1
UID-b58cf6ed,2026-03-12 13:44:00,+886-904-841-058,"殺豬盤,平台無法出金",7,68626,大專院校,1
UID-6bdf5602,2026-03-12 18:30:00,+886-904-222-056,"網路交友,AI濾鏡假冒",24,65667,大專院校,1
UID-0162fcf1,2026-03-13 08:49:00,+886-901-244-022,"幽靈包裹,超商取貨",171,17327,上班族,1
UID-79495ef2,2026-03-13 04:30:00,+886-901-232-017,"網路購物詐騙,解除分期付款",170,22947,大專院校,1
UID-701034c2,2026-03-13 01:12:00,+886-903-880-082,"假投資,內線交易,VIP通道",11,4850448,碩博士,1
UID-7ef8e2f0,2026-03-13 01:06:00,+886-903-884-030,"假投資,資金盤",20,3837809,50-69 中高齡,1
UID-bfff6b53,2026-03-13 00:13:00,+886-905-462-949,"交易糾紛,商品瑕疵",1,500,學生,0
UID-7fb4912d,2026-03-12 09:05:00,+886-999-999-999,"機器人測試,惡意灌水",9687,0,未知,0
UID-93ab48ae,2026-03-12 13:15:00,+886-902-170-675,"假扣押財產,面交黃金白銀",1,871074,70+ 長者,1
UID-385b2f2e,2026-03-12 13:05:00,+886-905-584-414,"正常投資諮詢,理財規劃",2,15000,學生,0
UID-f3b09355,2026-03-12 18:10:00,+886-901-715-043,"幽靈包裹,超商取貨",161,8158,高中職以下,1
UID-2e1f5160,2026-03-13 02:46:00,+886-905-314-415,"正常投資諮詢,理財規劃",2,15000,碩博士,0
UID-dee26ab5,2026-03-12 18:27:00,+886-905-630-885,"一般客訴,服務態度",1,500,高中職以下,0
UID-b69a1f3a,2026-03-13 05:03:00,+886-903-883-042,"假投資,虛擬貨幣,高報酬",15,4755754,上班族,1
UID-6e3865ee,2026-03-12 17:13:00,+886-902-134-790,"假扣押財產,面交黃金白銀",2,896761,50-69 中高齡,1
UID-d1cc5480,2026-03-13 07:48:00,+886-905-914-611,"司法文書送達,正常公務",2,500,70+ 長者,0
UID-c67acd01,2026-03-13 03:25:00,+886-904-690-043,"Threads廣告,假兼職",16,5903,學生,1
UID-ff0bf3a5,2026-03-12 15:29:00,+886-905-641-673,"司法文書送達,正常公務",1,0,高中職以下,0
UID-c91350ce,2026-03-13 02:55:00,+886-905-311-262,"交易糾紛,商品瑕疵",2,500,大專院校,0
UID-2f628627,2026-03-12 09:32:00,+886-902-150-191,"假扣押財產,面交黃金白銀",3,6025261,碩博士,1
UID-7c74b956,2026-03-13 00:57:00,+886-905-918-424,"正常投資諮詢,理財規劃",2,15000,50-69 中高齡,0
UID-111481e0,2026-03-13 05:22:00,+886-902-167-351,"假扣押財產,面交黃金白銀",1,1788853,70+ 長者,1
UID-7dd2757b,2026-03-12 15:00:00,+886-904-822-098,"網路交友,AI濾鏡假冒",19,37548,大專院校,1
UID-84756385,2026-03-13 01:21:00,+886-905-356-619,"債務不履行,退款延遲",2,0,碩博士,0
UID-ea7a8ae0,2026-03-13 08:54:00,+886-902-118-842,"假員警,偵查不公開",1,5110321,70+ 長者,1
UID-29f70d11,2026-03-13 07:07:00,+886-905-612-443,"正常投資諮詢,理財規劃",2,500,學生,0
UID-89508b18,2026-03-13 05:52:00,+886-901-352-015,"網路購物詐騙,ATM操作",186,10276,上班族,1
UID-1f47de08,2026-03-12 22:49:00,+886-905-593-923,"司法文書送達,正常公務",2,3000,上班族,0
UID-d17a9e2a,2026-03-12 14:19:00,+886-902-196-688,"假扣押財產,面交黃金白銀",1,1114119,50-69 中高齡,1
UID-ad637bad,2026-03-12 22:59:00,+886-903-889-077,"假投資,保證獲利",20,2268173,碩博士,1
UID-c66b2415,2026-03-12 13:52:00,+886-905-801-115,"債務不履行,退款延遲",1,0,70+ 長者,0
UID-538b0845,2026-03-12 09:54:00,+886-902-163-610,"假扣押財產,面交黃金白銀",3,3032470,70+ 長者,1
UID-a243cc3f,2026-03-12 17:55:00,+886-903-886-025,"假投資,資金盤",11,1713926,50-69 中高齡,1
UID-41155f6b,2026-03-12 19:59:00,+886-903-881-075,"假投資,保證獲利",20,4939905,50-69 中高齡,1
UID-493cb106,2026-03-13 01:00:00,+886-904-271-082,"Threads廣告,假兼職",26,126281,學生,1
UID-8f9db6ed,2026-03-12 09:02:00,+886-999-999-999,"機器人測試,惡意灌水",9339,0,未知,0
UID-8a5aba9b,2026-03-13 02:55:00,+886-905-148-347,"一般客訴,服務態度",1,15000,大專院校,0
UID-b519aebe,2026-03-12 13:18:00,+886-905-576-965,"司法文書送達,正常公務",1,0,大專院校,0
UID-32d5710f,2026-03-13 07:55:00,+886-903-888-031,"假投資,資金盤",6,217395,碩博士,1
UID-2fe43dd2,2026-03-12 13:26:00,+886-901-800-003,"網路購物詐騙,解除分期付款",346,19769,高中職以下,1
UID-a6c8e4ae,2026-03-12 16:06:00,+886-901-181-044,"網路購物詐騙,假賣場",203,23146,高中職以下,1
UID-5bba5393,2026-03-13 08:41:00,+886-901-758-006,"網路購物詐騙,假賣場",366,21740,學生,1
UID-ff86f037,2026-03-12 15:09:00,+886-905-937-803,"一般客訴,服務態度",1,0,高中職以下,0
UID-035ce8d1,2026-03-13 03:42:00,+886-905-193-510,"交易糾紛,商品瑕疵",2,500,大專院校,0
UID-24db48f2,2026-03-12 15:56:00,+886-905-602-768,"正常投資諮詢,理財規劃",1,0,上班族,0
UID-3c16bdca,2026-03-13 03:02:00,+886-905-528-897,"債務不履行,退款延遲",2,3000,50-69 中高齡,0
UID-c9afedfb,2026-03-12 23:37:00,+886-903-880-096,"假投資,保證獲利",6,353076,上班族,1
UID-1e3de9c7,2026-03-12 16:37:00,+886-902-114-871,"假檢警,監管帳戶",2,7719267,50-69 中高齡,1
UID-9225e1ee,2026-03-12 14:50:00,+886-902-123-377,"假扣押財產,面交黃金白銀",2,654255,70+ 長者,1
UID-c213066b,2026-03-12 23:53:00,+886-902-157-466,"假員警,偵查不公開",2,3535565,50-69 中高齡,1
UID-aefa1b84,2026-03-12 10:14:00,+886-905-735-811,"司法文書送達,正常公務",1,0,大專院校,0
UID-1bf6eb02,2026-03-12 22:28:00,+886-901-469-023,"網路購物詐騙,解除分期付款",175,36195,大專院校,1
UID-245e716d,2026-03-13 04:49:00,+886-905-527-139,"正常投資諮詢,理財規劃",2,3000,50-69 中高齡,0
UID-792ab212,2026-03-13 02:21:00,+886-902-120-879,"假冒郵局,普發現金冒領",2,6906362,50-69 中高齡,1
UID-b5e4592b,2026-03-12 15:50:00,+886-905-810-509,"一般客訴,服務態度",1,15000,碩博士,0
UID-b95b7488,2026-03-12 16:56:00,+886-902-152-373,"假扣押財產,面交黃金白銀",1,2608454,碩博士,1
UID-8b72859d,2026-03-12 10:07:00,+886-905-446-596,"司法文書送達,正常公務",1,500,碩博士,0
UID-86c2ea37,2026-03-12 16:12:00,+886-902-174-640,"假扣押財產,面交黃金白銀",3,7316881,50-69 中高齡,1
UID-f43d37d2,2026-03-13 01:04:00,+886-902-188-597,"假扣押財產,面交黃金白銀",1,6445473,50-69 中高齡,1
UID-c6552c04,2026-03-13 08:32:00,+886-901-634-022,"網路購物詐騙,假賣場",186,19814,高中職以下,1
UID-b6a59f72,2026-03-12 20:46:00,+886-903-884-050,"假投資,保證獲利",13,1436877,上班族,1
UID-8c7d0f1b,2026-03-12 14:18:00,+886-905-445-157,"一般客訴,服務態度",2,500,碩博士,0
UID-cafa08d1,2026-03-13 01:22:00,+886-903-886-059,"假投資,資金盤",10,1464779,上班族,1
UID-ec18ccfe,2026-03-13 03:57:00,+886-904-220-098,"殺豬盤,平台無法出金",9,78360,碩博士,1
UID-9609105d,2026-03-12 17:11:00,+886-903-889-077,"假投資,內線交易,VIP通道",5,2369333,上班族,1
UID-bff02a2d,2026-03-13 04:45:00,+886-905-526-720,"交易糾紛,商品瑕疵",2,0,高中職以下,0
UID-56089142,2026-03-13 02:26:00,+886-905-911-931,"司法文書送達,正常公務",2,500,高中職以下,0
UID-201109c7,2026-03-13 07:25:00,+886-903-884-044,"假投資,保證獲利",10,563667,上班族,1
UID-35464994,2026-03-13 05:39:00,+886-905-932-794,"交易糾紛,商品瑕疵",2,3000,學生,0
UID-74c9372f,2026-03-12 20:38:00,+886-905-116-311,"交易糾紛,商品瑕疵",2,15000,上班族,0
UID-9ae0ee0f,2026-03-12 15:47:00,+886-903-884-056,"假投資,保證獲利",12,3528515,碩博士,1
UID-5f3c8e17,2026-03-12 18:07:00,+886-904-293-064,"Threads廣告,假兼職",17,140106,碩博士,1
UID-e947b68a,2026-03-13 04:26:00,+886-901-154-022,"網路購物詐騙,ATM操作",204,21216,學生,1
UID-c2062f0e,2026-03-12 19:09:00,+886-903-883-072,"假投資,保證獲利",8,113122,上班族,1
UID-92a6669c,2026-03-12 20:46:00,+886-904-732-029,"殺豬盤,平台無法出金",17,5524,碩博士,1
UID-fe635878,2026-03-12 21:46:00,+886-903-884-034,"假投資,內線交易,VIP通道",5,4253006,上班族,1
UID-b03c6c62,2026-03-12 13:28:00,+886-904-506-043,"網路交友,AI濾鏡假冒",2,68944,上班族,1
UID-762b66f0,2026-03-13 05:33:00,+886-901-909-013,"網路購物詐騙,ATM操作",490,2723,大專院校,1
UID-815d3ae3,2026-03-12 09:08:00,+886-999-999-999,"機器人測試,惡意灌水",12116,0,未知,0
UID-08485e75,2026-03-13 01:58:00,+886-904-203-055,"網路交友,要求儲值,點數卡",15,101555,碩博士,1
UID-7c9f7dac,2026-03-12 18:38:00,+886-905-697-762,"一般客訴,服務態度",2,0,50-69 中高齡,0
UID-94a465f6,2026-03-13 07:05:00,+886-904-258-033,"網路交友,要求儲值,點數卡",17,98879,學生,1
UID-1a2900e8,2026-03-12 12:27:00,+886-901-795-010,"網路購物詐騙,ATM操作",489,18400,高中職以下,1
UID-387730bc,2026-03-12 15:25:00,+886-901-823-014,"幽靈包裹,超商取貨",263,14121,學生,1
UID-eb3b9d35,2026-03-12 21:14:00,+886-901-720-034,"網路購物詐騙,解除分期付款",154,23514,大專院校,1
UID-595993ef,2026-03-12 17:33:00,+886-905-294-365,"一般客訴,服務態度",2,15000,上班族,0
UID-db24a9e3,2026-03-12 11:29:00,+886-903-882-045,"假投資,虛擬貨幣,高報酬",14,656715,50-69 中高齡,1
UID-dd578726,2026-03-13 05:09:00,+886-905-668-115,"正常投資諮詢,理財規劃",2,15000,高中職以下,0
UID-091b0c44,2026-03-12 18:34:00,+886-901-595-015,"網路購物詐騙,ATM操作",178,6144,上班族,1
UID-e9a3c364,2026-03-12 14:33:00,+886-903-887-031,"假投資,資金盤",6,3051282,碩博士,1
UID-0f52438f,2026-03-13 05:19:00,+886-904-153-022,"網路交友,要求儲值,點數卡",9,18803,碩博士,1
UID-66a57498,2026-03-12 10:16:00,+886-905-465-987,"司法文書送達,正常公務",2,0,碩博士,0
UID-582f4676,2026-03-13 08:09:00,+886-902-164-670,"假員警,偵查不公開",1,6539925,70+ 長者,1
UID-437fd86a,2026-03-12 18:40:00,+886-904-996-050,"網路交友,要求儲值,點數卡",13,77419,碩博士,1
UID-b2daf219,2026-03-12 10:46:00,+886-905-577-244,"司法文書送達,正常公務",2,3000,50-69 中高齡,0
UID-b9aba732,2026-03-12 13:05:00,+886-904-378-045,"殺豬盤,平台無法出金",20,38323,碩博士,1
UID-e28b89d9,2026-03-12 21:40:00,+886-904-688-045,"Threads廣告,假兼職",24,32043,學生,1
UID-d20cee99,2026-03-12 17:02:00,+886-902-105-512,"假扣押財產,面交黃金白銀",1,6996481,70+ 長者,1
UID-d5a12e32,2026-03-12 13:39:00,+886-903-889-038,"假投資,保證獲利",8,3995369,50-69 中高齡,1
UID-0ea9b214,2026-03-12 12:40:00,+886-905-677-919,"交易糾紛,商品瑕疵",2,3000,大專院校,0
UID-c8862214,2026-03-13 00:22:00,+886-905-309-343,"債務不履行,退款延遲",1,3000,大專院校,0
UID-85a045ff,2026-03-12 09:01:00,+886-905-164-699,"一般客訴,服務態度",2,500,學生,0
UID-dd39f7d1,2026-03-13 01:05:00,+886-905-390-758,"交易糾紛,商品瑕疵",1,500,高中職以下,0
UID-09c0aa6f,2026-03-12 11:00:00,+886-903-882-066,"假投資,內線交易,VIP通道",14,2358148,碩博士,1
UID-2ae5385b,2026-03-12 09:16:00,+886-903-886-073,"假投資,內線交易,VIP通道",6,254373,上班族,1
UID-4dbbbf05,2026-03-13 00:36:00,+886-902-176-469,"假扣押財產,面交黃金白銀",2,3681315,碩博士,1
UID-5a10d490,2026-03-12 22:59:00,+886-905-423-147,"交易糾紛,商品瑕疵",1,500,上班族,0
UID-99053d46,2026-03-13 00:05:00,+886-905-356-386,"司法文書送達,正常公務",2,3000,學生,0
UID-389f716c,2026-03-12 19:47:00,+886-903-887-021,"假投資,資金盤",8,499878,50-69 中高齡,1
UID-fadb8323,2026-03-12 22:21:00,+886-903-884-036,"假投資,資金盤",12,3317389,碩博士,1
UID-cde2d7fa,2026-03-12 16:36:00,+886-903-886-078,"假投資,內線交易,VIP通道",10,2339675,50-69 中高齡,1
UID-e9767d9f,2026-03-13 07:42:00,+886-905-706-633,"交易糾紛,商品瑕疵",1,3000,碩博士,0
UID-b6c6b8d8,2026-03-12 12:24:00,+886-904-955-034,"殺豬盤,平台無法出金",25,8417,大專院校,1
UID-c79e8258,2026-03-13 00:59:00,+886-903-889-046,"假投資,資金盤",14,4613194,碩博士,1
UID-33318656,2026-03-13 03:19:00,+886-905-553-186,"正常投資諮詢,理財規劃",2,500,上班族,0
UID-23a16421,2026-03-12 20:02:00,+886-904-324-091,"Threads廣告,假兼職",15,111448,學生,1
UID-16c55410,2026-03-13 05:07:00,+886-904-317-094,"網路交友,AI濾鏡假冒",24,73061,大專院校,1
UID-ed5fc979,2026-03-12 15:32:00,+886-905-493-576,"交易糾紛,商品瑕疵",2,15000,上班族,0
UID-b4a46dfd,2026-03-12 09:13:00,+886-905-653-474,"債務不履行,退款延遲",2,0,大專院校,0
UID-2791ec5d,2026-03-13 06:19:00,+886-903-885-011,"假投資,資金盤",5,818963,上班族,1
UID-21596f5c,2026-03-13 01:38:00,+886-901-447-012,"網路購物詐騙,假賣場",196,12688,學生,1
UID-70f045a4,2026-03-12 13:41:00,+886-903-884-005,"假投資,保證獲利",14,2418102,碩博士,1
UID-e0a8cfb5,2026-03-12 21:57:00,+886-903-881-049,"假投資,虛擬貨幣,高報酬",8,1946106,大專院校,1
UID-39f30e42,2026-03-12 20:42:00,+886-903-886-075,"假投資,資金盤",19,4822625,上班族,1
UID-e48cdf46,2026-03-12 20:28:00,+886-905-242-434,"交易糾紛,商品瑕疵",1,500,50-69 中高齡,0
UID-a24fd354,2026-03-12 19:57:00,+886-905-922-415,"交易糾紛,商品瑕疵",2,3000,70+ 長者,0
UID-8226b232,2026-03-12 14:48:00,+886-903-884-065,"假投資,內線交易,VIP通道",16,2972921,碩博士,1
UID-2da6e80d,2026-03-13 01:11:00,+886-904-145-030,"網路交友,要求儲值,點數卡",23,47346,上班族,1
UID-d9f8bd51,2026-03-13 04:03:00,+886-901-304-017,"網路購物詐騙,解除分期付款",190,35607,高中職以下,1
UID-2ce4d90f,2026-03-13 00:42:00,+886-901-820-029,"網路購物詐騙,解除分期付款",198,17775,上班族,1
UID-a609feb9,2026-03-12 17:36:00,+886-905-590-259,"債務不履行,退款延遲",2,3000,70+ 長者,0
UID-946d79f9,2026-03-12 20:11:00,+886-904-687-084,"Threads廣告,假兼職",23,23460,上班族,1
UID-34f8c94a,2026-03-13 07:32:00,+886-902-178-187,"假扣押財產,面交黃金白銀",3,1302991,70+ 長者,1
UID-e8f09dd2,2026-03-12 22:33:00,+886-903-886-091,"假投資,資金盤",13,2291050,碩博士,1
UID-57c9116f,2026-03-12 17:30:00,+886-905-750-872,"交易糾紛,商品瑕疵",1,3000,50-69 中高齡,0
UID-ec83fc9f,2026-03-12 10:12:00,+886-901-817-027,"網路購物詐騙,ATM操作",200,2434,學生,1
UID-5c980bc5,2026-03-12 10:24:00,+886-905-928-550,"交易糾紛,商品瑕疵",2,3000,碩博士,0
UID-a41f8759,2026-03-12 13:33:00,+886-901-555-026,"網路購物詐騙,ATM操作",475,39627,高中職以下,1
UID-cd8d081a,2026-03-12 13:43:00,+886-903-887-012,"假投資,內線交易,VIP通道",12,1370246,碩博士,1
UID-d0da362d,2026-03-12 09:04:00,+886-999-999-999,"機器人測試,惡意灌水",14432,0,未知,0
UID-85ef90c7,2026-03-12 19:32:00,+886-903-882-070,"假投資,內線交易,VIP通道",19,3598310,碩博士,1
UID-f595a98b,2026-03-12 10:02:00,+886-903-886-025,"假投資,資金盤",20,4816187,上班族,1
UID-75a200a6,2026-03-13 05:25:00,+886-903-884-073,"假投資,內線交易,VIP通道",17,367912,50-69 中高齡,1
UID-0328528a,2026-03-12 09:43:00,+886-901-291-043,"網路購物詐騙,ATM操作",209,2495,上班族,1
UID-2f6b381e,2026-03-13 03:28:00,+886-902-166-265,"假檢警,監管帳戶",3,5367126,50-69 中高齡,1
UID-e4646471,2026-03-12 11:29:00,+886-904-776-037,"殺豬盤,平台無法出金",16,55947,碩博士,1
UID-6e8d8359,2026-03-12 18:18:00,+886-905-832-684,"債務不履行,退款延遲",1,500,高中職以下,0
UID-927f7189,2026-03-13 04:22:00,+886-903-886-031,"假投資,資金盤",7,2185791,碩博士,1
UID-ad957c23,2026-03-13 07:55:00,+886-905-525-423,"正常投資諮詢,理財規劃",1,3000,碩博士,0
UID-fbd81d96,2026-03-13 08:31:00,+886-903-883-020,"假投資,資金盤",15,2014210,50-69 中高齡,1
UID-ebce8d41,2026-03-12 12:30:00,+886-904-381-023,"殺豬盤,平台無法出金",2,136024,碩博士,1
UID-9bd4a0a4,2026-03-13 00:10:00,+886-902-190-728,"假冒郵局,普發現金冒領",1,7265959,70+ 長者,1
UID-443e1cc3,2026-03-12 14:17:00,+886-904-276-046,"殺豬盤,平台無法出金",23,144974,學生,1
UID-5612f25b,2026-03-12 09:34:00,+886-902-190-850,"假扣押財產,面交黃金白銀",1,2668537,50-69 中高齡,1
UID-ccb88b04,2026-03-12 13:10:00,+886-905-840-563,"正常投資諮詢,理財規劃",1,500,學生,0
UID-1fb57f71,2026-03-12 11:22:00,+886-901-936-041,"幽靈包裹,超商取貨",268,18171,學生,1
UID-d9d1a530,2026-03-12 10:18:00,+886-905-319-400,"正常投資諮詢,理財規劃",1,0,70+ 長者,0
UID-c2804dd3,2026-03-13 00:49:00,+886-903-889-029,"假投資,資金盤",11,854494,碩博士,1
UID-ee54abca,2026-03-12 09:02:00,+886-999-999-999,"機器人測試,惡意灌水",9917,0,未知,0
UID-f4da33bb,2026-03-12 13:38:00,+886-902-178-157,"假扣押財產,面交黃金白銀",3,6009978,50-69 中高齡,1
UID-ca9df89c,2026-03-12 23:50:00,+886-901-364-016,"幽靈包裹,超商取貨",485,36281,高中職以下,1
UID-bfc66701,2026-03-13 01:01:00,+886-902-167-400,"假檢警,監管帳戶",1,6169195,50-69 中高齡,1
UID-e7af092d,2026-03-12 13:26:00,+886-901-444-018,"網路購物詐騙,ATM操作",225,32793,大專院校,1
UID-fb23fb44,2026-03-12 11:03:00,+886-905-424-105,"正常投資諮詢,理財規劃",2,500,高中職以下,0
UID-f175ad45,2026-03-12 12:16:00,+886-901-908-033,"網路購物詐騙,假賣場",280,29894,學生,1
UID-9467a316,2026-03-13 00:02:00,+886-903-886-021,"假投資,保證獲利",20,3212628,50-69 中高齡,1
UID-f8047fa8,2026-03-13 08:42:00,+886-903-883-015,"假投資,資金盤",16,2854607,碩博士,1
UID-a5f554e4,2026-03-12 16:19:00,+886-901-232-037,"網路購物詐騙,ATM操作",448,19475,大專院校,1
UID-b960784a,2026-03-13 05:11:00,+886-903-884-063,"假投資,內線交易,VIP通道",10,2394392,上班族,1
UID-bdbed08e,2026-03-12 21:21:00,+886-903-880-077,"假投資,保證獲利",18,972473,碩博士,1
UID-23df1f5c,2026-03-12 17:14:00,+886-904-500-053,"殺豬盤,平台無法出金",26,18909,大專院校,1
UID-e8dcf60b,2026-03-12 22:40:00,+886-904-943-026,"網路交友,AI濾鏡假冒",14,70585,上班族,1
UID-c25edbfd,2026-03-12 16:24:00,+886-905-893-836,"債務不履行,退款延遲",2,3000,70+ 長者,0
UID-c37f3b49,2026-03-13 07:38:00,+886-905-293-739,"交易糾紛,商品瑕疵",2,3000,學生,0
UID-91e425ab,2026-03-13 07:39:00,+886-905-458-864,"債務不履行,退款延遲",2,3000,高中職以下,0
UID-d40c6ebe,2026-03-12 20:39:00,+886-901-918-005,"幽靈包裹,超商取貨",165,37849,學生,1
UID-b7ddc618,2026-03-13 03:04:00,+886-903-885-043,"假投資,虛擬貨幣,高報酬",5,1011012,碩博士,1
UID-1ab8c0a4,2026-03-12 20:32:00,+886-904-333-013,"Threads廣告,假兼職",5,142723,碩博士,1
UID-b3ef5024,2026-03-12 10:35:00,+886-901-401-011,"網路購物詐騙,假賣場",188,22954,上班族,1
UID-ed2ea218,2026-03-13 03:19:00,+886-902-109-121,"假扣押財產,面交黃金白銀",1,7437866,碩博士,1
UID-2e438f8a,2026-03-12 10:55:00,+886-901-549-050,"網路購物詐騙,解除分期付款",204,10758,學生,1
UID-201bf1a3,2026-03-12 17:44:00,+886-903-884-036,"假投資,內線交易,VIP通道",10,4989229,碩博士,1
UID-9a1c87ca,2026-03-12 15:02:00,+886-905-821-134,"正常投資諮詢,理財規劃",2,0,學生,0
UID-6575b00e,2026-03-12 14:23:00,+886-902-122-297,"假扣押財產,面交黃金白銀",3,1480326,碩博士,1
UID-dbf5242a,2026-03-12 14:21:00,+886-903-887-041,"假投資,虛擬貨幣,高報酬",5,2792324,碩博士,1
UID-10a0ff63,2026-03-13 07:59:00,+886-902-194-721,"假扣押財產,面交黃金白銀",3,959323,50-69 中高齡,1
UID-a14d5e4c,2026-03-12 19:00:00,+886-905-403-577,"一般客訴,服務態度",2,500,50-69 中高齡,0
UID-4bbae620,2026-03-12 11:53:00,+886-903-880-082,"假投資,保證獲利",5,3237503,碩博士,1
UID-6617db39,2026-03-12 11:50:00,+886-905-188-560,"交易糾紛,商品瑕疵",2,0,70+ 長者,0
UID-48d95c71,2026-03-12 11:58:00,+886-902-159-449,"假員警,偵查不公開",2,7194461,50-69 中高齡,1
UID-d3919d9d,2026-03-12 23:12:00,+886-905-177-104,"交易糾紛,商品瑕疵",1,0,高中職以下,0
UID-8bd6652d,2026-03-12 17:00:00,+886-905-505-603,"一般客訴,服務態度",1,0,70+ 長者,0
UID-c504e8af,2026-03-13 06:55:00,+886-903-880-034,"假投資,虛擬貨幣,高報酬",20,2327679,大專院校,1
UID-8b58c57c,2026-03-12 21:44:00,+886-903-885-084,"假投資,內線交易,VIP通道",11,3065617,上班族,1
UID-083d8039,2026-03-13 03:13:00,+886-905-532-404,"交易糾紛,商品瑕疵",1,3000,碩博士,0
UID-2bea0d15,2026-03-12 12:45:00,+886-905-240-648,"一般客訴,服務態度",2,15000,50-69 中高齡,0
UID-5087285d,2026-03-12 16:53:00,+886-903-884-033,"假投資,內線交易,VIP通道",20,1337196,碩博士,1
UID-e2ccf24b,2026-03-13 08:56:00,+886-901-329-001,"網路購物詐騙,假賣場",516,10689,上班族,1
UID-b2d4b038,2026-03-13 08:14:00,+886-905-106-174,"一般客訴,服務態度",2,15000,高中職以下,0
UID-db97d80b,2026-03-13 04:16:00,+886-902-198-136,"假檢警,監管帳戶",2,3483086,50-69 中高齡,1
UID-576e56f5,2026-03-12 17:33:00,+886-904-295-030,"網路交友,要求儲值,點數卡",3,106452,上班族,1
UID-be8c29cf,2026-03-12 16:22:00,+886-902-182-447,"假冒郵局,普發現金冒領",2,5604937,碩博士,1
UID-91fc4dc8,2026-03-13 07:33:00,+886-905-982-122,"正常投資諮詢,理財規劃",1,0,70+ 長者,0
UID-c28a3de9,2026-03-13 01:32:00,+886-901-722-035,"網路購物詐騙,ATM操作",423,6231,大專院校,1
UID-b5592a4a,2026-03-12 10:25:00,+886-901-970-005,"網路購物詐騙,假賣場",153,38427,學生,1
UID-93ccc708,2026-03-12 20:44:00,+886-903-885-076,"假投資,虛擬貨幣,高報酬",14,2442389,上班族,1
UID-82dc1a08,2026-03-12 21:33:00,+886-905-601-989,"司法文書送達,正常公務",1,500,70+ 長者,0
UID-37d3e7eb,2026-03-12 11:09:00,+886-904-361-072,"網路交友,要求儲值,點數卡",3,91518,大專院校,1
UID-5a2ddcc0,2026-03-12 16:44:00,+886-903-885-091,"假投資,內線交易,VIP通道",14,4149869,碩博士,1
UID-c72965d0,2026-03-12 10:42:00,+886-902-156-700,"假扣押財產,面交黃金白銀",1,5264880,70+ 長者,1
UID-4fd914ea,2026-03-12 17:31:00,+886-902-178-563,"假扣押財產,面交黃金白銀",3,2600014,70+ 長者,1
UID-917e4599,2026-03-12 09:04:00,+886-999-999-999,"機器人測試,惡意灌水",14569,0,未知,0
UID-d7d64e5b,2026-03-12 19:09:00,+886-904-692-090,"網路交友,要求儲值,點數卡",5,147527,碩博士,1
UID-050a0b51,2026-03-12 11:28:00,+886-904-579-069,"網路交友,AI濾鏡假冒",5,15817,碩博士,1
UID-6b1f4cca,2026-03-12 19:42:00,+886-901-843-031,"網路購物詐騙,解除分期付款",399,9299,高中職以下,1
UID-ff4786e6,2026-03-12 13:09:00,+886-904-581-042,"Threads廣告,假兼職",26,95879,碩博士,1
UID-f8e487e6,2026-03-13 03:05:00,+886-901-768-009,"幽靈包裹,超商取貨",531,36365,大專院校,1
UID-9c1ef8e1,2026-03-12 10:51:00,+886-904-532-011,"殺豬盤,平台無法出金",14,11936,學生,1
UID-b9418851,2026-03-12 10:25:00,+886-903-886-091,"假投資,保證獲利",8,1563197,50-69 中高齡,1
UID-02ebd6f4,2026-03-13 03:14:00,+886-903-884-063,"假投資,保證獲利",16,2389056,上班族,1
UID-6e3d596d,2026-03-12 10:29:00,+886-905-330-801,"司法文書送達,正常公務",1,3000,碩博士,0
UID-bad0fb71,2026-03-12 10:15:00,+886-905-156-181,"司法文書送達,正常公務",1,500,碩博士,0
UID-e981992e,2026-03-12 12:20:00,+886-902-155-786,"假員警,偵查不公開",1,1665850,70+ 長者,1
UID-9e30cdd0,2026-03-12 13:04:00,+886-904-226-016,"Threads廣告,假兼職",22,99627,碩博士,1
UID-fcc4ea2a,2026-03-12 20:55:00,+886-901-920-015,"幽靈包裹,超商取貨",163,29295,高中職以下,1
UID-ecea3918,2026-03-12 22:56:00,+886-905-798-824,"債務不履行,退款延遲",2,500,50-69 中高齡,0
UID-b5cb1a44,2026-03-12 09:17:00,+886-903-887-097,"假投資,保證獲利",9,4866915,50-69 中高齡,1
UID-52db1e14,2026-03-12 20:53:00,+886-905-959-611,"正常投資諮詢,理財規劃",1,3000,高中職以下,0
UID-3804d495,2026-03-12 20:51:00,+886-901-949-034,"網路購物詐騙,解除分期付款",165,26919,學生,1
UID-812b7f2c,2026-03-13 01:44:00,+886-901-600-046,"網路購物詐騙,假賣場",168,31156,上班族,1
UID-376fc5dc,2026-03-12 13:44:00,+886-905-141-399,"交易糾紛,商品瑕疵",2,500,70+ 長者,0
UID-6fb4dc29,2026-03-13 08:57:00,+886-902-133-181,"假檢警,監管帳戶",1,3220012,50-69 中高齡,1
UID-c72c89ac,2026-03-12 10:25:00,+886-903-886-093,"假投資,資金盤",6,4570978,上班族,1
UID-296ea0a1,2026-03-12 09:34:00,+886-903-882-051,"假投資,內線交易,VIP通道",7,1358438,50-69 中高齡,1
UID-2034ed4e,2026-03-12 13:03:00,+886-901-605-038,"網路購物詐騙,ATM操作",4237,41509,大專院校,1
UID-e29269fc,2026-03-13 07:53:00,+886-903-883-081,"假投資,內線交易,VIP通道",12,4149894,碩博士,1
UID-a51bf56a,2026-03-13 00:36:00,+886-905-965-455,"正常投資諮詢,理財規劃",2,15000,高中職以下,0
UID-fe4667de,2026-03-12 10:57:00,+886-904-562-040,"Threads廣告,假兼職",12,82882,學生,1
UID-02b192ad,2026-03-12 19:06:00,+886-903-880-025,"假投資,保證獲利",10,2711469,碩博士,1
UID-f3e66ccb,2026-03-12 20:01:00,+886-903-886-046,"假投資,內線交易,VIP通道",6,1954909,碩博士,1
UID-deb2e3e2,2026-03-12 12:39:00,+886-905-925-806,"一般客訴,服務態度",1,0,50-69 中高齡,0
UID-b1eb510b,2026-03-12 15:02:00,+886-903-889-029,"假投資,內線交易,VIP通道",18,395404,上班族,1
UID-f3de6dce,2026-03-12 12:07:00,+886-901-209-048,"網路購物詐騙,ATM操作",475,9331,大專院校,1
UID-7cc86092,2026-03-13 05:59:00,+886-903-884-095,"假投資,虛擬貨幣,高報酬",14,720507,大專院校,1
UID-33bb2e84,2026-03-13 04:54:00,+886-903-880-027,"假投資,虛擬貨幣,高報酬",7,210709,上班族,1
UID-ebe7628a,2026-03-12 12:49:00,+886-905-570-339,"正常投資諮詢,理財規劃",1,3000,碩博士,0
UID-1678a9ec,2026-03-13 05:13:00,+886-903-887-023,"假投資,保證獲利",20,461444,碩博士,1
UID-ad761e64,2026-03-12 20:15:00,+886-903-881-054,"假投資,資金盤",6,1829283,碩博士,1
UID-a25f2cc4,2026-03-13 06:26:00,+886-905-178-485,"交易糾紛,商品瑕疵",1,15000,大專院校,0
UID-36f88b5d,2026-03-13 03:55:00,+886-902-118-787,"假員警,偵查不公開",2,5158037,70+ 長者,1
UID-4c06d73a,2026-03-13 06:26:00,+886-904-169-002,"Threads廣告,假兼職",14,88851,學生,1
UID-c80f1830,2026-03-13 04:34:00,+886-901-927-035,"網路購物詐騙,ATM操作",175,19646,上班族,1
UID-397a2a32,2026-03-13 00:37:00,+886-903-880-029,"假投資,資金盤",20,592734,50-69 中高齡,1
UID-662a1257,2026-03-13 01:27:00,+886-901-602-035,"網路購物詐騙,ATM操作",2626,44776,上班族,1
UID-8570134a,2026-03-12 18:42:00,+886-904-810-060,"殺豬盤,平台無法出金",6,105162,學生,1
UID-4e181c14,2026-03-12 15:12:00,+886-905-131-701,"司法文書送達,正常公務",1,500,50-69 中高齡,0
UID-18cdb4de,2026-03-13 01:05:00,+886-905-792-103,"債務不履行,退款延遲",1,500,高中職以下,0
UID-508f5f84,2026-03-12 21:57:00,+886-905-168-320,"正常投資諮詢,理財規劃",2,3000,碩博士,0
UID-ac415b93,2026-03-12 13:57:00,+886-905-265-188,"債務不履行,退款延遲",2,500,50-69 中高齡,0
UID-2af10c09,2026-03-12 17:30:00,+886-903-881-089,"假投資,保證獲利",15,2573817,碩博士,1
UID-90fbbede,2026-03-13 01:53:00,+886-904-137-030,"殺豬盤,平台無法出金",20,57552,碩博士,1
UID-77dfa7bd,2026-03-12 11:33:00,+886-901-435-050,"幽靈包裹,超商取貨",153,19193,學生,1
UID-5a847451,2026-03-12 09:28:00,+886-903-880-010,"假投資,內線交易,VIP通道",19,1845896,上班族,1
UID-3ae5c083,2026-03-12 11:01:00,+886-901-685-026,"網路購物詐騙,假賣場",204,8527,高中職以下,1
UID-fed715a3,2026-03-12 16:34:00,+886-901-812-003,"幽靈包裹,超商取貨",154,20133,高中職以下,1
UID-a85442a6,2026-03-13 08:21:00,+886-903-886-059,"假投資,資金盤",7,1037581,碩博士,1
UID-6d9eec1c,2026-03-12 13:43:00,+886-903-883-065,"假投資,內線交易,VIP通道",9,3428537,50-69 中高齡,1
UID-c8ed3e14,2026-03-12 10:19:00,+886-903-888-037,"假投資,虛擬貨幣,高報酬",14,3815605,50-69 中高齡,1
UID-1267ff53,2026-03-12 14:38:00,+886-904-732-068,"殺豬盤,平台無法出金",5,80669,學生,1
UID-af7f907f,2026-03-13 00:38:00,+886-901-142-018,"網路購物詐騙,假賣場",304,32372,上班族,1
UID-fafa26b9,2026-03-13 08:17:00,+886-904-929-049,"網路交友,AI濾鏡假冒",28,70286,上班族,1
UID-666a2234,2026-03-12 19:16:00,+886-905-927-914,"司法文書送達,正常公務",2,500,學生,0
UID-51fa48c6,2026-03-13 03:42:00,+886-901-852-029,"網路購物詐騙,假賣場",222,30033,學生,1
UID-7f575657,2026-03-12 16:28:00,+886-902-131-906,"假冒郵局,普發現金冒領",2,7754978,70+ 長者,1
UID-118a8538,2026-03-12 09:10:00,+886-999-999-999,"機器人測試,惡意灌水",9773,0,未知,0
UID-2f5e2e18,2026-03-12 09:08:00,+886-999-999-999,"機器人測試,惡意灌水",12868,0,未知,0
UID-6363cf05,2026-03-12 17:56:00,+886-902-130-747,"假檢警,監管帳戶",1,5925966,70+ 長者,1
UID-5c570884,2026-03-12 21:28:00,+886-905-716-588,"司法文書送達,正常公務",2,3000,大專院校,0
UID-43d66b0c,2026-03-13 06:18:00,+886-902-168-731,"假員警,偵查不公開",2,7571870,70+ 長者,1
UID-9a4bb6ed,2026-03-12 14:48:00,+886-901-313-036,"幽靈包裹,超商取貨",212,42314,學生,1
UID-e517df3b,2026-03-13 01:37:00,+886-905-567-382,"債務不履行,退款延遲",1,500,70+ 長者,0
UID-aeb7acdd,2026-03-12 12:27:00,+886-904-782-051,"網路交友,要求儲值,點數卡",28,81951,大專院校,1
UID-14249391,2026-03-12 19:14:00,+886-903-884-076,"假投資,虛擬貨幣,高報酬",18,3389834,50-69 中高齡,1
UID-6ad530bc,2026-03-12 16:59:00,+886-901-380-041,"幽靈包裹,超商取貨",205,2469,大專院校,1
UID-d73c3d93,2026-03-12 18:22:00,+886-905-229-252,"債務不履行,退款延遲",2,3000,上班族,0
UID-164a02f2,2026-03-12 10:51:00,+886-902-119-211,"假檢警,監管帳戶",1,2490004,50-69 中高齡,1
UID-898adf08,2026-03-12 17:14:00,+886-903-883-040,"假投資,資金盤",15,4327131,50-69 中高齡,1
UID-1dc5de98,2026-03-12 19:30:00,+886-901-330-019,"網路購物詐騙,解除分期付款",165,21830,大專院校,1
UID-e3b8232f,2026-03-12 20:46:00,+886-903-886-008,"假投資,虛擬貨幣,高報酬",11,4559213,碩博士,1
UID-612f2c6e,2026-03-13 08:52:00,+886-904-248-021,"網路交友,要求儲值,點數卡",6,44610,學生,1
UID-310b5796,2026-03-12 15:52:00,+886-905-259-815,"一般客訴,服務態度",2,500,高中職以下,0
UID-b9ab6fa8,2026-03-12 16:17:00,+886-905-730-895,"正常投資諮詢,理財規劃",1,500,大專院校,0
UID-37af55e1,2026-03-13 01:07:00,+886-903-888-020,"假投資,虛擬貨幣,高報酬",14,1233399,上班族,1
UID-3d19af9b,2026-03-12 23:17:00,+886-902-161-546,"假冒郵局,普發現金冒領",2,3619824,70+ 長者,1
UID-73222799,2026-03-13 02:43:00,+886-903-889-093,"假投資,內線交易,VIP通道",8,3716776,上班族,1
UID-64b1ec1a,2026-03-12 17:11:00,+886-905-100-990,"債務不履行,退款延遲",2,15000,50-69 中高齡,0
UID-bf242f9b,2026-03-12 22:50:00,+886-902-190-131,"假檢警,監管帳戶",3,7957007,50-69 中高齡,1
UID-db4c814b,2026-03-12 10:28:00,+886-905-132-136,"交易糾紛,商品瑕疵",1,0,50-69 中高齡,0
UID-8f92f0ca,2026-03-12 22:23:00,+886-904-878-003,"Threads廣告,假兼職",5,125767,上班族,1
UID-211d9509,2026-03-12 12:01:00,+886-903-880-027,"假投資,虛擬貨幣,高報酬",6,4201507,碩博士,1
UID-7f8f1d02,2026-03-13 04:01:00,+886-903-880-094,"假投資,資金盤",13,1578353,50-69 中高齡,1
UID-de17155c,2026-03-13 01:10:00,+886-902-150-965,"假扣押財產,面交黃金白銀",1,2011198,70+ 長者,1
UID-5858145a,2026-03-12 23:03:00,+886-904-288-042,"殺豬盤,平台無法出金",26,16932,大專院校,1
UID-1474a5f3,2026-03-12 10:48:00,+886-905-966-991,"債務不履行,退款延遲",2,15000,大專院校,0
UID-c83637e4,2026-03-13 00:43:00,+886-905-767-739,"正常投資諮詢,理財規劃",1,500,學生,0
UID-b8c0a708,2026-03-13 07:53:00,+886-905-945-356,"司法文書送達,正常公務",2,0,碩博士,0
UID-63bb44f5,2026-03-12 13:56:00,+886-905-448-961,"債務不履行,退款延遲",1,500,70+ 長者,0
UID-4a2dc996,2026-03-12 17:12:00,+886-901-782-047,"幽靈包裹,超商取貨",256,17553,學生,1
UID-c8de5157,2026-03-12 09:08:00,+886-904-352-080,"網路交友,AI濾鏡假冒",13,73854,上班族,1
UID-33985c6b,2026-03-12 13:55:00,+886-904-274-080,"殺豬盤,平台無法出金",6,39056,上班族,1
UID-08c2d4c2,2026-03-13 07:15:00,+886-903-883-037,"假投資,虛擬貨幣,高報酬",18,3053745,上班族,1
UID-b6c36b0e,2026-03-13 03:30:00,+886-904-808-089,"殺豬盤,平台無法出金",14,144639,大專院校,1
UID-fc5e8d82,2026-03-13 05:51:00,+886-905-842-560,"司法文書送達,正常公務",2,15000,學生,0
UID-57c36055,2026-03-12 15:09:00,+886-905-194-630,"一般客訴,服務態度",1,3000,上班族,0
UID-159c50a1,2026-03-13 04:53:00,+886-903-881-003,"假投資,內線交易,VIP通道",8,1672782,上班族,1
UID-d21a8a88,2026-03-13 04:39:00,+886-902-161-200,"假員警,偵查不公開",2,6537086,70+ 長者,1
UID-a914fb43,2026-03-12 15:37:00,+886-905-353-590,"交易糾紛,商品瑕疵",1,15000,大專院校,0
UID-3dc5177b,2026-03-13 03:35:00,+886-902-127-443,"假檢警,監管帳戶",2,4858677,碩博士,1
UID-a58ed76a,2026-03-13 03:19:00,+886-903-884-004,"假投資,內線交易,VIP通道",15,898211,50-69 中高齡,1
UID-17e54c06,2026-03-12 13:58:00,+886-904-603-065,"網路交友,要求儲值,點數卡",8,114742,大專院校,1
UID-0c80493c,2026-03-13 08:34:00,+886-901-474-009,"網路購物詐騙,解除分期付款",924,43216,上班族,1
UID-4d718c49,2026-03-12 21:50:00,+886-905-345-853,"正常投資諮詢,理財規劃",1,500,高中職以下,0
UID-7a7246bb,2026-03-12 09:38:00,+886-902-141-214,"假冒郵局,普發現金冒領",2,718604,70+ 長者,1
UID-69daa551,2026-03-12 17:27:00,+886-903-886-069,"假投資,內線交易,VIP通道",16,2089995,上班族,1
UID-ab574994,2026-03-12 21:39:00,+886-905-812-404,"債務不履行,退款延遲",1,3000,70+ 長者,0
UID-e52cc164,2026-03-12 11:15:00,+886-901-250-031,"網路購物詐騙,假賣場",155,20976,上班族,1
UID-698acdd0,2026-03-12 10:20:00,+886-904-675-062,"Threads廣告,假兼職",25,32850,大專院校,1
UID-a7843bf5,2026-03-13 05:24:00,+886-903-885-036,"假投資,資金盤",15,4767382,50-69 中高齡,1
UID-545ae86d,2026-03-12 20:12:00,+886-905-255-634,"司法文書送達,正常公務",1,0,碩博士,0
UID-be44d89d,2026-03-12 09:02:00,+886-905-433-878,"正常投資諮詢,理財規劃",2,0,碩博士,0
UID-fa018c4c,2026-03-13 05:20:00,+886-901-938-042,"網路購物詐騙,解除分期付款",928,10983,大專院校,1
UID-c109b30a,2026-03-13 03:19:00,+886-904-877-013,"Threads廣告,假兼職",8,442,大專院校,1
UID-8ae4c8ee,2026-03-12 22:57:00,+886-905-349-399,"交易糾紛,商品瑕疵",2,0,碩博士,0
UID-460f459a,2026-03-12 11:48:00,+886-902-178-549,"假冒郵局,普發現金冒領",3,2517687,70+ 長者,1
UID-790a9ab0,2026-03-12 19:46:00,+886-903-882-009,"假投資,內線交易,VIP通道",9,2407511,50-69 中高齡,1
UID-379a47c6,2026-03-13 03:57:00,+886-905-112-960,"一般客訴,服務態度",1,15000,碩博士,0
UID-8ddd7882,2026-03-13 06:12:00,+886-905-732-937,"司法文書送達,正常公務",2,15000,學生,0
UID-c507d861,2026-03-12 09:24:00,+886-903-881-061,"假投資,資金盤",7,156090,碩博士,1
UID-93654b65,2026-03-12 23:58:00,+886-904-321-057,"殺豬盤,平台無法出金",30,28252,碩博士,1
UID-2fe88927,2026-03-13 05:38:00,+886-905-346-603,"正常投資諮詢,理財規劃",1,0,大專院校,0
UID-50cd32b0,2026-03-13 08:58:00,+886-902-139-431,"假扣押財產,面交黃金白銀",3,832982,70+ 長者,1
UID-dd4b5a68,2026-03-12 20:29:00,+886-903-885-050,"假投資,內線交易,VIP通道",14,354681,50-69 中高齡,1
UID-b89327d0,2026-03-12 21:41:00,+886-904-905-002,"網路交友,AI濾鏡假冒",21,130053,大專院校,1
UID-49e57fce,2026-03-13 07:56:00,+886-903-888-060,"假投資,虛擬貨幣,高報酬",9,2019757,50-69 中高齡,1
UID-1fff91ae,2026-03-13 06:08:00,+886-905-192-633,"一般客訴,服務態度",2,3000,高中職以下,0
UID-aba30ca0,2026-03-13 02:00:00,+886-905-280-191,"一般客訴,服務態度",2,15000,大專院校,0
UID-94188f2b,2026-03-12 09:02:00,+886-999-999-999,"機器人測試,惡意灌水",9747,0,未知,0
UID-ecc889a1,2026-03-13 02:51:00,+886-905-214-928,"正常投資諮詢,理財規劃",1,0,70+ 長者,0
UID-e7aa3612,2026-03-12 22:21:00,+886-903-885-051,"假投資,虛擬貨幣,高報酬",12,330349,碩博士,1
UID-eafdc535,2026-03-12 09:52:00,+886-905-963-920,"司法文書送達,正常公務",1,500,50-69 中高齡,0
UID-b55099c9,2026-03-12 18:40:00,+886-902-139-647,"假檢警,監管帳戶",3,3743774,70+ 長者,1
UID-6f07ca0f,2026-03-12 13:21:00,+886-901-308-038,"網路購物詐騙,假賣場",260,13318,學生,1
UID-8d188cc5,2026-03-12 10:42:00,+886-901-127-016,"網路購物詐騙,ATM操作",198,11676,大專院校,1
UID-8a2fc908,2026-03-13 08:11:00,+886-901-882-041,"網路購物詐騙,解除分期付款",189,12922,上班族,1
UID-42030d76,2026-03-12 18:10:00,+886-905-617-729,"交易糾紛,商品瑕疵",2,0,上班族,0
UID-1ab451b7,2026-03-12 17:51:00,+886-902-104-265,"假檢警,監管帳戶",3,7291793,50-69 中高齡,1
UID-1943522b,2026-03-12 17:59:00,+886-904-378-056,"網路交友,要求儲值,點數卡",19,27912,大專院校,1
UID-1bf82476,2026-03-12 17:52:00,+886-903-880-094,"假投資,虛擬貨幣,高報酬",19,1683401,碩博士,1
UID-7f9dd488,2026-03-13 03:58:00,+886-903-882-051,"假投資,虛擬貨幣,高報酬",6,306880,大專院校,1
UID-9915f4a8,2026-03-12 17:08:00,+886-902-156-666,"假冒郵局,普發現金冒領",2,5080457,70+ 長者,1
UID-fae871e2,2026-03-13 04:37:00,+886-901-936-013,"網路購物詐騙,解除分期付款",155,4217,大專院校,1
UID-919fd462,2026-03-13 07:57:00,+886-903-888-014,"假投資,資金盤",14,3646150,上班族,1
UID-2253172c,2026-03-13 02:34:00,+886-905-165-623,"一般客訴,服務態度",1,0,上班族,0
UID-39728de4,2026-03-12 18:51:00,+886-902-161-541,"假檢警,監管帳戶",2,1361039,50-69 中高齡,1
UID-8f14f6d4,2026-03-12 22:42:00,+886-904-496-037,"殺豬盤,平台無法出金",19,105005,上班族,1
UID-f225a30b,2026-03-12 13:03:00,+886-904-463-034,"殺豬盤,平台無法出金",6,91991,學生,1
UID-6c7764e6,2026-03-13 03:37:00,+886-905-959-668,"債務不履行,退款延遲",1,15000,大專院校,0
UID-2837f741,2026-03-12 20:42:00,+886-905-297-671,"一般客訴,服務態度",1,3000,70+ 長者,0
UID-d4173813,2026-03-13 02:38:00,+886-903-888-081,"假投資,虛擬貨幣,高報酬",14,321424,大專院校,1
UID-04fd806d,2026-03-12 17:10:00,+886-904-136-017,"網路交友,要求儲值,點數卡",3,66854,學生,1
UID-dac7ae26,2026-03-12 19:04:00,+886-905-708-183,"一般客訴,服務態度",2,500,碩博士,0
UID-1bfe0102,2026-03-12 17:55:00,+886-903-885-046,"假投資,虛擬貨幣,高報酬",18,4026004,上班族,1
UID-d7648c27,2026-03-13 04:35:00,+886-903-886-084,"假投資,虛擬貨幣,高報酬",12,4170675,50-69 中高齡,1
UID-a922679e,2026-03-12 20:35:00,+886-903-884-081,"假投資,資金盤",9,2993931,碩博士,1
UID-bb76516b,2026-03-12 09:26:00,+886-902-175-517,"假扣押財產,面交黃金白銀",1,2399939,70+ 長者,1
UID-1a9696e9,2026-03-12 15:00:00,+886-905-291-171,"司法文書送達,正常公務",1,0,大專院校,0
UID-5758f7ce,2026-03-12 14:09:00,+886-902-121-987,"假冒郵局,普發現金冒領",2,4591119,碩博士,1
UID-0a6f300a,2026-03-12 12:54:00,+886-903-889-049,"假投資,虛擬貨幣,高報酬",13,935652,碩博士,1
UID-301ba34a,2026-03-12 19:44:00,+886-901-299-020,"網路購物詐騙,ATM操作",589,40114,高中職以下,1
UID-2bf446c5,2026-03-12 20:06:00,+886-904-136-064,"Threads廣告,假兼職",15,136701,大專院校,1
UID-0323ad02,2026-03-12 11:50:00,+886-902-120-111,"假檢警,監管帳戶",1,4334078,碩博士,1
UID-a6d66bf6,2026-03-12 13:48:00,+886-903-885-091,"假投資,虛擬貨幣,高報酬",8,749708,上班族,1
UID-7a3a9e07,2026-03-12 17:18:00,+886-905-117-789,"債務不履行,退款延遲",1,0,70+ 長者,0
UID-aac90185,2026-03-12 21:43:00,+886-901-991-005,"幽靈包裹,超商取貨",211,20746,高中職以下,1
UID-8139259e,2026-03-12 11:36:00,+886-901-325-017,"網路購物詐騙,ATM操作",206,7393,高中職以下,1
UID-691c68ec,2026-03-13 04:52:00,+886-905-238-133,"債務不履行,退款延遲",1,15000,高中職以下,0
UID-c57ceef7,2026-03-12 18:25:00,+886-904-801-004,"網路交友,要求儲值,點數卡",7,119038,大專院校,1
UID-6f4b2592,2026-03-12 20:58:00,+886-902-193-732,"假扣押財產,面交黃金白銀",3,2838879,70+ 長者,1
UID-d965f6d0,2026-03-13 04:09:00,+886-904-620-006,"網路交友,要求儲值,點數卡",14,30863,上班族,1
UID-ea1c8433,2026-03-12 13:48:00,+886-903-886-043,"假投資,虛擬貨幣,高報酬",7,435489,上班族,1
UID-7ade63cd,2026-03-12 15:46:00,+886-905-555-893,"正常投資諮詢,理財規劃",2,0,碩博士,0
UID-4fd61ded,2026-03-12 21:42:00,+886-902-145-903,"假檢警,監管帳戶",2,2439020,50-69 中高齡,1
UID-274e7f2b,2026-03-12 16:16:00,+886-905-665-549,"債務不履行,退款延遲",2,0,大專院校,0
UID-2de28399,2026-03-13 06:47:00,+886-903-886-087,"假投資,虛擬貨幣,高報酬",19,1496310,碩博士,1
UID-77d84767,2026-03-13 00:01:00,+886-904-227-078,"殺豬盤,平台無法出金",29,114985,學生,1
UID-7f9129e8,2026-03-12 20:07:00,+886-904-307-049,"網路交友,AI濾鏡假冒",29,71310,碩博士,1
UID-7e2f4e50,2026-03-12 11:42:00,+886-905-326-840,"交易糾紛,商品瑕疵",1,500,高中職以下,0
UID-f57018c6,2026-03-12 10:44:00,+886-905-999-450,"司法文書送達,正常公務",1,3000,學生,0
UID-cad20f02,2026-03-12 19:35:00,+886-901-772-008,"網路購物詐騙,解除分期付款",155,30971,大專院校,1
UID-02f5c71a,2026-03-12 19:53:00,+886-905-850-718,"一般客訴,服務態度",2,3000,50-69 中高齡,0
UID-385d64a6,2026-03-12 21:10:00,+886-901-890-029,"網路購物詐騙,解除分期付款",157,33771,高中職以下,1
UID-7478da66,2026-03-13 00:09:00,+886-905-462-109,"正常投資諮詢,理財規劃",1,3000,大專院校,0
UID-37a24bff,2026-03-12 18:48:00,+886-904-613-047,"網路交友,要求儲值,點數卡",9,80144,學生,1
UID-a5e688d3,2026-03-13 05:16:00,+886-905-137-782,"債務不履行,退款延遲",2,0,學生,0
UID-07281476,2026-03-12 17:04:00,+886-905-599-526,"正常投資諮詢,理財規劃",2,15000,高中職以下,0
UID-bf7c2e16,2026-03-12 17:08:00,+886-905-670-104,"司法文書送達,正常公務",2,15000,學生,0
UID-2fedd79a,2026-03-12 09:07:00,+886-903-887-085,"假投資,內線交易,VIP通道",11,2194252,碩博士,1
UID-4f4d30d4,2026-03-12 13:54:00,+886-905-332-457,"正常投資諮詢,理財規劃",2,0,大專院校,0
UID-02eb67d7,2026-03-12 14:31:00,+886-903-888-073,"假投資,虛擬貨幣,高報酬",16,1900804,50-69 中高齡,1
UID-8fb2c88d,2026-03-13 08:28:00,+886-903-882-040,"假投資,內線交易,VIP通道",5,3753558,50-69 中高齡,1
UID-f48f2c2e,2026-03-12 14:19:00,+886-905-617-275,"一般客訴,服務態度",1,15000,大專院校,0
UID-99e1e4c8,2026-03-13 03:34:00,+886-905-305-216,"司法文書送達,正常公務",1,0,大專院校,0
UID-62df1338,2026-03-13 07:53:00,+886-903-881-060,"假投資,內線交易,VIP通道",11,1145891,碩博士,1
UID-aa9864ce,2026-03-13 05:27:00,+886-905-724-824,"債務不履行,退款延遲",2,15000,70+ 長者,0
UID-17c1661f,2026-03-12 22:54:00,+886-901-532-017,"網路購物詐騙,ATM操作",210,22305,上班族,1
UID-f18ecedb,2026-03-13 06:38:00,+886-903-886-031,"假投資,資金盤",6,1171713,碩博士,1
UID-98af0c52,2026-03-13 04:31:00,+886-901-337-038,"網路購物詐騙,解除分期付款",151,31787,高中職以下,1
UID-303b2705,2026-03-13 08:27:00,+886-903-884-056,"假投資,資金盤",18,2623554,碩博士,1
UID-17e8f23a,2026-03-13 07:22:00,+886-901-265-023,"網路購物詐騙,假賣場",790,8526,上班族,1
UID-2781e31b,2026-03-13 02:35:00,+886-905-338-393,"司法文書送達,正常公務",2,15000,50-69 中高齡,0
UID-52a7c32c,2026-03-13 06:43:00,+886-903-883-066,"假投資,資金盤",17,1567088,碩博士,1
UID-6d96dc6c,2026-03-12 23:03:00,+886-904-360-076,"殺豬盤,平台無法出金",18,63511,上班族,1
UID-ddbe2d63,2026-03-13 02:48:00,+886-905-293-138,"正常投資諮詢,理財規劃",1,15000,50-69 中高齡,0
UID-af2f3843,2026-03-12 15:36:00,+886-905-914-333,"債務不履行,退款延遲",2,15000,碩博士,0
UID-e2be9d3e,2026-03-12 22:13:00,+886-901-156-029,"網路購物詐騙,假賣場",229,17877,大專院校,1
UID-8b92883b,2026-03-12 14:56:00,+886-904-375-052,"殺豬盤,平台無法出金",11,8217,上班族,1
UID-a37d55fd,2026-03-13 02:23:00,+886-905-444-459,"正常投資諮詢,理財規劃",2,15000,高中職以下,0
UID-7f6a0a27,2026-03-12 15:02:00,+886-905-277-240,"正常投資諮詢,理財規劃",1,15000,高中職以下,0
UID-e3415a09,2026-03-12 11:27:00,+886-905-507-727,"債務不履行,退款延遲",1,15000,50-69 中高齡,0
UID-3aff5518,2026-03-12 17:02:00,+886-905-357-339,"交易糾紛,商品瑕疵",2,0,70+ 長者,0
UID-253de7f0,2026-03-12 15:13:00,+886-903-889-063,"假投資,保證獲利",13,1355991,碩博士,1
UID-8961f6a1,2026-03-12 21:41:00,+886-901-595-009,"網路購物詐騙,假賣場",166,2701,大專院校,1
UID-998ed9a5,2026-03-13 07:12:00,+886-901-737-012,"網路購物詐騙,解除分期付款",359,9249,高中職以下,1
UID-156060df,2026-03-12 14:11:00,+886-901-973-045,"網路購物詐騙,假賣場",435,19707,大專院校,1
UID-daa8a4a6,2026-03-13 05:13:00,+886-904-851-005,"殺豬盤,平台無法出金",14,60822,學生,1
UID-75b956ca,2026-03-12 21:43:00,+886-901-831-043,"網路購物詐騙,ATM操作",298,9604,上班族,1
UID-f208e3c9,2026-03-13 04:29:00,+886-901-403-002,"網路購物詐騙,假賣場",164,1718,高中職以下,1
UID-87f2d31b,2026-03-12 23:45:00,+886-901-460-020,"網路購物詐騙,解除分期付款",407,39831,大專院校,1
UID-cef3936b,2026-03-12 22:20:00,+886-901-445-003,"網路購物詐騙,ATM操作",191,2177,高中職以下,1
UID-566f277e,2026-03-12 09:05:00,+886-999-999-999,"機器人測試,惡意灌水",9570,0,未知,0
UID-57d18ff9,2026-03-13 05:58:00,+886-905-446-902,"司法文書送達,正常公務",2,3000,碩博士,0
UID-9776f957,2026-03-13 04:15:00,+886-901-170-035,"網路購物詐騙,解除分期付款",547,9721,大專院校,1
UID-bae8952c,2026-03-13 03:21:00,+886-905-616-406,"一般客訴,服務態度",2,0,高中職以下,0
UID-121ea185,2026-03-13 05:45:00,+886-904-679-011,"網路交友,AI濾鏡假冒",10,63068,大專院校,1
UID-99de29d4,2026-03-13 07:35:00,+886-905-822-180,"交易糾紛,商品瑕疵",2,0,高中職以下,0
UID-6d0a6533,2026-03-13 02:23:00,+886-903-888-037,"假投資,內線交易,VIP通道",8,647243,碩博士,1
UID-bf7c64cc,2026-03-12 22:27:00,+886-904-320-060,"Threads廣告,假兼職",27,68707,上班族,1
UID-f8bdea3a,2026-03-12 12:23:00,+886-905-172-289,"正常投資諮詢,理財規劃",2,3000,70+ 長者,0
UID-4a501bc4,2026-03-12 14:33:00,+886-905-121-498,"交易糾紛,商品瑕疵",2,500,碩博士,0
UID-7a4eb779,2026-03-13 00:39:00,+886-902-107-836,"假員警,偵查不公開",2,5951077,碩博士,1
UID-6aa1a6e0,2026-03-12 14:32:00,+886-904-812-040,"殺豬盤,平台無法出金",6,93910,大專院校,1
UID-04a81aed,2026-03-13 06:04:00,+886-904-542-010,"網路交友,AI濾鏡假冒",3,55765,學生,1
UID-f1aff330,2026-03-12 16:30:00,+886-905-683-559,"司法文書送達,正常公務",1,500,上班族,0
UID-16908d95,2026-03-12 13:09:00,+886-905-447-703,"交易糾紛,商品瑕疵",2,15000,50-69 中高齡,0
UID-e536357d,2026-03-13 05:50:00,+886-904-142-030,"網路交友,要求儲值,點數卡",7,33064,大專院校,1
UID-9da5aa61,2026-03-12 14:11:00,+886-904-277-097,"殺豬盤,平台無法出金",8,141941,碩博士,1
UID-5d0f30a5,2026-03-12 10:13:00,+886-902-133-119,"假員警,偵查不公開",3,3995433,70+ 長者,1
UID-85e4609d,2026-03-12 17:08:00,+886-901-967-012,"網路購物詐騙,假賣場",314,22566,大專院校,1
UID-1376108a,2026-03-13 03:52:00,+886-901-415-001,"幽靈包裹,超商取貨",426,43655,高中職以下,1
UID-dc416681,2026-03-13 08:15:00,+886-903-884-024,"假投資,資金盤",8,855773,50-69 中高齡,1
UID-647e5a74,2026-03-12 15:20:00,+886-905-685-158,"交易糾紛,商品瑕疵",1,3000,學生,0
UID-c6e84115,2026-03-13 04:11:00,+886-904-897-052,"Threads廣告,假兼職",11,50482,大專院校,1
UID-e952b677,2026-03-12 16:42:00,+886-904-393-030,"Threads廣告,假兼職",17,143594,上班族,1
UID-e9ee4214,2026-03-12 09:44:00,+886-903-882-079,"假投資,虛擬貨幣,高報酬",14,1546861,50-69 中高齡,1
UID-b46013f0,2026-03-13 00:54:00,+886-903-880-049,"假投資,保證獲利",20,3364978,碩博士,1
UID-acb7c61f,2026-03-12 09:01:00,+886-903-888-002,"假投資,資金盤",18,2041227,上班族,1
UID-65ea8e84,2026-03-13 07:05:00,+886-904-729-009,"網路交友,要求儲值,點數卡",8,87681,上班族,1
UID-b240cd72,2026-03-12 12:25:00,+886-903-888-011,"假投資,資金盤",12,2630494,50-69 中高齡,1
UID-56b872e3,2026-03-12 22:04:00,+886-901-780-023,"網路購物詐騙,ATM操作",315,5362,上班族,1
UID-b08e96b6,2026-03-12 14:10:00,+886-902-147-302,"假扣押財產,面交黃金白銀",2,3997053,碩博士,1
UID-977b8795,2026-03-13 00:55:00,+886-905-313-266,"正常投資諮詢,理財規劃",2,3000,50-69 中高齡,0
UID-cc5e9eab,2026-03-12 09:53:00,+886-903-880-098,"假投資,虛擬貨幣,高報酬",19,1087670,50-69 中高齡,1
UID-1cba2fbb,2026-03-12 14:00:00,+886-902-161-512,"假檢警,監管帳戶",3,1180138,50-69 中高齡,1
UID-9fb2a988,2026-03-12 12:42:00,+886-902-158-779,"假員警,偵查不公開",3,7108686,50-69 中高齡,1
UID-23abe0c0,2026-03-13 08:40:00,+886-904-245-021,"網路交友,AI濾鏡假冒",13,102003,上班族,1
UID-586955b3,2026-03-13 06:57:00,+886-904-865-097,"殺豬盤,平台無法出金",11,65426,上班族,1
UID-c1e45749,2026-03-12 22:50:00,+886-902-116-735,"假檢警,監管帳戶",2,3375722,碩博士,1
UID-50707e84,2026-03-12 11:28:00,+886-903-881-091,"假投資,資金盤",13,2512033,50-69 中高齡,1
UID-097b9369,2026-03-12 21:45:00,+886-905-570-855,"債務不履行,退款延遲",2,3000,50-69 中高齡,0
UID-2f9aa983,2026-03-12 14:36:00,+886-901-137-043,"幽靈包裹,超商取貨",681,2253,學生,1
UID-f2bd1765,2026-03-13 02:12:00,+886-903-882-065,"假投資,內線交易,VIP通道",5,4898741,碩博士,1
UID-4d0e0e0f,2026-03-13 05:58:00,+886-905-923-868,"司法文書送達,正常公務",2,500,上班族,0
UID-af93841f,2026-03-12 22:19:00,+886-905-246-389,"債務不履行,退款延遲",2,500,高中職以下,0
UID-3459b95d,2026-03-13 01:57:00,+886-901-858-044,"網路購物詐騙,解除分期付款",2018,40267,大專院校,1
UID-6d712c6b,2026-03-13 02:23:00,+886-904-567-091,"網路交友,AI濾鏡假冒",27,5309,上班族,1
UID-028a1041,2026-03-12 15:18:00,+886-903-884-023,"假投資,虛擬貨幣,高報酬",6,3436495,碩博士,1
UID-ac37d7fc,2026-03-12 09:54:00,+886-904-352-055,"殺豬盤,平台無法出金",25,22511,大專院校,1
UID-61c21646,2026-03-12 13:35:00,+886-901-398-008,"網路購物詐騙,解除分期付款",174,39330,學生,1
UID-6753ce1d,2026-03-12 22:49:00,+886-904-635-001,"殺豬盤,平台無法出金",23,143684,上班族,1
UID-50cfe4a7,2026-03-12 11:56:00,+886-904-250-038,"網路交友,要求儲值,點數卡",11,67506,大專院校,1
UID-86c15df9,2026-03-12 18:47:00,+886-904-167-079,"殺豬盤,平台無法出金",20,138278,上班族,1
UID-5df91cea,2026-03-12 20:45:00,+886-905-618-648,"司法文書送達,正常公務",1,500,50-69 中高齡,0
UID-9c256a8d,2026-03-12 19:10:00,+886-905-842-157,"一般客訴,服務態度",2,500,學生,0
UID-b23bfffa,2026-03-13 07:58:00,+886-901-680-035,"網路購物詐騙,ATM操作",153,9779,上班族,1
UID-6a30ed0d,2026-03-13 08:09:00,+886-905-931-175,"交易糾紛,商品瑕疵",1,0,大專院校,0
UID-c8c23440,2026-03-13 06:36:00,+886-903-884-076,"假投資,虛擬貨幣,高報酬",13,1138678,碩博士,1
UID-bae4926c,2026-03-12 23:41:00,+886-902-138-561,"假扣押財產,面交黃金白銀",3,5104036,70+ 長者,1
UID-28be4e6c,2026-03-12 22:16:00,+886-903-882-094,"假投資,保證獲利",12,4042262,上班族,1
UID-a7af2fb3,2026-03-12 10:54:00,+886-901-600-044,"幽靈包裹,超商取貨",157,14053,大專院校,1
UID-d4cda71f,2026-03-12 09:25:00,+886-903-889-079,"假投資,虛擬貨幣,高報酬",11,1669008,碩博士,1
UID-e7d5571e,2026-03-13 03:01:00,+886-903-889-007,"假投資,內線交易,VIP通道",20,3962181,50-69 中高齡,1
UID-341b7183,2026-03-12 15:41:00,+886-903-883-061,"假投資,資金盤",15,2591691,上班族,1
UID-103e2923,2026-03-12 15:30:00,+886-905-289-415,"一般客訴,服務態度",1,500,學生,0
UID-b2e4ba79,2026-03-12 13:44:00,+886-902-105-866,"假檢警,監管帳戶",2,4805932,70+ 長者,1
UID-c1d1b100,2026-03-13 06:56:00,+886-905-801-652,"一般客訴,服務態度",1,3000,50-69 中高齡,0
UID-846c1516,2026-03-12 20:57:00,+886-904-447-049,"殺豬盤,平台無法出金",26,75134,上班族,1
UID-5cd45f5b,2026-03-12 10:54:00,+886-903-883-095,"假投資,虛擬貨幣,高報酬",10,814725,碩博士,1
UID-139300b2,2026-03-12 18:37:00,+886-901-120-042,"網路購物詐騙,假賣場",241,42284,大專院校,1
UID-610e7ffb,2026-03-12 13:38:00,+886-903-883-076,"假投資,內線交易,VIP通道",6,3604006,上班族,1
UID-9b852646,2026-03-12 14:04:00,+886-903-880-020,"假投資,內線交易,VIP通道",8,2362444,碩博士,1
UID-9adca868,2026-03-12 09:20:00,+886-903-888-033,"假投資,資金盤",16,3932872,大專院校,1
UID-f651ea5d,2026-03-13 08:10:00,+886-905-939-532,"正常投資諮詢,理財規劃",2,0,高中職以下,0
UID-9b43a4fb,2026-03-13 07:20:00,+886-903-881-089,"假投資,內線交易,VIP通道",5,4673322,碩博士,1
UID-eb4dcc3a,2026-03-12 23:58:00,+886-904-657-090,"殺豬盤,平台無法出金",23,133900,學生,1
UID-2420942f,2026-03-12 09:20:00,+886-901-572-015,"網路購物詐騙,假賣場",238,20918,大專院校,1
UID-54309b05,2026-03-13 04:34:00,+886-905-183-427,"正常投資諮詢,理財規劃",1,0,70+ 長者,0
UID-ffb5bdbf,2026-03-12 09:55:00,+886-904-329-009,"Threads廣告,假兼職",14,122922,碩博士,1
UID-e27a9369,2026-03-12 23:41:00,+886-905-682-581,"交易糾紛,商品瑕疵",2,0,50-69 中高齡,0
UID-182989ab,2026-03-13 07:37:00,+886-901-367-050,"網路購物詐騙,解除分期付款",214,6666,上班族,1
UID-995f438a,2026-03-13 07:45:00,+886-901-976-027,"網路購物詐騙,ATM操作",174,27534,大專院校,1
UID-9f0c2e33,2026-03-13 03:42:00,+886-902-127-313,"假檢警,監管帳戶",1,5527888,70+ 長者,1
UID-85bad30a,2026-03-12 18:17:00,+886-902-182-797,"假員警,偵查不公開",2,1534109,70+ 長者,1
UID-07101c2b,2026-03-12 13:38:00,+886-903-880-083,"假投資,虛擬貨幣,高報酬",7,2216751,50-69 中高齡,1
UID-d73afde6,2026-03-13 08:24:00,+886-905-792-758,"交易糾紛,商品瑕疵",2,0,碩博士,0
UID-afc2fc62,2026-03-13 00:11:00,+886-902-142-652,"假扣押財產,面交黃金白銀",2,3872985,70+ 長者,1
UID-03464f07,2026-03-13 05:39:00,+886-902-166-304,"假檢警,監管帳戶",1,6756843,70+ 長者,1
UID-d6d25faa,2026-03-12 09:02:00,+886-902-176-471,"假冒郵局,普發現金冒領",3,3311007,50-69 中高齡,1
UID-9a49fa43,2026-03-12 14:49:00,+886-903-886-098,"假投資,內線交易,VIP通道",18,348973,碩博士,1
UID-d0245299,2026-03-13 03:01:00,+886-904-955-095,"網路交友,AI濾鏡假冒",23,24604,學生,1
UID-78ae69be,2026-03-13 08:52:00,+886-905-617-371,"交易糾紛,商品瑕疵",2,3000,碩博士,0
UID-f547a3d7,2026-03-12 14:36:00,+886-905-503-933,"司法文書送達,正常公務",2,0,學生,0
UID-e34ea9b8,2026-03-13 04:13:00,+886-903-887-036,"假投資,資金盤",18,4682345,碩博士,1
UID-db729e4a,2026-03-12 18:46:00,+886-903-885-002,"假投資,保證獲利",5,2582984,上班族,1
UID-b76b2a34,2026-03-13 02:33:00,+886-903-880-025,"假投資,資金盤",7,4603532,上班族,1
UID-333ce67e,2026-03-13 03:33:00,+886-903-884-012,"假投資,虛擬貨幣,高報酬",15,1625155,50-69 中高齡,1
UID-eeffb1aa,2026-03-12 20:00:00,+886-902-127-151,"假扣押財產,面交黃金白銀",3,6613423,70+ 長者,1
UID-451d3ac0,2026-03-12 16:45:00,+886-902-155-555,"假冒郵局,普發現金冒領",1,3453698,70+ 長者,1
UID-4096b46d,2026-03-12 13:30:00,+886-903-881-095,"假投資,虛擬貨幣,高報酬",19,2048277,上班族,1
UID-8241083c,2026-03-13 06:31:00,+886-905-798-245,"交易糾紛,商品瑕疵",2,3000,學生,0
UID-f9392411,2026-03-12 22:38:00,+886-901-143-010,"網路購物詐騙,假賣場",220,41367,上班族,1
UID-9c80eb24,2026-03-13 04:27:00,+886-904-640-048,"網路交友,要求儲值,點數卡",10,45900,碩博士,1
UID-a6f2c950,2026-03-12 17:04:00,+886-903-889-020,"假投資,虛擬貨幣,高報酬",14,4375187,碩博士,1
UID-3da1416d,2026-03-13 08:17:00,+886-902-166-205,"假冒郵局,普發現金冒領",2,1642014,70+ 長者,1
UID-059dc730,2026-03-12 13:06:00,+886-904-922-096,"網路交友,要求儲值,點數卡",26,8021,碩博士,1
UID-bf108061,2026-03-12 18:17:00,+886-903-888-024,"假投資,虛擬貨幣,高報酬",11,326613,大專院校,1
UID-4e16a586,2026-03-12 20:57:00,+886-904-842-067,"網路交友,要求儲值,點數卡",16,141012,上班族,1
UID-f597ea5e,2026-03-12 09:10:00,+886-999-999-999,"機器人測試,惡意灌水",9246,0,未知,0
UID-b8155517,2026-03-13 00:49:00,+886-901-852-025,"網路購物詐騙,假賣場",167,35240,學生,1
UID-af9518ab,2026-03-12 16:56:00,+886-903-885-074,"假投資,保證獲利",6,4423214,50-69 中高齡,1
UID-67daa4a7,2026-03-12 17:31:00,+886-901-577-040,"網路購物詐騙,解除分期付款",314,1127,高中職以下,1
UID-66c39f8f,2026-03-12 13:26:00,+886-905-199-993,"債務不履行,退款延遲",1,3000,碩博士,0
UID-a048496d,2026-03-13 02:18:00,+886-904-903-021,"Threads廣告,假兼職",5,103648,上班族,1
UID-92fe55db,2026-03-12 19:06:00,+886-903-882-055,"假投資,保證獲利",8,2998140,碩博士,1
UID-58778960,2026-03-12 13:15:00,+886-904-158-044,"Threads廣告,假兼職",13,32933,學生,1
UID-827ad963,2026-03-12 18:49:00,+886-901-759-023,"網路購物詐騙,解除分期付款",156,10321,大專院校,1
UID-5586e575,2026-03-12 16:33:00,+886-901-282-033,"網路購物詐騙,ATM操作",245,28101,上班族,1
UID-c9afb460,2026-03-13 08:25:00,+886-905-702-116,"交易糾紛,商品瑕疵",1,15000,大專院校,0
UID-2e8d6955,2026-03-13 02:21:00,+886-902-192-641,"假檢警,監管帳戶",2,5802835,50-69 中高齡,1
UID-860e42e5,2026-03-12 19:53:00,+886-905-415-507,"正常投資諮詢,理財規劃",1,500,70+ 長者,0
UID-78a77f11,2026-03-12 17:34:00,+886-902-141-818,"假檢警,監管帳戶",2,5850330,70+ 長者,1
UID-e1a1b978,2026-03-13 04:26:00,+886-904-636-071,"網路交友,要求儲值,點數卡",21,109229,碩博士,1
UID-8ea81918,2026-03-13 04:16:00,+886-903-888-058,"假投資,保證獲利",5,737453,大專院校,1
UID-b247481b,2026-03-12 13:29:00,+886-903-884-047,"假投資,內線交易,VIP通道",5,2531462,碩博士,1
UID-4c6aef0d,2026-03-13 08:32:00,+886-904-796-002,"殺豬盤,平台無法出金",27,4076,碩博士,1
UID-9f950cc7,2026-03-12 16:52:00,+886-902-122-263,"假扣押財產,面交黃金白銀",3,1028020,50-69 中高齡,1
UID-71848b2a,2026-03-12 12:03:00,+886-905-307-408,"交易糾紛,商品瑕疵",1,15000,碩博士,0
UID-00eba753,2026-03-12 12:32:00,+886-902-165-189,"假員警,偵查不公開",1,6417887,70+ 長者,1
UID-713ed793,2026-03-12 16:44:00,+886-905-330-268,"司法文書送達,正常公務",2,15000,70+ 長者,0
UID-7ee97c1d,2026-03-12 14:11:00,+886-903-885-054,"假投資,虛擬貨幣,高報酬",14,4820236,上班族,1
UID-7e0e2b8a,2026-03-13 03:43:00,+886-905-538-393,"交易糾紛,商品瑕疵",1,0,50-69 中高齡,0
UID-da6a64ec,2026-03-12 10:13:00,+886-902-115-104,"假扣押財產,面交黃金白銀",3,5164517,50-69 中高齡,1
UID-91221057,2026-03-13 06:36:00,+886-905-243-863,"一般客訴,服務態度",1,500,上班族,0
UID-4fee1d83,2026-03-13 03:13:00,+886-901-308-022,"網路購物詐騙,解除分期付款",256,12922,大專院校,1
UID-fbed40b4,2026-03-12 23:49:00,+886-903-882-002,"假投資,虛擬貨幣,高報酬",11,1157541,大專院校,1
UID-51c0da01,2026-03-13 02:07:00,+886-903-889-042,"假投資,內線交易,VIP通道",9,3746475,上班族,1
UID-f7bef31b,2026-03-12 23:26:00,+886-905-703-312,"交易糾紛,商品瑕疵",2,15000,大專院校,0
UID-d3a385d2,2026-03-12 17:03:00,+886-905-767-198,"正常投資諮詢,理財規劃",1,3000,碩博士,0
UID-af5073a1,2026-03-12 21:28:00,+886-905-235-961,"正常投資諮詢,理財規劃",1,500,碩博士,0
UID-cd1db6ce,2026-03-13 03:30:00,+886-905-236-504,"一般客訴,服務態度",1,3000,碩博士,0
UID-50784379,2026-03-12 15:07:00,+886-902-140-612,"假扣押財產,面交黃金白銀",2,806987,70+ 長者,1
UID-3fdfbfa0,2026-03-13 02:00:00,+886-903-882-028,"假投資,虛擬貨幣,高報酬",12,2686024,大專院校,1
UID-a8671e6c,2026-03-12 17:03:00,+886-903-883-045,"假投資,虛擬貨幣,高報酬",14,875008,大專院校,1
UID-f4c0fe5d,2026-03-13 01:35:00,+886-905-584-980,"交易糾紛,商品瑕疵",1,3000,大專院校,0
UID-763ef54c,2026-03-12 22:10:00,+886-905-762-169,"交易糾紛,商品瑕疵",2,0,大專院校,0
UID-abc121e7,2026-03-12 10:41:00,+886-905-313-384,"一般客訴,服務態度",2,3000,上班族,0
UID-f291cd2f,2026-03-12 17:04:00,+886-905-477-612,"正常投資諮詢,理財規劃",1,3000,學生,0
UID-315bf7e2,2026-03-12 11:04:00,+886-905-214-791,"債務不履行,退款延遲",2,0,50-69 中高齡,0
UID-46e3b059,2026-03-12 11:35:00,+886-901-395-018,"幽靈包裹,超商取貨",398,3484,大專院校,1
UID-be8e791e,2026-03-13 01:08:00,+886-903-884-081,"假投資,內線交易,VIP通道",13,4414376,上班族,1
UID-b97f8494,2026-03-13 05:17:00,+886-901-250-035,"網路購物詐騙,解除分期付款",172,5478,高中職以下,1
UID-83dba96d,2026-03-12 16:34:00,+886-905-674-710,"債務不履行,退款延遲",2,0,學生,0
UID-1d39c1cd,2026-03-12 13:50:00,+886-903-881-050,"假投資,保證獲利",12,4544104,碩博士,1
UID-e3f51f8f,2026-03-13 04:18:00,+886-905-922-825,"一般客訴,服務態度",1,15000,上班族,0
UID-806a57c7,2026-03-12 09:31:00,+886-905-247-674,"司法文書送達,正常公務",1,0,碩博士,0
UID-9015eada,2026-03-12 13:08:00,+886-905-247-727,"交易糾紛,商品瑕疵",1,0,大專院校,0
UID-bf030f9a,2026-03-13 08:43:00,+886-903-883-028,"假投資,虛擬貨幣,高報酬",18,495420,50-69 中高齡,1
UID-d2ab63fb,2026-03-12 09:34:00,+886-902-112-500,"假冒郵局,普發現金冒領",3,1542205,70+ 長者,1
UID-0a9bfd51,2026-03-12 21:46:00,+886-902-135-460,"假冒郵局,普發現金冒領",1,6392775,50-69 中高齡,1
UID-acd6cd3a,2026-03-12 15:46:00,+886-903-884-036,"假投資,內線交易,VIP通道",12,2807286,碩博士,1
UID-7bdd96f0,2026-03-12 20:56:00,+886-902-141-392,"假扣押財產,面交黃金白銀",2,4684367,70+ 長者,1
UID-ed18dd8c,2026-03-13 04:40:00,+886-903-882-011,"假投資,保證獲利",5,3509123,50-69 中高齡,1
UID-53fb7274,2026-03-13 05:27:00,+886-902-132-806,"假檢警,監管帳戶",1,4411501,50-69 中高齡,1
UID-1eb7fc77,2026-03-12 12:27:00,+886-901-487-020,"網路購物詐騙,假賣場",240,24457,上班族,1
UID-48d3c989,2026-03-12 09:08:00,+886-901-159-008,"網路購物詐騙,假賣場",276,33606,學生,1
UID-b5d9323f,2026-03-12 12:16:00,+886-903-884-001,"假投資,虛擬貨幣,高報酬",19,3432996,碩博士,1
UID-0e8a7f28,2026-03-12 23:01:00,+886-902-180-712,"假扣押財產,面交黃金白銀",1,1287539,50-69 中高齡,1
UID-430f7985,2026-03-12 09:03:00,+886-903-888-003,"假投資,保證獲利",14,4758700,上班族,1
UID-f51f45d7,2026-03-13 02:40:00,+886-902-200-602,"假員警,偵查不公開",1,6569070,70+ 長者,1
UID-25a05047,2026-03-13 08:44:00,+886-905-998-199,"正常投資諮詢,理財規劃",1,3000,高中職以下,0
UID-c988aa99,2026-03-13 06:30:00,+886-905-440-135,"正常投資諮詢,理財規劃",2,15000,高中職以下,0
UID-d1f449c7,2026-03-12 10:18:00,+886-902-127-177,"假扣押財產,面交黃金白銀",1,3822964,50-69 中高齡,1
UID-1f47a49e,2026-03-12 15:19:00,+886-902-138-407,"假員警,偵查不公開",3,6271961,70+ 長者,1
UID-e24e8d15,2026-03-13 06:57:00,+886-904-646-040,"Threads廣告,假兼職",28,38903,上班族,1
UID-34ab1d3e,2026-03-13 08:51:00,+886-902-180-677,"假檢警,監管帳戶",3,3607293,50-69 中高齡,1
UID-a1236e63,2026-03-12 16:42:00,+886-901-926-014,"網路購物詐騙,解除分期付款",249,15770,上班族,1
UID-e895ea99,2026-03-13 03:39:00,+886-902-132-953,"假檢警,監管帳戶",2,4308389,70+ 長者,1
UID-f98a28e5,2026-03-12 14:26:00,+886-903-882-021,"假投資,虛擬貨幣,高報酬",13,2578318,碩博士,1
UID-d786f695,2026-03-12 18:57:00,+886-903-886-056,"假投資,保證獲利",10,2711204,碩博士,1
UID-285224a8,2026-03-13 00:03:00,+886-904-162-038,"網路交友,AI濾鏡假冒",30,79470,學生,1
UID-46c05727,2026-03-12 16:47:00,+886-903-887-089,"假投資,虛擬貨幣,高報酬",17,3846661,50-69 中高齡,1
UID-ff0e78cc,2026-03-12 10:48:00,+886-904-224-004,"網路交友,AI濾鏡假冒",11,142334,碩博士,1
UID-fe56bfe5,2026-03-12 09:01:00,+886-999-999-999,"機器人測試,惡意灌水",8808,0,未知,0
UID-c289547a,2026-03-12 16:21:00,+886-901-631-042,"幽靈包裹,超商取貨",272,39104,學生,1
UID-3e7ad4f4,2026-03-13 05:41:00,+886-905-878-479,"債務不履行,退款延遲",1,15000,高中職以下,0
UID-6f32e3f1,2026-03-12 09:05:00,+886-999-999-999,"機器人測試,惡意灌水",8398,0,未知,0
UID-a47c1b68,2026-03-12 18:24:00,+886-903-883-070,"假投資,保證獲利",12,3021339,碩博士,1
UID-b7aaf7bb,2026-03-13 07:23:00,+886-905-681-699,"正常投資諮詢,理財規劃",2,3000,上班族,0
UID-e2d528c5,2026-03-13 02:25:00,+886-903-887-042,"假投資,保證獲利",18,2586367,碩博士,1
UID-5878be98,2026-03-12 13:18:00,+886-904-175-010,"網路交友,AI濾鏡假冒",26,149109,學生,1
UID-31c7ba41,2026-03-12 13:55:00,+886-905-539-990,"交易糾紛,商品瑕疵",1,0,碩博士,0
UID-620ce005,2026-03-12 20:00:00,+886-902-181-300,"假檢警,監管帳戶",1,5754616,70+ 長者,1
UID-a951cf87,2026-03-12 11:06:00,+886-903-881-076,"假投資,保證獲利",14,1694810,碩博士,1
UID-c66f6cd1,2026-03-13 07:01:00,+886-905-575-161,"正常投資諮詢,理財規劃",1,500,學生,0
UID-ddc4a8f4,2026-03-13 04:05:00,+886-905-400-415,"一般客訴,服務態度",2,500,高中職以下,0
UID-8d3a8697,2026-03-12 19:02:00,+886-903-888-028,"假投資,保證獲利",19,4447007,50-69 中高齡,1
UID-f9e5a63c,2026-03-12 19:41:00,+886-901-996-013,"網路購物詐騙,解除分期付款",417,32815,大專院校,1
UID-11dec528,2026-03-13 08:52:00,+886-905-908-709,"司法文書送達,正常公務",2,0,上班族,0
UID-14850fca,2026-03-12 23:29:00,+886-903-885-083,"假投資,資金盤",7,4879087,50-69 中高齡,1
UID-05577ac4,2026-03-13 03:13:00,+886-904-475-009,"網路交友,要求儲值,點數卡",10,59294,學生,1
UID-7a0e0829,2026-03-13 06:22:00,+886-903-887-024,"假投資,內線交易,VIP通道",15,2063961,50-69 中高齡,1
UID-2800c0d2,2026-03-13 04:39:00,+886-903-880-040,"假投資,虛擬貨幣,高報酬",19,161557,大專院校,1
UID-c0de21f0,2026-03-13 08:09:00,+886-902-134-834,"假檢警,監管帳戶",3,2682980,70+ 長者,1
UID-f0f32d62,2026-03-12 16:31:00,+886-905-979-797,"一般客訴,服務態度",2,0,碩博士,0
UID-dcfd58af,2026-03-13 06:18:00,+886-905-727-115,"司法文書送達,正常公務",2,500,高中職以下,0
UID-a43b9260,2026-03-13 01:28:00,+886-905-785-348,"司法文書送達,正常公務",2,0,70+ 長者,0
UID-92b6e885,2026-03-13 07:47:00,+886-902-109-769,"假冒郵局,普發現金冒領",3,4009247,70+ 長者,1
UID-a5d57b09,2026-03-12 21:14:00,+886-901-645-005,"幽靈包裹,超商取貨",604,25009,學生,1
UID-b11aad73,2026-03-13 04:48:00,+886-905-497-747,"債務不履行,退款延遲",2,0,碩博士,0
UID-39a1e80b,2026-03-12 09:03:00,+886-999-999-999,"機器人測試,惡意灌水",12254,0,未知,0
UID-6cea0bb8,2026-03-13 08:27:00,+886-903-882-066,"假投資,資金盤",11,3494658,上班族,1
UID-bace883b,2026-03-12 20:41:00,+886-905-439-223,"交易糾紛,商品瑕疵",2,3000,大專院校,0
UID-f36c8d27,2026-03-12 23:48:00,+886-905-890-606,"債務不履行,退款延遲",2,3000,大專院校,0
UID-8aab985b,2026-03-12 11:20:00,+886-904-286-038,"網路交友,AI濾鏡假冒",20,21031,大專院校,1
UID-fb2595de,2026-03-12 19:22:00,+886-902-115-425,"假員警,偵查不公開",2,1798488,碩博士,1
UID-e9d20ffd,2026-03-12 18:19:00,+886-902-185-570,"假檢警,監管帳戶",1,6387099,70+ 長者,1
UID-809a93fe,2026-03-12 20:46:00,+886-902-162-306,"假冒郵局,普發現金冒領",1,645550,70+ 長者,1
UID-bea18ad9,2026-03-13 06:57:00,+886-904-551-050,"網路交友,要求儲值,點數卡",17,47145,學生,1
UID-72b0beaa,2026-03-12 15:54:00,+886-902-175-708,"假冒郵局,普發現金冒領",1,6434219,70+ 長者,1
UID-a3775c19,2026-03-12 09:25:00,+886-903-884-099,"假投資,保證獲利",10,426157,上班族,1
UID-65144539,2026-03-13 06:50:00,+886-904-297-040,"網路交友,要求儲值,點數卡",7,11057,大專院校,1
UID-daa74bb4,2026-03-12 20:21:00,+886-905-226-936,"一般客訴,服務態度",1,3000,碩博士,0
UID-5b699aa9,2026-03-13 04:19:00,+886-905-646-738,"一般客訴,服務態度",1,0,50-69 中高齡,0
UID-088ab4d2,2026-03-12 11:21:00,+886-905-231-450,"一般客訴,服務態度",2,3000,70+ 長者,0
UID-9aa24b47,2026-03-12 16:10:00,+886-901-129-021,"網路購物詐騙,假賣場",192,8417,學生,1
UID-f6df5846,2026-03-12 15:55:00,+886-902-164-426,"假員警,偵查不公開",1,5006429,50-69 中高齡,1
UID-ac2535cf,2026-03-12 23:41:00,+886-903-888-066,"假投資,保證獲利",10,2886021,碩博士,1
UID-5bdc673e,2026-03-12 23:04:00,+886-903-887-082,"假投資,內線交易,VIP通道",10,931899,50-69 中高齡,1
UID-501ed635,2026-03-12 13:37:00,+886-905-350-256,"正常投資諮詢,理財規劃",2,15000,大專院校,0
UID-9707e260,2026-03-12 18:53:00,+886-901-911-041,"網路購物詐騙,解除分期付款",169,9072,上班族,1
UID-d304e0d4,2026-03-13 04:57:00,+886-903-886-089,"假投資,保證獲利",10,2629100,50-69 中高齡,1
UID-a469e159,2026-03-13 07:51:00,+886-902-158-351,"假冒郵局,普發現金冒領",1,883912,碩博士,1
UID-06596ff2,2026-03-12 23:08:00,+886-902-121-782,"假扣押財產,面交黃金白銀",2,6397113,50-69 中高齡,1
UID-fdf6b15c,2026-03-13 08:33:00,+886-901-651-045,"網路購物詐騙,ATM操作",191,36790,上班族,1
UID-48be5987,2026-03-12 21:32:00,+886-902-154-501,"假檢警,監管帳戶",2,2922819,70+ 長者,1
UID-959ac60a,2026-03-13 02:47:00,+886-903-887-096,"假投資,保證獲利",20,2059038,大專院校,1
UID-42e2934f,2026-03-12 19:55:00,+886-905-132-251,"正常投資諮詢,理財規劃",1,3000,碩博士,0
UID-d3882ee1,2026-03-13 06:58:00,+886-905-521-853,"債務不履行,退款延遲",2,15000,學生,0
UID-74203ee8,2026-03-12 19:03:00,+886-905-235-615,"交易糾紛,商品瑕疵",1,500,碩博士,0
UID-36d3105e,2026-03-12 18:37:00,+886-904-184-046,"網路交友,要求儲值,點數卡",28,126380,碩博士,1
UID-205f8161,2026-03-13 04:36:00,+886-904-161-017,"網路交友,AI濾鏡假冒",24,41325,上班族,1
UID-149ae7d6,2026-03-12 22:17:00,+886-905-206-976,"交易糾紛,商品瑕疵",2,0,高中職以下,0
UID-78bdfdcb,2026-03-12 17:20:00,+886-905-719-535,"一般客訴,服務態度",2,0,碩博士,0
UID-1e60367e,2026-03-12 17:17:00,+886-903-886-048,"假投資,保證獲利",17,1481671,碩博士,1
UID-db3821a4,2026-03-13 08:25:00,+886-904-425-003,"網路交友,要求儲值,點數卡",28,44051,大專院校,1
UID-724cdfc0,2026-03-12 09:40:00,+886-902-196-696,"假冒郵局,普發現金冒領",1,3671294,碩博士,1
UID-b65b871c,2026-03-12 13:31:00,+886-904-595-057,"殺豬盤,平台無法出金",9,11973,碩博士,1
UID-2bfe2abd,2026-03-12 19:48:00,+886-905-678-354,"正常投資諮詢,理財規劃",1,500,高中職以下,0
UID-73dd9651,2026-03-12 19:42:00,+886-904-176-081,"網路交友,要求儲值,點數卡",3,63585,碩博士,1
UID-4b43c10c,2026-03-12 22:04:00,+886-902-117-530,"假員警,偵查不公開",3,5300568,70+ 長者,1
UID-d478dd20,2026-03-13 06:48:00,+886-902-189-973,"假檢警,監管帳戶",2,4003327,碩博士,1
UID-f35271f4,2026-03-12 14:17:00,+886-904-735-023,"網路交友,要求儲值,點數卡",5,69592,學生,1
UID-cbe0fd75,2026-03-13 01:20:00,+886-905-204-192,"債務不履行,退款延遲",1,500,學生,0
UID-5eb9b342,2026-03-13 08:15:00,+886-902-151-461,"假冒郵局,普發現金冒領",1,1877715,70+ 長者,1
UID-09fede34,2026-03-12 18:25:00,+886-904-285-027,"殺豬盤,平台無法出金",7,147675,學生,1
UID-8c39d233,2026-03-13 00:41:00,+886-901-916-043,"幽靈包裹,超商取貨",202,15800,高中職以下,1
UID-ee7f9ced,2026-03-12 12:36:00,+886-904-792-062,"網路交友,要求儲值,點數卡",21,88192,學生,1
UID-23f49985,2026-03-13 08:32:00,+886-904-425-037,"Threads廣告,假兼職",16,72581,碩博士,1
UID-4183841e,2026-03-12 11:34:00,+886-901-559-004,"網路購物詐騙,解除分期付款",170,29053,學生,1
UID-dd7b4710,2026-03-13 01:20:00,+886-904-435-084,"殺豬盤,平台無法出金",11,122716,碩博士,1
UID-3a31879b,2026-03-13 04:38:00,+886-904-455-026,"網路交友,AI濾鏡假冒",11,35444,學生,1
UID-ae4a4b84,2026-03-12 21:18:00,+886-903-883-011,"假投資,資金盤",6,1348603,上班族,1
UID-635d794e,2026-03-12 12:47:00,+886-903-886-036,"假投資,保證獲利",17,2874382,碩博士,1
UID-b20a1333,2026-03-13 06:32:00,+886-905-309-925,"交易糾紛,商品瑕疵",1,0,70+ 長者,0
UID-b4c3f1c4,2026-03-12 20:50:00,+886-901-934-013,"幽靈包裹,超商取貨",176,16441,學生,1
UID-ba06a3cd,2026-03-12 12:49:00,+886-905-242-848,"一般客訴,服務態度",1,0,上班族,0
UID-6f9aa5c6,2026-03-12 22:49:00,+886-905-666-790,"司法文書送達,正常公務",2,15000,上班族,0
UID-1f825586,2026-03-12 19:59:00,+886-905-734-672,"一般客訴,服務態度",2,3000,大專院校,0
UID-efce4fc2,2026-03-13 02:30:00,+886-905-555-567,"一般客訴,服務態度",2,15000,50-69 中高齡,0
UID-77006e85,2026-03-13 04:05:00,+886-901-669-030,"幽靈包裹,超商取貨",185,1133,大專院校,1
UID-550ca815,2026-03-12 17:52:00,+886-903-882-029,"假投資,內線交易,VIP通道",10,2297397,碩博士,1
UID-5dc08475,2026-03-12 22:19:00,+886-905-503-645,"一般客訴,服務態度",1,15000,高中職以下,0
UID-7aa861d8,2026-03-12 22:08:00,+886-904-343-042,"網路交友,AI濾鏡假冒",18,8153,上班族,1
UID-46f87782,2026-03-12 13:15:00,+886-902-189-970,"假員警,偵查不公開",3,4736046,70+ 長者,1
UID-c3b31715,2026-03-12 20:38:00,+886-905-713-499,"正常投資諮詢,理財規劃",1,15000,學生,0
UID-39844927,2026-03-13 03:11:00,+886-903-885-082,"假投資,資金盤",19,4133680,上班族,1
UID-f8011da4,2026-03-12 15:15:00,+886-905-849-155,"司法文書送達,正常公務",1,0,70+ 長者,0
UID-498572e1,2026-03-13 05:46:00,+886-902-144-571,"假扣押財產,面交黃金白銀",3,1967431,碩博士,1
UID-b4e59030,2026-03-12 17:14:00,+886-903-886-085,"假投資,資金盤",6,2691271,碩博士,1
UID-9d27947f,2026-03-12 16:08:00,+886-901-900-031,"幽靈包裹,超商取貨",267,24422,上班族,1
UID-c62dd01a,2026-03-12 16:45:00,+886-905-798-715,"交易糾紛,商品瑕疵",1,0,碩博士,0
UID-13c2ccaa,2026-03-12 10:54:00,+886-902-122-300,"假員警,偵查不公開",2,4742606,70+ 長者,1
UID-61eff907,2026-03-12 10:49:00,+886-901-548-041,"幽靈包裹,超商取貨",157,25337,學生,1
UID-0c9dd1b4,2026-03-12 14:29:00,+886-903-889-044,"假投資,虛擬貨幣,高報酬",7,4132347,碩博士,1
UID-eb09711b,2026-03-12 11:50:00,+886-903-889-022,"假投資,資金盤",6,3411223,50-69 中高齡,1
UID-6e1d5d9f,2026-03-12 11:25:00,+886-901-127-009,"網路購物詐騙,ATM操作",248,36610,學生,1
UID-4387470b,2026-03-12 13:53:00,+886-903-886-041,"假投資,保證獲利",15,1346427,大專院校,1
UID-28a381f8,2026-03-13 01:10:00,+886-902-183-732,"假扣押財產,面交黃金白銀",1,6512411,50-69 中高齡,1
UID-88e29e2c,2026-03-12 12:38:00,+886-905-624-776,"司法文書送達,正常公務",1,500,上班族,0
UID-7c43058a,2026-03-12 19:38:00,+886-905-673-142,"正常投資諮詢,理財規劃",1,0,上班族,0
UID-b9c5b3ae,2026-03-13 05:16:00,+886-904-751-088,"網路交友,AI濾鏡假冒",16,5865,碩博士,1
UID-5cd362ec,2026-03-12 23:05:00,+886-902-161-416,"假冒郵局,普發現金冒領",3,4649838,50-69 中高齡,1
UID-ba60f543,2026-03-13 05:35:00,+886-903-884-042,"假投資,資金盤",12,542022,碩博士,1
UID-460cf2bd,2026-03-12 19:49:00,+886-905-774-306,"交易糾紛,商品瑕疵",2,3000,大專院校,0
UID-a59adb35,2026-03-12 12:57:00,+886-905-891-225,"交易糾紛,商品瑕疵",2,15000,學生,0
UID-3fc95877,2026-03-12 19:36:00,+886-903-887-067,"假投資,內線交易,VIP通道",8,1178936,碩博士,1
UID-19c5da9a,2026-03-12 16:43:00,+886-905-631-530,"正常投資諮詢,理財規劃",2,15000,碩博士,0
UID-a103d350,2026-03-13 08:55:00,+886-902-117-750,"假檢警,監管帳戶",3,2232675,50-69 中高齡,1
UID-ab56e884,2026-03-12 14:57:00,+886-905-902-473,"司法文書送達,正常公務",2,3000,學生,0
UID-ae4d7bdd,2026-03-13 03:38:00,+886-905-790-269,"債務不履行,退款延遲",2,500,學生,0
UID-9609a4eb,2026-03-13 02:28:00,+886-902-121-661,"假員警,偵查不公開",2,7190309,50-69 中高齡,1
UID-f6e37327,2026-03-12 19:59:00,+886-902-171-271,"假員警,偵查不公開",2,2499970,70+ 長者,1
UID-275a79cd,2026-03-13 00:03:00,+886-905-641-505,"司法文書送達,正常公務",2,0,50-69 中高齡,0
UID-1aac61c8,2026-03-13 05:12:00,+886-901-987-020,"幽靈包裹,超商取貨",679,38992,上班族,1
UID-26540d6d,2026-03-13 04:29:00,+886-905-783-861,"一般客訴,服務態度",2,0,碩博士,0
UID-4bddfd8e,2026-03-12 17:10:00,+886-903-883-048,"假投資,內線交易,VIP通道",15,4224458,碩博士,1
UID-2ee3d72f,2026-03-13 00:35:00,+886-904-285-028,"殺豬盤,平台無法出金",27,59655,碩博士,1
UID-d0602ab7,2026-03-12 20:38:00,+886-905-575-869,"交易糾紛,商品瑕疵",1,15000,上班族,0
UID-cd0cbbd9,2026-03-13 03:55:00,+886-901-985-027,"網路購物詐騙,解除分期付款",259,23033,上班族,1
UID-a883ff53,2026-03-12 20:04:00,+886-903-889-015,"假投資,虛擬貨幣,高報酬",7,2343133,50-69 中高齡,1
UID-bd54bf87,2026-03-13 00:26:00,+886-904-774-087,"網路交友,要求儲值,點數卡",5,26612,大專院校,1
UID-a0442fac,2026-03-13 05:59:00,+886-904-222-082,"Threads廣告,假兼職",19,41217,大專院校,1
UID-699d8c41,2026-03-12 17:25:00,+886-905-112-822,"交易糾紛,商品瑕疵",2,3000,大專院校,0
UID-fe129bec,2026-03-13 01:22:00,+886-904-249-088,"殺豬盤,平台無法出金",30,134840,學生,1
UID-2a503960,2026-03-13 03:00:00,+886-903-880-098,"假投資,內線交易,VIP通道",14,3081353,上班族,1
UID-c878e3b5,2026-03-13 06:50:00,+886-901-439-048,"幽靈包裹,超商取貨",585,21610,學生,1
UID-3c7d0c10,2026-03-12 20:01:00,+886-904-427-040,"網路交友,AI濾鏡假冒",12,8568,大專院校,1
UID-ede3a900,2026-03-13 02:18:00,+886-901-926-040,"網路購物詐騙,ATM操作",485,7019,上班族,1
UID-6fbfc1b8,2026-03-12 12:45:00,+886-903-882-069,"假投資,內線交易,VIP通道",5,1934862,上班族,1
UID-98aaf5af,2026-03-12 19:08:00,+886-904-545-031,"殺豬盤,平台無法出金",15,61062,碩博士,1
UID-3abcb7c7,2026-03-12 15:24:00,+886-904-614-016,"殺豬盤,平台無法出金",27,39686,學生,1
UID-dc5ae764,2026-03-12 12:19:00,+886-905-591-989,"正常投資諮詢,理財規劃",1,500,學生,0
UID-3d5e6cf3,2026-03-12 10:16:00,+886-905-715-172,"司法文書送達,正常公務",1,0,50-69 中高齡,0
UID-684e49e4,2026-03-12 11:49:00,+886-903-883-011,"假投資,內線交易,VIP通道",17,572959,碩博士,1
UID-3acaab96,2026-03-12 18:37:00,+886-901-357-010,"網路購物詐騙,假賣場",179,23571,上班族,1
UID-662ba361,2026-03-13 07:45:00,+886-905-921-871,"債務不履行,退款延遲",2,3000,高中職以下,0
UID-b3546bc0,2026-03-13 01:52:00,+886-905-392-647,"司法文書送達,正常公務",2,15000,大專院校,0
UID-e70054c6,2026-03-13 06:49:00,+886-905-137-109,"交易糾紛,商品瑕疵",1,3000,大專院校,0
UID-2b170a14,2026-03-12 22:13:00,+886-903-884-012,"假投資,資金盤",11,4247498,碩博士,1
UID-5ced98b9,2026-03-12 14:01:00,+886-901-795-003,"網路購物詐騙,假賣場",161,29860,大專院校,1
UID-5421c1c3,2026-03-12 21:35:00,+886-902-123-162,"假員警,偵查不公開",1,3697711,碩博士,1
UID-a320d854,2026-03-12 10:46:00,+886-901-396-025,"網路購物詐騙,ATM操作",177,3840,高中職以下,1
UID-cd87c61b,2026-03-12 19:53:00,+886-901-416-004,"幽靈包裹,超商取貨",303,30437,上班族,1
UID-b624d4a1,2026-03-12 21:59:00,+886-903-882-069,"假投資,保證獲利",20,1116380,上班族,1
UID-dba2ab42,2026-03-12 17:08:00,+886-904-475-080,"殺豬盤,平台無法出金",12,2542,學生,1
UID-9b2f5d44,2026-03-12 19:25:00,+886-904-808-038,"網路交友,AI濾鏡假冒",9,86513,上班族,1
UID-ab041a79,2026-03-12 20:45:00,+886-902-114-425,"假扣押財產,面交黃金白銀",3,2010575,50-69 中高齡,1
UID-22affab9,2026-03-12 12:49:00,+886-903-888-086,"假投資,內線交易,VIP通道",16,2831924,碩博士,1
UID-78693a11,2026-03-12 17:43:00,+886-901-808-041,"網路購物詐騙,假賣場",154,43042,學生,1
UID-6265426b,2026-03-13 05:53:00,+886-904-483-084,"殺豬盤,平台無法出金",20,130218,上班族,1
UID-5023bccc,2026-03-12 13:17:00,+886-905-758-813,"一般客訴,服務態度",1,500,碩博士,0
UID-81173418,2026-03-12 15:15:00,+886-903-885-082,"假投資,保證獲利",6,1053846,上班族,1
UID-74bb294d,2026-03-12 14:07:00,+886-905-311-767,"債務不履行,退款延遲",1,15000,70+ 長者,0
UID-c9b0c26d,2026-03-12 11:56:00,+886-901-762-024,"網路購物詐騙,ATM操作",296,41765,上班族,1
UID-7dffb3e0,2026-03-13 07:56:00,+886-901-843-023,"網路購物詐騙,ATM操作",443,6136,學生,1
UID-65c22407,2026-03-12 22:57:00,+886-902-118-201,"假員警,偵查不公開",1,3266671,70+ 長者,1
UID-472f5035,2026-03-13 05:53:00,+886-903-880-061,"假投資,虛擬貨幣,高報酬",13,3141977,50-69 中高齡,1
UID-39ee4645,2026-03-12 14:39:00,+886-902-172-527,"假扣押財產,面交黃金白銀",3,6785050,50-69 中高齡,1
UID-88fb3a63,2026-03-12 21:28:00,+886-904-490-057,"網路交友,要求儲值,點數卡",16,15971,大專院校,1
UID-6c386de8,2026-03-13 03:11:00,+886-905-493-293,"一般客訴,服務態度",2,500,上班族,0
UID-8fcba90d,2026-03-12 18:05:00,+886-904-978-085,"網路交友,要求儲值,點數卡",20,72039,碩博士,1
UID-85f17adc,2026-03-12 20:17:00,+886-901-221-039,"網路購物詐騙,假賣場",164,17668,高中職以下,1
UID-d1e268ee,2026-03-13 08:28:00,+886-901-373-012,"幽靈包裹,超商取貨",228,16674,高中職以下,1
UID-b8cc86e2,2026-03-12 19:00:00,+886-905-743-821,"債務不履行,退款延遲",1,3000,50-69 中高齡,0
UID-1876a746,2026-03-12 20:02:00,+886-902-163-488,"假扣押財產,面交黃金白銀",1,2988364,70+ 長者,1
UID-f5921fbf,2026-03-12 20:32:00,+886-903-881-079,"假投資,資金盤",12,4149765,碩博士,1
UID-24785c0e,2026-03-13 01:11:00,+886-905-653-275,"司法文書送達,正常公務",2,15000,50-69 中高齡,0
UID-a62e7946,2026-03-12 16:25:00,+886-905-148-910,"司法文書送達,正常公務",1,500,碩博士,0
UID-c741f5a6,2026-03-13 06:29:00,+886-903-889-059,"假投資,保證獲利",11,417331,50-69 中高齡,1
UID-cbc67631,2026-03-12 17:15:00,+886-905-566-797,"司法文書送達,正常公務",1,3000,50-69 中高齡,0
UID-1bb8a44b,2026-03-12 11:40:00,+886-903-883-002,"假投資,保證獲利",8,1461971,碩博士,1
UID-13713cd9,2026-03-12 19:29:00,+886-902-192-749,"假員警,偵查不公開",3,1180581,70+ 長者,1
UID-baa33a0a,2026-03-13 06:38:00,+886-905-938-856,"一般客訴,服務態度",1,0,70+ 長者,0
UID-c5cdb321,2026-03-12 09:55:00,+886-904-823-095,"網路交友,AI濾鏡假冒",19,137730,大專院校,1
UID-77899dd1,2026-03-12 10:04:00,+886-904-844-071,"網路交友,AI濾鏡假冒",27,820,學生,1
UID-d679c24f,2026-03-13 07:58:00,+886-902-175-819,"假冒郵局,普發現金冒領",2,5484661,70+ 長者,1
UID-7f549795,2026-03-13 07:49:00,+886-901-970-046,"網路購物詐騙,假賣場",592,12007,大專院校,1
UID-4306eabc,2026-03-12 20:16:00,+886-903-886-029,"假投資,虛擬貨幣,高報酬",5,887951,上班族,1
UID-6bb7a7bf,2026-03-13 07:08:00,+886-903-882-053,"假投資,保證獲利",14,1039768,碩博士,1
UID-3dcfb1fa,2026-03-12 17:28:00,+886-902-118-721,"假員警,偵查不公開",1,2724241,70+ 長者,1
UID-67e343fc,2026-03-12 15:21:00,+886-905-805-932,"司法文書送達,正常公務",1,500,碩博士,0
UID-7cf5cf8e,2026-03-13 02:37:00,+886-905-846-334,"債務不履行,退款延遲",2,0,大專院校,0
UID-f40c3e0c,2026-03-12 09:10:00,+886-901-442-027,"網路購物詐騙,ATM操作",465,40195,高中職以下,1
UID-4baef6e1,2026-03-12 11:19:00,+886-902-200-545,"假扣押財產,面交黃金白銀",2,6199593,70+ 長者,1
UID-7cd1616b,2026-03-12 11:06:00,+886-903-881-078,"假投資,內線交易,VIP通道",14,4977233,上班族,1
UID-da5efb9a,2026-03-12 22:02:00,+886-905-741-814,"一般客訴,服務態度",2,0,學生,0
UID-aa4ac08b,2026-03-12 16:51:00,+886-904-991-072,"Threads廣告,假兼職",15,37794,學生,1
UID-0315fd3e,2026-03-12 11:30:00,+886-904-718-031,"Threads廣告,假兼職",16,1639,學生,1
UID-632938f1,2026-03-12 10:19:00,+886-902-142-688,"假扣押財產,面交黃金白銀",3,6207980,70+ 長者,1
UID-24394061,2026-03-12 16:58:00,+886-903-880-051,"假投資,內線交易,VIP通道",5,2655551,碩博士,1
UID-497fddf0,2026-03-12 23:03:00,+886-905-440-426,"一般客訴,服務態度",1,15000,高中職以下,0
UID-39476cd2,2026-03-12 17:31:00,+886-904-858-013,"殺豬盤,平台無法出金",27,24592,學生,1
UID-ec5a86b3,2026-03-12 18:48:00,+886-903-886-078,"假投資,保證獲利",19,3877277,大專院校,1
UID-a58e9b1b,2026-03-12 09:18:00,+886-904-334-007,"殺豬盤,平台無法出金",9,18798,學生,1
UID-2b2e9caf,2026-03-12 14:56:00,+886-901-661-011,"網路購物詐騙,假賣場",167,35332,高中職以下,1
UID-dda71062,2026-03-12 09:21:00,+886-902-112-584,"假扣押財產,面交黃金白銀",1,2726690,70+ 長者,1
UID-f66c816f,2026-03-12 11:58:00,+886-904-824-097,"Threads廣告,假兼職",14,69115,學生,1
UID-f17fd071,2026-03-12 11:42:00,+886-905-483-711,"一般客訴,服務態度",2,15000,學生,0
UID-3a5e5565,2026-03-12 12:54:00,+886-903-885-029,"假投資,內線交易,VIP通道",19,3133588,碩博士,1
UID-2583327b,2026-03-12 11:02:00,+886-902-169-950,"假檢警,監管帳戶",2,1990187,50-69 中高齡,1
UID-ad050a61,2026-03-13 06:34:00,+886-905-231-684,"交易糾紛,商品瑕疵",1,500,碩博士,0
UID-d844c01c,2026-03-13 07:43:00,+886-901-368-031,"幽靈包裹,超商取貨",226,12063,上班族,1
UID-8d8be56a,2026-03-12 09:57:00,+886-901-950-019,"網路購物詐騙,ATM操作",188,28425,高中職以下,1
UID-6dcf9c3f,2026-03-13 01:05:00,+886-905-119-199,"債務不履行,退款延遲",2,0,碩博士,0
UID-427ed878,2026-03-12 23:34:00,+886-903-880-086,"假投資,虛擬貨幣,高報酬",11,4096397,碩博士,1
UID-cf1e05b3,2026-03-13 08:37:00,+886-902-112-284,"假檢警,監管帳戶",1,526124,50-69 中高齡,1
UID-69aad4d7,2026-03-13 06:12:00,+886-901-116-026,"網路購物詐騙,ATM操作",215,15920,高中職以下,1
UID-0f914f72,2026-03-12 20:43:00,+886-902-130-112,"假扣押財產,面交黃金白銀",2,1978757,50-69 中高齡,1
UID-831d9424,2026-03-12 10:52:00,+886-901-286-046,"幽靈包裹,超商取貨",164,18245,學生,1
UID-8b6742ca,2026-03-13 03:00:00,+886-903-884-080,"假投資,資金盤",9,829254,上班族,1
UID-6594220e,2026-03-12 19:03:00,+886-902-145-485,"假冒郵局,普發現金冒領",1,3556919,碩博士,1
UID-671a8de5,2026-03-12 21:43:00,+886-905-520-585,"司法文書送達,正常公務",1,3000,大專院校,0
UID-d2cb46d5,2026-03-12 09:33:00,+886-903-883-088,"假投資,資金盤",6,2530473,碩博士,1
UID-beb56bbe,2026-03-12 12:08:00,+886-905-555-439,"交易糾紛,商品瑕疵",1,15000,碩博士,0
UID-45d30446,2026-03-13 03:02:00,+886-905-638-512,"債務不履行,退款延遲",2,0,50-69 中高齡,0
UID-d3afa9ce,2026-03-12 19:42:00,+886-904-720-059,"Threads廣告,假兼職",6,66635,上班族,1
UID-d7cf757f,2026-03-13 03:22:00,+886-901-807-009,"幽靈包裹,超商取貨",166,44867,高中職以下,1
UID-9c6034b5,2026-03-12 14:00:00,+886-905-987-540,"司法文書送達,正常公務",2,0,高中職以下,0
UID-1746c614,2026-03-12 14:32:00,+886-905-445-567,"債務不履行,退款延遲",2,500,學生,0
UID-a4589510,2026-03-12 10:43:00,+886-901-808-003,"網路購物詐騙,假賣場",394,38662,大專院校,1
UID-a051db6d,2026-03-13 03:17:00,+886-903-889-024,"假投資,虛擬貨幣,高報酬",18,2857292,上班族,1
UID-834eeb1d,2026-03-12 10:38:00,+886-903-888-008,"假投資,內線交易,VIP通道",14,4147031,上班族,1
UID-39db939d,2026-03-13 08:57:00,+886-903-882-033,"假投資,虛擬貨幣,高報酬",12,4669361,碩博士,1
UID-e4fd2d38,2026-03-12 13:42:00,+886-903-880-067,"假投資,保證獲利",8,2251979,上班族,1
UID-e41edbc7,2026-03-12 15:31:00,+886-902-119-310,"假冒郵局,普發現金冒領",1,6999233,50-69 中高齡,1
UID-300a815d,2026-03-12 17:10:00,+886-903-885-036,"假投資,資金盤",17,620124,50-69 中高齡,1
UID-d0321d22,2026-03-13 00:47:00,+886-902-103-557,"假檢警,監管帳戶",3,1777582,70+ 長者,1
UID-ed044c14,2026-03-12 20:25:00,+886-901-268-037,"網路購物詐騙,假賣場",157,34726,大專院校,1
UID-0f7043bf,2026-03-12 19:02:00,+886-905-486-788,"司法文書送達,正常公務",1,15000,大專院校,0
UID-542920d1,2026-03-12 20:29:00,+886-903-881-046,"假投資,保證獲利",19,2596268,上班族,1
UID-908b2f57,2026-03-12 21:49:00,+886-905-623-970,"債務不履行,退款延遲",2,0,50-69 中高齡,0
UID-257f073c,2026-03-13 05:20:00,+886-903-880-078,"假投資,保證獲利",11,4654286,上班族,1
UID-1f9988a9,2026-03-13 05:20:00,+886-901-202-026,"網路購物詐騙,假賣場",650,29608,上班族,1
UID-cb8236de,2026-03-13 08:02:00,+886-904-794-060,"網路交友,AI濾鏡假冒",8,22603,碩博士,1
UID-6043e74f,2026-03-12 19:16:00,+886-905-343-867,"司法文書送達,正常公務",1,0,大專院校,0
UID-3fc9c7a7,2026-03-13 07:39:00,+886-903-885-079,"假投資,資金盤",12,553727,大專院校,1
UID-0924c9c6,2026-03-12 11:11:00,+886-903-888-009,"假投資,內線交易,VIP通道",13,4762027,碩博士,1
UID-13532eee,2026-03-12 23:23:00,+886-902-177-180,"假冒郵局,普發現金冒領",3,6322649,70+ 長者,1
UID-3b5036eb,2026-03-12 18:12:00,+886-902-156-280,"假檢警,監管帳戶",2,3026792,70+ 長者,1
UID-033028c1,2026-03-12 11:00:00,+886-903-884-087,"假投資,內線交易,VIP通道",6,4865005,上班族,1
UID-6defdc1f,2026-03-12 16:24:00,+886-901-375-005,"網路購物詐騙,假賣場",242,4332,上班族,1
UID-d1393a73,2026-03-13 07:18:00,+886-903-886-062,"假投資,保證獲利",19,546174,50-69 中高齡,1
UID-63f23ce9,2026-03-13 00:29:00,+886-905-853-519,"司法文書送達,正常公務",2,0,70+ 長者,0
UID-d6c29ece,2026-03-13 04:50:00,+886-901-597-048,"網路購物詐騙,假賣場",287,13616,上班族,1
UID-2b35c108,2026-03-12 19:08:00,+886-904-906-069,"殺豬盤,平台無法出金",6,75230,學生,1
UID-7205c46b,2026-03-12 11:36:00,+886-905-373-519,"債務不履行,退款延遲",2,15000,碩博士,0
UID-3ec784a0,2026-03-12 18:30:00,+886-901-617-012,"網路購物詐騙,ATM操作",182,28998,大專院校,1
UID-cd460ddb,2026-03-12 11:59:00,+886-903-888-053,"假投資,保證獲利",7,166359,50-69 中高齡,1
UID-d42ab9c1,2026-03-12 18:11:00,+886-902-162-421,"假員警,偵查不公開",2,4697205,70+ 長者,1
UID-838e8668,2026-03-13 03:08:00,+886-905-485-261,"司法文書送達,正常公務",2,500,70+ 長者,0
UID-6b7031c4,2026-03-12 10:00:00,+886-905-677-322,"一般客訴,服務態度",2,500,高中職以下,0
UID-15868253,2026-03-12 19:46:00,+886-901-209-039,"幽靈包裹,超商取貨",150,7158,大專院校,1
UID-14a0abf2,2026-03-13 07:19:00,+886-901-380-012,"網路購物詐騙,假賣場",310,18960,大專院校,1
UID-90103d9b,2026-03-12 20:26:00,+886-902-151-403,"假員警,偵查不公開",2,5811077,碩博士,1
UID-d185c55d,2026-03-12 15:31:00,+886-903-885-092,"假投資,內線交易,VIP通道",15,2902999,碩博士,1
UID-7ad80441,2026-03-12 23:41:00,+886-901-488-028,"網路購物詐騙,ATM操作",260,34978,高中職以下,1
UID-3b1fefae,2026-03-12 16:15:00,+886-903-882-015,"假投資,保證獲利",15,2314287,碩博士,1
UID-41ade408,2026-03-12 18:13:00,+886-901-973-043,"幽靈包裹,超商取貨",230,3646,高中職以下,1
UID-bb5976c2,2026-03-13 07:03:00,+886-905-824-999,"交易糾紛,商品瑕疵",2,3000,高中職以下,0
UID-42e297c4,2026-03-12 14:36:00,+886-904-190-076,"Threads廣告,假兼職",18,42464,上班族,1
UID-63db8bf6,2026-03-13 03:03:00,+886-901-308-031,"網路購物詐騙,ATM操作",234,20860,上班族,1
UID-e9dbb3ae,2026-03-12 15:04:00,+886-902-179-637,"假員警,偵查不公開",3,987073,70+ 長者,1
UID-c50a2feb,2026-03-12 20:12:00,+886-903-885-034,"假投資,內線交易,VIP通道",15,4323649,碩博士,1
UID-866b4a20,2026-03-13 05:34:00,+886-901-545-004,"網路購物詐騙,ATM操作",219,20795,大專院校,1
UID-e847046f,2026-03-12 16:57:00,+886-904-854-058,"Threads廣告,假兼職",12,41489,學生,1
UID-1ae004c0,2026-03-12 13:52:00,+886-903-884-052,"假投資,保證獲利",20,3135737,碩博士,1
UID-a0d65114,2026-03-12 18:14:00,+886-903-889-054,"假投資,內線交易,VIP通道",12,4793401,50-69 中高齡,1
UID-23386a2e,2026-03-12 17:17:00,+886-903-880-036,"假投資,虛擬貨幣,高報酬",5,1302073,碩博士,1
UID-67dbc895,2026-03-13 06:06:00,+886-905-491-352,"一般客訴,服務態度",2,3000,高中職以下,0
UID-84f71bab,2026-03-12 09:10:00,+886-905-986-206,"債務不履行,退款延遲",1,3000,高中職以下,0
UID-4782eb09,2026-03-12 19:39:00,+886-904-990-029,"網路交友,AI濾鏡假冒",11,14838,碩博士,1
UID-bcbb034f,2026-03-12 17:05:00,+886-901-776-045,"網路購物詐騙,解除分期付款",203,11530,上班族,1
UID-98fff5fd,2026-03-13 04:49:00,+886-902-110-866,"假員警,偵查不公開",1,7289112,70+ 長者,1
UID-704323e4,2026-03-12 10:28:00,+886-901-823-027,"網路購物詐騙,假賣場",166,33823,上班族,1
UID-3aade70c,2026-03-12 13:26:00,+886-901-161-002,"幽靈包裹,超商取貨",201,20803,大專院校,1
UID-49b5a3f7,2026-03-12 16:59:00,+886-903-881-046,"假投資,資金盤",20,4499621,大專院校,1
UID-2fadae24,2026-03-12 11:51:00,+886-903-882-057,"假投資,資金盤",20,3315471,50-69 中高齡,1
UID-47596e30,2026-03-12 13:14:00,+886-902-162-191,"假冒郵局,普發現金冒領",3,5093392,碩博士,1
UID-d2f8df16,2026-03-13 06:51:00,+886-902-150-451,"假冒郵局,普發現金冒領",2,635889,50-69 中高齡,1
UID-67b32f69,2026-03-13 06:26:00,+886-905-723-749,"一般客訴,服務態度",2,0,70+ 長者,0
UID-2b2b0150,2026-03-13 02:03:00,+886-903-888-088,"假投資,保證獲利",15,3861716,上班族,1
UID-a77b2a3f,2026-03-12 10:43:00,+886-904-468-059,"網路交友,要求儲值,點數卡",30,118790,碩博士,1
UID-00368667,2026-03-13 01:02:00,+886-903-887-029,"假投資,虛擬貨幣,高報酬",18,4801147,碩博士,1
UID-ac07c7c1,2026-03-13 00:53:00,+886-903-889-036,"假投資,資金盤",8,3000066,碩博士,1
UID-2963587d,2026-03-12 22:56:00,+886-902-149-707,"假扣押財產,面交黃金白銀",3,4956229,碩博士,1
UID-7a2594f7,2026-03-12 14:27:00,+886-905-599-616,"債務不履行,退款延遲",1,500,大專院校,0
UID-b23f2ef9,2026-03-12 22:10:00,+886-903-884-048,"假投資,虛擬貨幣,高報酬",10,4884415,上班族,1
UID-8a5a1c09,2026-03-13 04:20:00,+886-903-888-002,"假投資,虛擬貨幣,高報酬",5,4949466,上班族,1
UID-03f9dbea,2026-03-12 14:29:00,+886-903-884-059,"假投資,虛擬貨幣,高報酬",20,1078913,50-69 中高齡,1
UID-cb1cfafd,2026-03-12 09:41:00,+886-903-887-033,"假投資,虛擬貨幣,高報酬",17,1691492,50-69 中高齡,1
UID-793783db,2026-03-13 01:09:00,+886-904-909-049,"殺豬盤,平台無法出金",14,35560,大專院校,1
UID-2bda812a,2026-03-12 14:19:00,+886-902-162-536,"假扣押財產,面交黃金白銀",2,3369033,70+ 長者,1
UID-4153a970,2026-03-13 03:25:00,+886-903-884-049,"假投資,保證獲利",18,382978,上班族,1
UID-8d2ac41c,2026-03-12 17:30:00,+886-904-932-003,"殺豬盤,平台無法出金",12,104669,碩博士,1
UID-968f7566,2026-03-12 14:31:00,+886-905-354-600,"司法文書送達,正常公務",1,3000,70+ 長者,0
UID-3e64f685,2026-03-13 07:48:00,+886-903-881-050,"假投資,資金盤",15,4371062,碩博士,1
UID-848aa8db,2026-03-12 21:02:00,+886-904-611-038,"殺豬盤,平台無法出金",23,8480,上班族,1
UID-84204ea7,2026-03-12 16:32:00,+886-905-425-118,"司法文書送達,正常公務",2,3000,高中職以下,0
UID-8a69e505,2026-03-12 21:27:00,+886-901-908-035,"網路購物詐騙,解除分期付款",190,12472,學生,1
UID-247e9803,2026-03-12 11:03:00,+886-902-105-801,"假檢警,監管帳戶",1,3854142,70+ 長者,1
UID-f4a80b78,2026-03-13 07:29:00,+886-903-885-028,"假投資,虛擬貨幣,高報酬",9,212518,大專院校,1
UID-ab9f615b,2026-03-12 23:21:00,+886-902-176-606,"假冒郵局,普發現金冒領",2,4549277,70+ 長者,1
UID-2ecc3a4f,2026-03-12 17:32:00,+886-904-972-042,"殺豬盤,平台無法出金",27,132514,大專院校,1
UID-f8ca4ca2,2026-03-12 13:40:00,+886-903-889-059,"假投資,虛擬貨幣,高報酬",19,1086927,上班族,1
UID-41de8255,2026-03-13 07:36:00,+886-903-882-095,"假投資,內線交易,VIP通道",13,1508483,碩博士,1
UID-43d22935,2026-03-12 18:18:00,+886-903-886-029,"假投資,資金盤",10,3969983,碩博士,1
UID-729fe8e8,2026-03-12 13:35:00,+886-905-117-198,"一般客訴,服務態度",2,0,上班族,0
UID-200bea53,2026-03-12 23:01:00,+886-903-888-082,"假投資,資金盤",17,1566134,碩博士,1
UID-e1ae526e,2026-03-12 10:37:00,+886-904-442-028,"網路交友,要求儲值,點數卡",24,14652,學生,1
UID-82855655,2026-03-12 17:57:00,+886-903-888-032,"假投資,虛擬貨幣,高報酬",7,2107082,碩博士,1
UID-c6e632bd,2026-03-13 02:48:00,+886-901-233-032,"網路購物詐騙,ATM操作",283,17191,高中職以下,1
UID-bcb00214,2026-03-12 09:40:00,+886-903-889-023,"假投資,內線交易,VIP通道",14,333461,50-69 中高齡,1
UID-06c8b618,2026-03-12 19:41:00,+886-905-422-250,"一般客訴,服務態度",2,500,高中職以下,0
UID-4baed1ee,2026-03-12 13:23:00,+886-904-774-053,"Threads廣告,假兼職",22,6063,學生,1
UID-157d212e,2026-03-12 17:15:00,+886-902-180-594,"假扣押財產,面交黃金白銀",3,1568721,50-69 中高齡,1
UID-99c288f2,2026-03-12 19:49:00,+886-904-804-019,"Threads廣告,假兼職",11,3331,上班族,1
UID-a774b46d,2026-03-12 14:39:00,+886-903-881-021,"假投資,保證獲利",9,1634797,50-69 中高齡,1
UID-6724a0ce,2026-03-13 06:17:00,+886-903-889-067,"假投資,內線交易,VIP通道",16,4530031,碩博士,1
UID-17f8973b,2026-03-12 14:45:00,+886-904-109-069,"網路交友,要求儲值,點數卡",29,63110,上班族,1
UID-ef0d927b,2026-03-12 20:18:00,+886-905-242-761,"正常投資諮詢,理財規劃",1,0,碩博士,0
UID-cdc41ee8,2026-03-12 11:26:00,+886-905-333-910,"一般客訴,服務態度",1,500,碩博士,0
UID-639ec112,2026-03-12 17:56:00,+886-901-719-007,"幽靈包裹,超商取貨",452,5321,上班族,1
UID-0abe7acd,2026-03-12 09:24:00,+886-903-883-078,"假投資,虛擬貨幣,高報酬",8,3383166,上班族,1
UID-78561099,2026-03-12 19:02:00,+886-901-528-013,"網路購物詐騙,假賣場",222,23701,上班族,1
UID-82527f7f,2026-03-13 08:10:00,+886-902-163-825,"假冒郵局,普發現金冒領",2,1236023,碩博士,1
UID-00239ef9,2026-03-12 16:46:00,+886-902-199-467,"假扣押財產,面交黃金白銀",1,639841,50-69 中高齡,1
UID-8a2b9af5,2026-03-12 14:55:00,+886-904-421-038,"網路交友,要求儲值,點數卡",8,130022,碩博士,1
UID-c7700936,2026-03-12 10:24:00,+886-905-375-535,"正常投資諮詢,理財規劃",1,15000,碩博士,0
UID-cf9dabc2,2026-03-12 20:14:00,+886-905-329-127,"債務不履行,退款延遲",2,3000,大專院校,0
UID-ca43b349,2026-03-12 11:56:00,+886-901-597-014,"幽靈包裹,超商取貨",150,25710,學生,1
UID-38ca1ff3,2026-03-13 07:08:00,+886-904-251-077,"殺豬盤,平台無法出金",12,101342,學生,1
UID-411a180a,2026-03-12 23:33:00,+886-904-418-033,"網路交友,AI濾鏡假冒",17,69090,碩博士,1
UID-b5c3e42e,2026-03-12 10:05:00,+886-902-189-169,"假員警,偵查不公開",2,7636481,50-69 中高齡,1
UID-ad54b411,2026-03-13 08:32:00,+886-905-189-187,"債務不履行,退款延遲",2,500,50-69 中高齡,0
UID-a00fd03a,2026-03-12 15:40:00,+886-903-888-030,"假投資,資金盤",18,1954542,50-69 中高齡,1
UID-1880f75b,2026-03-13 00:16:00,+886-902-155-341,"假檢警,監管帳戶",3,5714509,50-69 中高齡,1
UID-d76642e3,2026-03-13 04:05:00,+886-905-609-269,"交易糾紛,商品瑕疵",2,3000,高中職以下,0
UID-a96a65bf,2026-03-13 07:42:00,+886-905-266-277,"司法文書送達,正常公務",1,0,上班族,0
UID-dfa6cad9,2026-03-12 19:29:00,+886-903-886-039,"假投資,內線交易,VIP通道",16,4320233,碩博士,1
UID-767f3c38,2026-03-12 22:10:00,+886-903-886-023,"假投資,資金盤",17,971659,碩博士,1
UID-a65cad49,2026-03-13 07:26:00,+886-905-146-946,"正常投資諮詢,理財規劃",2,0,上班族,0
UID-abdfd8aa,2026-03-12 17:57:00,+886-902-191-838,"假冒郵局,普發現金冒領",1,7877169,70+ 長者,1
UID-1476294d,2026-03-12 13:19:00,+886-902-130-275,"假員警,偵查不公開",3,5503381,50-69 中高齡,1
UID-2023dcd2,2026-03-12 13:30:00,+886-904-587-069,"網路交友,要求儲值,點數卡",15,8831,碩博士,1
UID-f4db274b,2026-03-13 00:34:00,+886-905-875-401,"一般客訴,服務態度",1,15000,學生,0
UID-3633f823,2026-03-12 12:28:00,+886-905-532-960,"債務不履行,退款延遲",1,500,學生,0
UID-4e66b9e7,2026-03-13 05:25:00,+886-905-784-198,"司法文書送達,正常公務",2,0,學生,0
UID-3454d72b,2026-03-13 06:28:00,+886-903-887-052,"假投資,保證獲利",11,2063902,碩博士,1
UID-fe3df4fb,2026-03-13 05:31:00,+886-902-131-346,"假冒郵局,普發現金冒領",2,4803242,碩博士,1
UID-fe8db27b,2026-03-12 11:30:00,+886-905-718-933,"債務不履行,退款延遲",2,15000,70+ 長者,0
UID-92defcbc,2026-03-13 08:48:00,+886-904-920-042,"網路交友,要求儲值,點數卡",10,46071,學生,1
UID-b1b0f1a3,2026-03-12 15:57:00,+886-903-882-059,"假投資,保證獲利",11,4466282,碩博士,1
UID-2f1cbe0d,2026-03-13 03:02:00,+886-901-503-047,"幽靈包裹,超商取貨",249,15577,高中職以下,1
UID-c4e81ef4,2026-03-12 17:09:00,+886-903-881-052,"假投資,內線交易,VIP通道",19,1697621,50-69 中高齡,1
UID-6be00c61,2026-03-13 06:28:00,+886-904-539-080,"Threads廣告,假兼職",7,55882,大專院校,1
UID-7e22a0eb,2026-03-12 23:09:00,+886-905-616-711,"一般客訴,服務態度",1,500,碩博士,0
UID-571db0d5,2026-03-13 02:59:00,+886-903-882-053,"假投資,資金盤",9,4933259,上班族,1
UID-b3c779ec,2026-03-12 16:34:00,+886-902-140-982,"假冒郵局,普發現金冒領",3,2744710,70+ 長者,1
UID-6abeb067,2026-03-12 21:37:00,+886-901-530-002,"網路購物詐騙,假賣場",154,18463,學生,1
UID-a0574d9b,2026-03-13 06:57:00,+886-905-106-469,"債務不履行,退款延遲",1,500,50-69 中高齡,0
UID-15f78ac5,2026-03-12 22:22:00,+886-904-311-007,"殺豬盤,平台無法出金",8,106491,碩博士,1
UID-80c40256,2026-03-12 15:18:00,+886-904-356-020,"網路交友,要求儲值,點數卡",16,96284,學生,1
UID-ac138c0f,2026-03-12 16:45:00,+886-901-632-028,"幽靈包裹,超商取貨",204,5860,高中職以下,1
UID-73c7d940,2026-03-12 13:03:00,+886-905-210-618,"司法文書送達,正常公務",1,15000,70+ 長者,0
UID-669b9b26,2026-03-12 11:23:00,+886-902-163-661,"假扣押財產,面交黃金白銀",2,726565,70+ 長者,1
UID-f7d1c939,2026-03-12 13:39:00,+886-903-882-065,"假投資,保證獲利",9,1719458,上班族,1
UID-70737ca6,2026-03-13 07:55:00,+886-904-871-050,"網路交友,AI濾鏡假冒",11,96175,碩博士,1
UID-9c77ae76,2026-03-12 19:43:00,+886-904-978-019,"網路交友,AI濾鏡假冒",29,66592,上班族,1
UID-21560f93,2026-03-12 12:03:00,+886-901-947-044,"網路購物詐騙,解除分期付款",1172,14959,大專院校,1
UID-f8a6488e,2026-03-12 20:46:00,+886-905-512-481,"債務不履行,退款延遲",2,3000,50-69 中高齡,0
UID-27e4c0c7,2026-03-13 04:08:00,+886-903-885-068,"假投資,內線交易,VIP通道",11,1660765,大專院校,1
UID-a63ab88c,2026-03-12 09:06:00,+886-905-944-710,"交易糾紛,商品瑕疵",1,0,50-69 中高齡,0
UID-48002bbd,2026-03-12 11:26:00,+886-905-415-402,"交易糾紛,商品瑕疵",1,15000,70+ 長者,0
UID-0570179b,2026-03-12 11:38:00,+886-905-401-830,"司法文書送達,正常公務",2,3000,50-69 中高齡,0
UID-ff75ea0e,2026-03-13 02:58:00,+886-901-976-021,"網路購物詐騙,ATM操作",425,38297,學生,1
UID-870fd621,2026-03-12 11:15:00,+886-905-185-183,"一般客訴,服務態度",1,3000,50-69 中高齡,0
UID-69941eb5,2026-03-12 15:01:00,+886-905-459-493,"正常投資諮詢,理財規劃",1,0,50-69 中高齡,0
UID-05334259,2026-03-13 02:06:00,+886-901-850-011,"網路購物詐騙,假賣場",167,43718,大專院校,1
UID-92d398b6,2026-03-13 05:53:00,+886-902-113-329,"假冒郵局,普發現金冒領",2,4424983,70+ 長者,1
UID-d42d148f,2026-03-12 19:19:00,+886-905-296-384,"司法文書送達,正常公務",1,0,碩博士,0
UID-2cf98cd6,2026-03-12 11:36:00,+886-902-183-601,"假員警,偵查不公開",2,1139536,70+ 長者,1
UID-d874ad39,2026-03-12 18:45:00,+886-904-885-034,"Threads廣告,假兼職",13,39320,上班族,1
UID-4e8bed15,2026-03-12 16:35:00,+886-902-178-674,"假冒郵局,普發現金冒領",2,2932308,50-69 中高齡,1
UID-8f7bf0e5,2026-03-13 00:34:00,+886-905-688-659,"正常投資諮詢,理財規劃",2,0,高中職以下,0
UID-61c795b1,2026-03-13 07:03:00,+886-904-430-008,"網路交友,要求儲值,點數卡",5,90339,碩博士,1
UID-61b430ec,2026-03-12 22:34:00,+886-904-648-007,"網路交友,AI濾鏡假冒",23,74080,大專院校,1
UID-f6cff00a,2026-03-12 20:17:00,+886-905-531-864,"債務不履行,退款延遲",2,0,大專院校,0
UID-47f8bd45,2026-03-12 13:42:00,+886-905-842-997,"交易糾紛,商品瑕疵",2,0,大專院校,0
UID-9126fad4,2026-03-12 11:13:00,+886-905-338-348,"交易糾紛,商品瑕疵",1,0,上班族,0
UID-9ae1585a,2026-03-12 09:07:00,+886-999-999-999,"機器人測試,惡意灌水",12029,0,未知,0
UID-392c71ce,2026-03-13 03:48:00,+886-905-106-455,"債務不履行,退款延遲",2,15000,50-69 中高齡,0
UID-2c33e6e7,2026-03-12 23:54:00,+886-904-968-087,"Threads廣告,假兼職",3,18306,學生,1
UID-41d377d0,2026-03-12 17:09:00,+886-901-845-026,"幽靈包裹,超商取貨",188,19772,大專院校,1
UID-d192a12f,2026-03-13 02:05:00,+886-903-886-059,"假投資,保證獲利",19,1625924,50-69 中高齡,1
UID-d9bea18c,2026-03-12 12:13:00,+886-902-183-426,"假冒郵局,普發現金冒領",1,4833439,50-69 中高齡,1
UID-f98c868d,2026-03-12 20:58:00,+886-905-237-109,"交易糾紛,商品瑕疵",1,0,高中職以下,0
UID-45d1533b,2026-03-13 00:53:00,+886-905-504-759,"一般客訴,服務態度",1,500,上班族,0
UID-18bb8958,2026-03-12 20:46:00,+886-904-743-021,"網路交友,要求儲值,點數卡",17,131429,大專院校,1
UID-db843c5b,2026-03-12 14:57:00,+886-905-547-854,"司法文書送達,正常公務",2,0,70+ 長者,0
UID-18b6a836,2026-03-13 01:12:00,+886-904-380-013,"Threads廣告,假兼職",28,99887,上班族,1
UID-5c37477a,2026-03-12 09:26:00,+886-905-830-306,"正常投資諮詢,理財規劃",1,0,大專院校,0
UID-ccdaccee,2026-03-12 12:57:00,+886-905-802-747,"司法文書送達,正常公務",2,0,高中職以下,0
UID-31ce61a2,2026-03-12 17:35:00,+886-903-888-058,"假投資,內線交易,VIP通道",15,1764382,50-69 中高齡,1
UID-016fe19d,2026-03-13 05:03:00,+886-902-158-611,"假檢警,監管帳戶",1,7418070,70+ 長者,1
UID-5d8622fb,2026-03-12 19:02:00,+886-903-880-082,"假投資,內線交易,VIP通道",8,4006689,50-69 中高齡,1
UID-78fc5d6a,2026-03-12 21:45:00,+886-905-401-873,"一般客訴,服務態度",1,3000,學生,0
UID-79fb7987,2026-03-13 05:45:00,+886-904-434-028,"Threads廣告,假兼職",12,99927,大專院校,1
UID-ef88d25b,2026-03-13 01:13:00,+886-902-116-546,"假冒郵局,普發現金冒領",3,3108939,70+ 長者,1
UID-e4f22f96,2026-03-12 13:25:00,+886-901-738-047,"幽靈包裹,超商取貨",210,44367,學生,1
UID-191f06fd,2026-03-13 06:08:00,+886-903-887-015,"假投資,資金盤",6,3419611,上班族,1
UID-6c55e14f,2026-03-13 01:22:00,+886-902-197-865,"假扣押財產,面交黃金白銀",1,2967053,50-69 中高齡,1
UID-9fb5ede2,2026-03-12 12:40:00,+886-901-982-005,"網路購物詐騙,解除分期付款",516,16446,學生,1
UID-2f51f507,2026-03-13 04:44:00,+886-903-886-063,"假投資,內線交易,VIP通道",11,3224698,大專院校,1
UID-caef6a5f,2026-03-12 11:15:00,+886-905-789-258,"一般客訴,服務態度",1,500,上班族,0
UID-26d18bb0,2026-03-13 05:45:00,+886-902-184-195,"假檢警,監管帳戶",3,2835620,70+ 長者,1
UID-01e52ef4,2026-03-12 12:57:00,+886-901-836-028,"網路購物詐騙,假賣場",170,23677,學生,1
UID-2ab082c2,2026-03-12 22:08:00,+886-905-344-727,"司法文書送達,正常公務",2,500,上班族,0
UID-aaff4343,2026-03-12 18:02:00,+886-903-889-044,"假投資,保證獲利",12,834186,碩博士,1
UID-6708e341,2026-03-12 22:06:00,+886-905-735-600,"債務不履行,退款延遲",1,15000,學生,0
UID-f84c43f7,2026-03-12 22:04:00,+886-904-278-056,"網路交友,要求儲值,點數卡",2,28040,上班族,1
UID-233278b8,2026-03-12 21:51:00,+886-901-357-020,"網路購物詐騙,解除分期付款",159,35834,上班族,1
UID-6b313d5e,2026-03-12 15:11:00,+886-905-301-865,"司法文書送達,正常公務",1,0,70+ 長者,0
UID-94b2a260,2026-03-12 17:59:00,+886-903-884-053,"假投資,資金盤",13,1878463,50-69 中高齡,1
UID-734baecf,2026-03-12 19:04:00,+886-901-640-004,"網路購物詐騙,ATM操作",152,42829,學生,1
UID-dd0b594e,2026-03-13 07:16:00,+886-903-888-097,"假投資,虛擬貨幣,高報酬",20,2427641,碩博士,1
UID-2b450ac6,2026-03-13 05:03:00,+886-902-114-728,"假員警,偵查不公開",1,4855825,70+ 長者,1
UID-ffe57493,2026-03-13 05:19:00,+886-905-620-171,"交易糾紛,商品瑕疵",1,15000,碩博士,0
UID-dbe5d36b,2026-03-12 11:15:00,+886-903-886-077,"假投資,內線交易,VIP通道",13,1985162,大專院校,1
UID-44f2bdc1,2026-03-12 15:46:00,+886-904-659-066,"網路交友,要求儲值,點數卡",29,79928,大專院校,1
UID-0f3f8390,2026-03-13 01:15:00,+886-901-291-036,"網路購物詐騙,假賣場",305,3712,大專院校,1
UID-8b2861fe,2026-03-13 00:45:00,+886-901-586-032,"網路購物詐騙,解除分期付款",170,7697,高中職以下,1
UID-28721938,2026-03-12 19:45:00,+886-903-883-021,"假投資,保證獲利",9,1577754,碩博士,1
UID-a955c75e,2026-03-12 23:43:00,+886-905-358-857,"交易糾紛,商品瑕疵",2,3000,高中職以下,0
UID-c05f6397,2026-03-13 04:00:00,+886-905-689-565,"債務不履行,退款延遲",1,3000,碩博士,0
UID-1f8b6899,2026-03-13 07:49:00,+886-904-890-030,"殺豬盤,平台無法出金",29,126602,大專院校,1
UID-bed7e764,2026-03-13 06:22:00,+886-903-880-068,"假投資,虛擬貨幣,高報酬",5,2689997,上班族,1
UID-0ffc9886,2026-03-12 09:10:00,+886-903-887-083,"假投資,保證獲利",18,2686159,上班族,1
UID-526c16a1,2026-03-12 10:09:00,+886-903-888-024,"假投資,內線交易,VIP通道",20,4919726,上班族,1
UID-f378ee7a,2026-03-12 16:33:00,+886-901-219-010,"網路購物詐騙,假賣場",903,23536,學生,1
UID-655dcf40,2026-03-13 00:30:00,+886-904-370-093,"Threads廣告,假兼職",20,44753,上班族,1
UID-dbc15d9f,2026-03-12 11:56:00,+886-903-886-071,"假投資,虛擬貨幣,高報酬",13,368848,碩博士,1
UID-d2d4f902,2026-03-12 13:33:00,+886-903-889-096,"假投資,資金盤",18,2654587,50-69 中高齡,1
UID-2fb2046c,2026-03-12 10:11:00,+886-901-817-036,"網路購物詐騙,假賣場",217,14610,上班族,1
UID-e72b0bb1,2026-03-12 11:24:00,+886-905-607-257,"債務不履行,退款延遲",2,500,碩博士,0
UID-cf15a5b7,2026-03-12 11:01:00,+886-903-885-013,"假投資,內線交易,VIP通道",7,564629,上班族,1
UID-7eca8bae,2026-03-13 00:02:00,+886-904-530-040,"Threads廣告,假兼職",17,40554,上班族,1
UID-061bc583,2026-03-12 14:46:00,+886-903-883-012,"假投資,保證獲利",12,1103951,50-69 中高齡,1
UID-4c6b2871,2026-03-13 07:42:00,+886-902-116-458,"假員警,偵查不公開",2,6844647,70+ 長者,1
UID-f41ea3fb,2026-03-12 13:17:00,+886-901-691-045,"幽靈包裹,超商取貨",407,10181,高中職以下,1
UID-c7884765,2026-03-12 16:32:00,+886-905-830-447,"正常投資諮詢,理財規劃",2,3000,高中職以下,0
UID-e3fdde4f,2026-03-12 12:50:00,+886-901-650-030,"幽靈包裹,超商取貨",209,6878,學生,1
UID-5de41c1c,2026-03-12 15:30:00,+886-904-362-011,"網路交友,AI濾鏡假冒",13,22456,上班族,1
UID-701817b3,2026-03-12 18:14:00,+886-905-268-474,"一般客訴,服務態度",2,3000,大專院校,0
UID-972f0165,2026-03-12 16:09:00,+886-905-429-525,"債務不履行,退款延遲",2,0,大專院校,0
UID-61773733,2026-03-12 16:27:00,+886-901-629-050,"網路購物詐騙,假賣場",160,38145,學生,1
UID-a5269bd0,2026-03-12 12:18:00,+886-902-145-284,"假檢警,監管帳戶",2,3421293,70+ 長者,1
UID-65ace5ab,2026-03-13 01:48:00,+886-903-889-033,"假投資,內線交易,VIP通道",5,1124694,50-69 中高齡,1
UID-0dad79a6,2026-03-12 11:13:00,+886-903-882-013,"假投資,虛擬貨幣,高報酬",10,4681378,50-69 中高齡,1
UID-aa04e250,2026-03-12 17:25:00,+886-905-586-915,"債務不履行,退款延遲",2,15000,50-69 中高齡,0
UID-a13ce49e,2026-03-13 05:38:00,+886-902-199-915,"假冒郵局,普發現金冒領",2,3547910,碩博士,1
UID-4d2231c6,2026-03-13 02:47:00,+886-901-600-020,"網路購物詐騙,解除分期付款",418,35598,高中職以下,1
UID-3315d991,2026-03-13 08:14:00,+886-903-887-063,"假投資,虛擬貨幣,高報酬",6,1374353,碩博士,1
UID-2f4e9898,2026-03-12 09:08:00,+886-999-999-999,"機器人測試,惡意灌水",14364,0,未知,0
UID-45998f63,2026-03-13 07:27:00,+886-901-999-026,"網路購物詐騙,假賣場",166,10532,學生,1
UID-b31dfd9b,2026-03-12 09:06:00,+886-904-130-047,"網路交友,AI濾鏡假冒",6,124182,學生,1
UID-7653f363,2026-03-12 20:46:00,+886-905-552-355,"一般客訴,服務態度",1,0,學生,0
UID-13b39ab9,2026-03-13 08:53:00,+886-904-395-046,"網路交友,AI濾鏡假冒",7,62739,碩博士,1
UID-d8d2b8bf,2026-03-12 14:08:00,+886-904-754-009,"Threads廣告,假兼職",26,1039,碩博士,1
UID-cb9daf79,2026-03-12 21:38:00,+886-902-122-306,"假員警,偵查不公開",2,1113151,70+ 長者,1
UID-f62c8ad4,2026-03-12 16:17:00,+886-905-604-279,"正常投資諮詢,理財規劃",2,0,高中職以下,0
UID-12eca0eb,2026-03-12 09:02:00,+886-999-999-999,"機器人測試,惡意灌水",12596,0,未知,0
UID-f08fe676,2026-03-12 13:28:00,+886-903-887-019,"假投資,保證獲利",13,1620473,碩博士,1
UID-040fa333,2026-03-13 00:55:00,+886-905-241-219,"交易糾紛,商品瑕疵",1,0,學生,0
UID-962f332f,2026-03-12 17:41:00,+886-901-714-036,"幽靈包裹,超商取貨",164,24829,學生,1
UID-84b9bb69,2026-03-12 20:10:00,+886-901-240-005,"網路購物詐騙,假賣場",311,40188,大專院校,1
UID-2956b6b4,2026-03-13 07:39:00,+886-902-178-821,"假檢警,監管帳戶",2,2078512,70+ 長者,1
UID-b24a9e3c,2026-03-13 00:02:00,+886-904-849-002,"網路交友,AI濾鏡假冒",27,73966,上班族,1
UID-4bf83b3e,2026-03-12 18:02:00,+886-904-789-093,"網路交友,AI濾鏡假冒",12,85225,上班族,1
UID-898f32a2,2026-03-12 09:22:00,+886-901-104-012,"網路購物詐騙,ATM操作",435,31677,大專院校,1
UID-989e8529,2026-03-12 13:31:00,+886-905-852-451,"司法文書送達,正常公務",1,500,70+ 長者,0
UID-a3db7ad2,2026-03-13 02:58:00,+886-905-200-701,"正常投資諮詢,理財規劃",2,0,50-69 中高齡,0
UID-5bbbb06b,2026-03-12 12:44:00,+886-903-886-013,"假投資,保證獲利",6,2858817,上班族,1
UID-9fdd3c21,2026-03-13 08:08:00,+886-903-886-087,"假投資,內線交易,VIP通道",6,4662333,上班族,1
UID-ba9d8981,2026-03-12 17:35:00,+886-905-618-783,"正常投資諮詢,理財規劃",1,500,大專院校,0
UID-87181079,2026-03-13 06:19:00,+886-903-885-078,"假投資,虛擬貨幣,高報酬",8,1211378,碩博士,1
UID-de4bb353,2026-03-12 17:49:00,+886-901-360-042,"網路購物詐騙,解除分期付款",391,39993,大專院校,1
UID-9f285686,2026-03-13 07:03:00,+886-903-883-003,"假投資,保證獲利",13,2700920,50-69 中高齡,1
UID-0bd3863b,2026-03-12 09:53:00,+886-905-134-362,"正常投資諮詢,理財規劃",1,15000,70+ 長者,0
UID-6bf87b65,2026-03-13 04:15:00,+886-901-442-003,"幽靈包裹,超商取貨",186,22544,大專院校,1
UID-937467ff,2026-03-12 18:34:00,+886-905-589-543,"債務不履行,退款延遲",2,15000,高中職以下,0
UID-007fa272,2026-03-12 20:04:00,+886-902-109-589,"假員警,偵查不公開",3,3551194,50-69 中高齡,1
UID-2666f9db,2026-03-13 05:54:00,+886-902-131-125,"假檢警,監管帳戶",3,7370284,70+ 長者,1
UID-adefd10d,2026-03-13 01:22:00,+886-905-665-550,"正常投資諮詢,理財規劃",1,3000,高中職以下,0
UID-3371097c,2026-03-12 17:47:00,+886-905-957-991,"債務不履行,退款延遲",1,0,碩博士,0
UID-d16ea474,2026-03-13 07:32:00,+886-902-113-714,"假扣押財產,面交黃金白銀",3,7348232,50-69 中高齡,1
UID-5ce5a765,2026-03-12 22:33:00,+886-902-122-282,"假扣押財產,面交黃金白銀",2,6255042,70+ 長者,1
UID-b4d43b9d,2026-03-12 21:23:00,+886-903-885-086,"假投資,虛擬貨幣,高報酬",16,2161654,碩博士,1
UID-49cd4685,2026-03-12 14:40:00,+886-903-885-084,"假投資,虛擬貨幣,高報酬",9,3879897,碩博士,1
UID-2f7a1955,2026-03-12 21:17:00,+886-903-886-051,"假投資,內線交易,VIP通道",11,1540297,上班族,1
UID-e7fb372e,2026-03-12 11:12:00,+886-902-165-169,"假扣押財產,面交黃金白銀",3,4193789,70+ 長者,1
UID-8710b863,2026-03-13 02:38:00,+886-902-180-795,"假檢警,監管帳戶",1,1643634,50-69 中高齡,1
UID-83554e52,2026-03-13 08:32:00,+886-904-559-040,"殺豬盤,平台無法出金",18,64047,碩博士,1
UID-889050aa,2026-03-12 14:52:00,+886-905-311-779,"一般客訴,服務態度",2,0,上班族,0
UID-db692bdc,2026-03-12 10:23:00,+886-901-375-014,"幽靈包裹,超商取貨",204,44378,大專院校,1
UID-003c6dbe,2026-03-12 21:54:00,+886-904-422-067,"殺豬盤,平台無法出金",25,142159,學生,1
UID-3763a3ad,2026-03-12 23:26:00,+886-904-534-029,"網路交友,AI濾鏡假冒",2,26642,大專院校,1
UID-c721ee34,2026-03-12 09:02:00,+886-904-690-020,"Threads廣告,假兼職",29,78511,上班族,1
UID-ea1a500a,2026-03-12 23:46:00,+886-905-234-680,"一般客訴,服務態度",1,0,學生,0
UID-d16329d9,2026-03-12 12:58:00,+886-903-880-050,"假投資,資金盤",18,777955,大專院校,1
UID-3dd887b5,2026-03-13 04:59:00,+886-904-192-047,"殺豬盤,平台無法出金",30,51464,上班族,1
UID-b8461686,2026-03-13 02:36:00,+886-904-855-051,"殺豬盤,平台無法出金",19,116184,碩博士,1
UID-9c5dc048,2026-03-13 00:54:00,+886-903-889-050,"假投資,內線交易,VIP通道",7,2521475,碩博士,1
UID-c0aa930b,2026-03-13 00:10:00,+886-905-408-310,"債務不履行,退款延遲",1,500,碩博士,0
UID-a82015dc,2026-03-12 12:55:00,+886-904-808-057,"Threads廣告,假兼職",28,125995,學生,1
UID-52fafba8,2026-03-12 13:30:00,+886-905-768-706,"司法文書送達,正常公務",1,500,50-69 中高齡,0
UID-432f33b9,2026-03-13 04:32:00,+886-905-907-648,"一般客訴,服務態度",1,15000,50-69 中高齡,0
UID-12ca05b7,2026-03-13 04:41:00,+886-903-880-079,"假投資,內線交易,VIP通道",10,119791,碩博士,1
UID-cdbd7a59,2026-03-12 20:56:00,+886-905-372-431,"正常投資諮詢,理財規劃",1,15000,50-69 中高齡,0
UID-740e2a5b,2026-03-12 21:33:00,+886-904-846-021,"網路交友,AI濾鏡假冒",24,99087,碩博士,1
UID-b6af95b3,2026-03-12 16:59:00,+886-903-881-075,"假投資,資金盤",9,369510,碩博士,1
UID-c0557033,2026-03-12 11:41:00,+886-903-886-080,"假投資,保證獲利",12,1988621,上班族,1
UID-868952d7,2026-03-12 17:02:00,+886-902-148-567,"假員警,偵查不公開",2,6514178,70+ 長者,1
UID-c80d8d11,2026-03-13 03:45:00,+886-903-886-099,"假投資,保證獲利",16,398346,碩博士,1
UID-f0142469,2026-03-12 17:42:00,+886-904-278-019,"網路交友,要求儲值,點數卡",8,15824,上班族,1
UID-f0e68c62,2026-03-12 18:36:00,+886-903-884-030,"假投資,保證獲利",19,4602899,上班族,1
UID-ca08b892,2026-03-12 15:14:00,+886-905-195-124,"一般客訴,服務態度",1,0,學生,0
UID-5b684a4a,2026-03-12 09:06:00,+886-901-985-038,"網路購物詐騙,假賣場",194,37205,大專院校,1
UID-941f970f,2026-03-13 08:17:00,+886-905-919-454,"債務不履行,退款延遲",1,500,70+ 長者,0
UID-4c29a265,2026-03-12 20:18:00,+886-904-315-001,"Threads廣告,假兼職",24,47166,大專院校,1
UID-70255b22,2026-03-12 14:39:00,+886-904-454-080,"網路交友,AI濾鏡假冒",16,145947,上班族,1
UID-452395a9,2026-03-12 21:52:00,+886-903-886-005,"假投資,內線交易,VIP通道",14,286861,50-69 中高齡,1
UID-eaad7353,2026-03-12 21:31:00,+886-905-945-523,"債務不履行,退款延遲",2,3000,50-69 中高齡,0
UID-6f5ac12e,2026-03-12 12:11:00,+886-903-881-064,"假投資,資金盤",17,3731238,上班族,1
UID-d8dc70ca,2026-03-12 20:08:00,+886-904-611-025,"網路交友,要求儲值,點數卡",27,112750,學生,1
UID-852c043d,2026-03-13 08:31:00,+886-904-566-002,"網路交友,要求儲值,點數卡",22,35987,大專院校,1
UID-b6581557,2026-03-12 21:35:00,+886-903-884-059,"假投資,資金盤",20,2390769,上班族,1
UID-f19c6544,2026-03-12 21:35:00,+886-903-886-072,"假投資,虛擬貨幣,高報酬",8,623114,碩博士,1
UID-334a3df8,2026-03-13 04:18:00,+886-903-882-086,"假投資,資金盤",18,639489,50-69 中高齡,1
UID-7fd935c6,2026-03-12 11:16:00,+886-905-534-601,"交易糾紛,商品瑕疵",1,15000,70+ 長者,0
UID-6d03ebeb,2026-03-13 03:07:00,+886-902-199-166,"假扣押財產,面交黃金白銀",1,3826665,70+ 長者,1
UID-1b5a9ba6,2026-03-12 20:08:00,+886-903-882-071,"假投資,內線交易,VIP通道",19,1551240,大專院校,1
UID-7a6adeaf,2026-03-12 19:32:00,+886-903-880-064,"假投資,虛擬貨幣,高報酬",14,2064620,上班族,1
UID-b17af8d8,2026-03-12 21:39:00,+886-901-975-039,"網路購物詐騙,解除分期付款",3195,28639,大專院校,1
UID-29252f50,2026-03-12 12:56:00,+886-903-885-033,"假投資,保證獲利",8,2286324,50-69 中高齡,1
UID-2fd35d89,2026-03-12 10:33:00,+886-903-884-054,"假投資,虛擬貨幣,高報酬",5,4313928,上班族,1
UID-f4f3f25e,2026-03-12 22:27:00,+886-904-235-054,"殺豬盤,平台無法出金",28,87391,碩博士,1
UID-adaaddf7,2026-03-12 11:18:00,+886-904-477-098,"殺豬盤,平台無法出金",14,114289,學生,1
UID-ea34dd52,2026-03-12 12:56:00,+886-901-713-042,"網路購物詐騙,解除分期付款",158,17143,高中職以下,1
UID-8aae383f,2026-03-13 04:32:00,+886-901-261-046,"幽靈包裹,超商取貨",258,8065,上班族,1
UID-e64543c0,2026-03-12 09:19:00,+886-904-236-041,"Threads廣告,假兼職",23,124839,大專院校,1
UID-fa237d3b,2026-03-12 09:40:00,+886-901-755-018,"網路購物詐騙,假賣場",269,9957,大專院校,1
UID-8220a5ae,2026-03-13 08:08:00,+886-903-882-076,"假投資,內線交易,VIP通道",8,4770044,碩博士,1
UID-f41f66f3,2026-03-12 15:09:00,+886-903-884-071,"假投資,虛擬貨幣,高報酬",12,4329636,碩博士,1
UID-56460ba2,2026-03-12 17:28:00,+886-902-146-577,"假檢警,監管帳戶",3,2854943,70+ 長者,1
UID-676c105b,2026-03-12 10:49:00,+886-904-219-073,"Threads廣告,假兼職",21,137907,大專院校,1
UID-ab663aa9,2026-03-13 07:49:00,+886-901-138-034,"網路購物詐騙,解除分期付款",199,32995,高中職以下,1
UID-acfb58c9,2026-03-13 05:12:00,+886-905-543-747,"債務不履行,退款延遲",1,3000,學生,0
UID-b7ae9c28,2026-03-12 17:20:00,+886-903-881-030,"假投資,保證獲利",7,2351152,碩博士,1
UID-c0ec068b,2026-03-12 09:02:00,+886-999-999-999,"機器人測試,惡意灌水",14390,0,未知,0
UID-52d77fce,2026-03-12 20:24:00,+886-905-284-313,"司法文書送達,正常公務",1,500,50-69 中高齡,0
UID-ba15627a,2026-03-12 12:51:00,+886-901-823-047,"網路購物詐騙,假賣場",166,5465,大專院校,1
UID-9cbc39d0,2026-03-13 00:36:00,+886-903-880-064,"假投資,資金盤",20,2858705,50-69 中高齡,1
UID-ca4377d0,2026-03-13 01:32:00,+886-903-889-058,"假投資,保證獲利",20,2011004,碩博士,1
UID-ea62f179,2026-03-12 15:22:00,+886-903-888-004,"假投資,虛擬貨幣,高報酬",11,2952265,上班族,1
UID-d8dbf531,2026-03-12 09:06:00,+886-999-999-999,"機器人測試,惡意灌水",8017,0,未知,0
UID-0a31f958,2026-03-12 22:38:00,+886-905-587-657,"正常投資諮詢,理財規劃",2,500,大專院校,0
UID-60b7ec11,2026-03-12 14:34:00,+886-902-127-809,"假扣押財產,面交黃金白銀",1,5640457,70+ 長者,1
UID-abfa84cf,2026-03-12 15:26:00,+886-901-937-007,"網路購物詐騙,ATM操作",292,17650,學生,1
UID-570ff7dc,2026-03-12 11:34:00,+886-903-882-010,"假投資,資金盤",7,1723455,碩博士,1
UID-c8f24c1f,2026-03-13 02:50:00,+886-905-924-964,"交易糾紛,商品瑕疵",1,3000,70+ 長者,0
UID-08b70251,2026-03-12 10:16:00,+886-903-881-073,"假投資,保證獲利",10,2387403,50-69 中高齡,1
UID-8d81dfb6,2026-03-12 22:45:00,+886-905-206-421,"司法文書送達,正常公務",1,500,大專院校,0
UID-6ba4752c,2026-03-12 19:04:00,+886-905-198-563,"一般客訴,服務態度",1,15000,大專院校,0
UID-1ad9cd5d,2026-03-13 08:25:00,+886-905-465-799,"債務不履行,退款延遲",1,0,高中職以下,0
UID-efdd5fa3,2026-03-13 06:15:00,+886-905-536-204,"一般客訴,服務態度",2,15000,上班族,0
UID-c69e192d,2026-03-12 23:28:00,+886-905-887-640,"正常投資諮詢,理財規劃",2,0,上班族,0
UID-e6f276b7,2026-03-12 19:23:00,+886-905-591-399,"交易糾紛,商品瑕疵",1,0,碩博士,0
UID-56f336a2,2026-03-12 23:06:00,+886-901-812-050,"網路購物詐騙,解除分期付款",262,21471,上班族,1
UID-36ebea83,2026-03-12 10:33:00,+886-903-884-064,"假投資,保證獲利",12,167155,碩博士,1
UID-dc759e6b,2026-03-13 05:02:00,+886-903-884-094,"假投資,虛擬貨幣,高報酬",6,4297140,50-69 中高齡,1
UID-e31d7750,2026-03-12 09:36:00,+886-902-141-789,"假檢警,監管帳戶",1,954644,50-69 中高齡,1
UID-84711a56,2026-03-13 06:57:00,+886-905-341-667,"債務不履行,退款延遲",2,500,高中職以下,0
UID-018c3e15,2026-03-12 10:11:00,+886-901-790-028,"幽靈包裹,超商取貨",290,20495,大專院校,1
UID-d9125988,2026-03-13 03:09:00,+886-901-272-020,"網路購物詐騙,ATM操作",215,34999,大專院校,1
UID-2190d118,2026-03-12 15:23:00,+886-903-884-005,"假投資,虛擬貨幣,高報酬",20,2705668,上班族,1
UID-b7c979a0,2026-03-12 23:52:00,+886-901-732-050,"網路購物詐騙,解除分期付款",189,9037,上班族,1
UID-2a2806f9,2026-03-13 07:31:00,+886-905-358-171,"一般客訴,服務態度",1,0,50-69 中高齡,0
UID-9f0e7250,2026-03-13 07:02:00,+886-905-919-570,"債務不履行,退款延遲",2,15000,上班族,0
UID-de6ad997,2026-03-13 05:22:00,+886-903-885-019,"假投資,內線交易,VIP通道",6,1036105,碩博士,1
UID-4f349c7d,2026-03-13 06:28:00,+886-902-155-628,"假檢警,監管帳戶",3,2628849,70+ 長者,1
UID-8ca5a6b9,2026-03-12 22:05:00,+886-902-194-645,"假員警,偵查不公開",3,6656116,50-69 中高齡,1
UID-baa83657,2026-03-13 01:41:00,+886-901-903-021,"網路購物詐騙,解除分期付款",294,15337,大專院校,1
UID-ac6e3fb3,2026-03-12 17:32:00,+886-903-887-058,"假投資,資金盤",13,3307713,上班族,1
UID-6e3b9365,2026-03-12 17:14:00,+886-903-889-057,"假投資,內線交易,VIP通道",13,3842950,50-69 中高齡,1
UID-65d0a336,2026-03-13 02:32:00,+886-901-610-018,"網路購物詐騙,解除分期付款",1215,36963,上班族,1
UID-9049d1ca,2026-03-12 18:25:00,+886-905-273-107,"債務不履行,退款延遲",2,15000,50-69 中高齡,0
UID-08c2bda0,2026-03-12 15:13:00,+886-904-809-073,"Threads廣告,假兼職",23,89493,大專院校,1
UID-fbeee929,2026-03-12 12:17:00,+886-903-880-015,"假投資,資金盤",19,4538731,上班族,1
UID-984bea9a,2026-03-12 14:15:00,+886-901-957-039,"網路購物詐騙,解除分期付款",163,35063,大專院校,1
UID-3391eec6,2026-03-12 18:51:00,+886-901-623-050,"網路購物詐騙,假賣場",174,13422,大專院校,1
UID-ce3367fa,2026-03-12 09:08:00,+886-999-999-999,"機器人測試,惡意灌水",13106,0,未知,0
UID-15f0c367,2026-03-13 01:05:00,+886-905-577-432,"一般客訴,服務態度",2,3000,50-69 中高齡,0
UID-ba3eb876,2026-03-12 11:43:00,+886-902-153-832,"假檢警,監管帳戶",2,6209564,50-69 中高齡,1
UID-d46a1f1b,2026-03-12 11:57:00,+886-904-445-065,"殺豬盤,平台無法出金",18,21271,碩博士,1
UID-dd6850cb,2026-03-13 06:02:00,+886-905-858-673,"債務不履行,退款延遲",1,15000,碩博士,0
UID-0659896e,2026-03-13 06:13:00,+886-903-880-003,"假投資,資金盤",14,3621221,50-69 中高齡,1
UID-259de247,2026-03-12 23:35:00,+886-902-111-264,"假冒郵局,普發現金冒領",1,5079388,碩博士,1
UID-169769c7,2026-03-12 17:42:00,+886-904-278-048,"網路交友,要求儲值,點數卡",13,37103,上班族,1
UID-7d3efe0f,2026-03-13 07:45:00,+886-905-222-958,"正常投資諮詢,理財規劃",2,0,大專院校,0
UID-7971ad74,2026-03-12 20:21:00,+886-904-102-017,"網路交友,AI濾鏡假冒",3,134714,上班族,1
UID-2cdd01d7,2026-03-12 11:27:00,+886-903-880-048,"假投資,內線交易,VIP通道",7,2066585,碩博士,1
UID-1ecae631,2026-03-13 02:54:00,+886-901-263-045,"網路購物詐騙,ATM操作",193,7061,大專院校,1
UID-a25e14bf,2026-03-12 10:23:00,+886-902-143-305,"假檢警,監管帳戶",3,2413664,70+ 長者,1
UID-63d9d0c7,2026-03-12 23:33:00,+886-903-888-021,"假投資,內線交易,VIP通道",10,146861,碩博士,1
UID-03032211,2026-03-12 15:24:00,+886-903-880-047,"假投資,保證獲利",20,2956354,碩博士,1
UID-afce50a2,2026-03-12 23:28:00,+886-905-740-718,"交易糾紛,商品瑕疵",2,15000,學生,0
UID-6c4bbcdc,2026-03-13 02:10:00,+886-902-121-522,"假冒郵局,普發現金冒領",1,7901554,碩博士,1
UID-3d2c3085,2026-03-12 21:08:00,+886-901-212-026,"網路購物詐騙,ATM操作",258,33456,大專院校,1
UID-bf08e0d6,2026-03-13 01:32:00,+886-902-158-610,"假冒郵局,普發現金冒領",3,4365254,碩博士,1
UID-3b1aa5f1,2026-03-12 18:03:00,+886-905-103-772,"正常投資諮詢,理財規劃",1,15000,70+ 長者,0
UID-fff0e987,2026-03-13 08:02:00,+886-904-788-034,"Threads廣告,假兼職",23,62758,上班族,1
UID-394b9f14,2026-03-13 00:26:00,+886-902-116-425,"假員警,偵查不公開",2,5349159,50-69 中高齡,1
UID-57caa953,2026-03-12 17:14:00,+886-904-738-058,"Threads廣告,假兼職",26,141599,學生,1
UID-5911c332,2026-03-13 07:36:00,+886-903-885-028,"假投資,內線交易,VIP通道",15,2511052,碩博士,1
UID-5c220387,2026-03-12 17:54:00,+886-905-982-935,"債務不履行,退款延遲",1,0,70+ 長者,0
UID-48d92e6f,2026-03-12 11:39:00,+886-905-946-941,"司法文書送達,正常公務",2,0,學生,0
UID-2872039f,2026-03-12 21:51:00,+886-905-315-908,"正常投資諮詢,理財規劃",2,15000,上班族,0
UID-b17524c1,2026-03-12 19:33:00,+886-901-342-043,"網路購物詐騙,ATM操作",173,32399,高中職以下,1
UID-85855fba,2026-03-12 12:09:00,+886-904-154-083,"網路交友,要求儲值,點數卡",16,58246,上班族,1
UID-7ab4837e,2026-03-12 17:03:00,+886-904-713-071,"網路交友,要求儲值,點數卡",17,80839,學生,1
UID-5d195834,2026-03-12 10:09:00,+886-904-362-054,"網路交友,要求儲值,點數卡",17,120554,上班族,1
UID-848a53ca,2026-03-12 19:34:00,+886-905-977-159,"正常投資諮詢,理財規劃",2,0,碩博士,0
UID-172b3dd7,2026-03-13 03:47:00,+886-905-725-418,"債務不履行,退款延遲",1,500,大專院校,0
UID-7042f3c9,2026-03-13 05:17:00,+886-901-728-044,"網路購物詐騙,ATM操作",271,7063,大專院校,1
UID-256a1796,2026-03-12 10:43:00,+886-901-515-027,"網路購物詐騙,ATM操作",238,9304,大專院校,1
UID-d83ea535,2026-03-12 21:49:00,+886-903-880-095,"假投資,虛擬貨幣,高報酬",13,3161671,上班族,1
UID-3fdde0cc,2026-03-13 05:31:00,+886-905-408-138,"正常投資諮詢,理財規劃",1,0,學生,0
UID-134e46c1,2026-03-12 09:31:00,+886-905-145-758,"正常投資諮詢,理財規劃",2,3000,學生,0
UID-ee75ed80,2026-03-12 13:08:00,+886-905-375-825,"一般客訴,服務態度",1,15000,上班族,0
UID-39043380,2026-03-12 12:31:00,+886-902-200-402,"假檢警,監管帳戶",3,6443036,50-69 中高齡,1
UID-c4e88f14,2026-03-13 01:53:00,+886-904-578-052,"網路交友,要求儲值,點數卡",27,79097,碩博士,1
UID-7f23111b,2026-03-13 07:23:00,+886-905-128-654,"一般客訴,服務態度",2,15000,70+ 長者,0
UID-483e853e,2026-03-13 05:14:00,+886-905-653-907,"正常投資諮詢,理財規劃",1,15000,高中職以下,0
UID-9901c6de,2026-03-13 08:13:00,+886-904-640-057,"殺豬盤,平台無法出金",9,130500,碩博士,1
UID-5d0935c0,2026-03-13 07:16:00,+886-904-270-021,"網路交友,要求儲值,點數卡",28,123688,大專院校,1
UID-ec7b8e6d,2026-03-12 13:10:00,+886-905-548-235,"交易糾紛,商品瑕疵",2,0,碩博士,0
UID-6fdb225d,2026-03-12 14:33:00,+886-903-881-081,"假投資,資金盤",15,702423,碩博士,1
UID-e08d31f7,2026-03-12 10:55:00,+886-901-573-037,"幽靈包裹,超商取貨",293,24628,學生,1
UID-284930de,2026-03-13 01:01:00,+886-904-913-034,"Threads廣告,假兼職",6,82095,碩博士,1
UID-e1a375e3,2026-03-13 06:55:00,+886-901-677-041,"幽靈包裹,超商取貨",646,16377,上班族,1
UID-16732c2e,2026-03-12 11:52:00,+886-902-116-880,"假冒郵局,普發現金冒領",3,4789540,碩博士,1
UID-4c651f34,2026-03-12 10:50:00,+886-905-865-742,"債務不履行,退款延遲",1,3000,上班族,0
UID-e413c7ec,2026-03-12 20:40:00,+886-902-115-597,"假冒郵局,普發現金冒領",2,3041467,50-69 中高齡,1
UID-ad58ff60,2026-03-13 03:16:00,+886-902-193-711,"假冒郵局,普發現金冒領",2,6132964,70+ 長者,1
UID-5c1ba2cf,2026-03-12 15:01:00,+886-905-289-751,"債務不履行,退款延遲",2,0,大專院校,0
UID-cc34901c,2026-03-13 07:27:00,+886-903-881-094,"假投資,內線交易,VIP通道",20,2698670,50-69 中高齡,1
UID-b2baeb9f,2026-03-13 06:22:00,+886-904-148-060,"網路交友,要求儲值,點數卡",4,74443,上班族,1
UID-6bf89c8d,2026-03-13 02:30:00,+886-902-197-201,"假冒郵局,普發現金冒領",1,7305104,70+ 長者,1
UID-0563b123,2026-03-13 00:40:00,+886-905-955-581,"債務不履行,退款延遲",1,3000,高中職以下,0
UID-88e80c42,2026-03-12 16:26:00,+886-904-347-076,"殺豬盤,平台無法出金",5,131528,學生,1
UID-8f21ef0a,2026-03-12 21:24:00,+886-901-420-022,"幽靈包裹,超商取貨",155,10589,高中職以下,1
UID-d746c2aa,2026-03-13 05:32:00,+886-903-881-096,"假投資,虛擬貨幣,高報酬",15,1408298,碩博士,1
UID-dd7d79d9,2026-03-12 12:51:00,+886-905-797-810,"交易糾紛,商品瑕疵",1,0,學生,0
UID-a15b4558,2026-03-12 20:53:00,+886-903-889-090,"假投資,保證獲利",11,1215704,碩博士,1
UID-a5a760cb,2026-03-13 04:39:00,+886-904-942-092,"殺豬盤,平台無法出金",7,130145,碩博士,1
UID-537b0f20,2026-03-12 21:08:00,+886-905-659-493,"一般客訴,服務態度",2,15000,50-69 中高齡,0
UID-46f0fc95,2026-03-12 20:19:00,+886-903-880-054,"假投資,內線交易,VIP通道",7,2396562,50-69 中高齡,1
UID-437d79b5,2026-03-13 05:27:00,+886-902-146-629,"假扣押財產,面交黃金白銀",1,5781914,70+ 長者,1
UID-7491159b,2026-03-13 00:11:00,+886-904-572-087,"網路交友,AI濾鏡假冒",26,98204,碩博士,1
UID-5a024297,2026-03-13 08:33:00,+886-902-133-331,"假冒郵局,普發現金冒領",2,3038081,70+ 長者,1
UID-2b3fd4dd,2026-03-12 14:12:00,+886-902-165-584,"假冒郵局,普發現金冒領",1,5097337,50-69 中高齡,1
UID-63db57f9,2026-03-12 14:27:00,+886-904-756-036,"殺豬盤,平台無法出金",28,89743,學生,1
UID-32e071ea,2026-03-12 14:11:00,+886-902-168-164,"假員警,偵查不公開",3,6881114,50-69 中高齡,1
UID-f1520324,2026-03-12 14:38:00,+886-903-886-026,"假投資,虛擬貨幣,高報酬",20,166881,碩博士,1
UID-5967dccb,2026-03-13 08:34:00,+886-903-880-034,"假投資,內線交易,VIP通道",16,2096457,碩博士,1
UID-6ca5170e,2026-03-12 14:09:00,+886-901-759-021,"幽靈包裹,超商取貨",192,3957,高中職以下,1
UID-9046f7ba,2026-03-12 22:51:00,+886-902-178-968,"假檢警,監管帳戶",1,1038649,50-69 中高齡,1
UID-a8bae8ca,2026-03-13 07:45:00,+886-905-252-965,"交易糾紛,商品瑕疵",2,500,50-69 中高齡,0
UID-e86aaec0,2026-03-12 21:45:00,+886-905-930-219,"交易糾紛,商品瑕疵",2,3000,高中職以下,0
UID-c797f0cc,2026-03-12 15:04:00,+886-904-461-007,"網路交友,要求儲值,點數卡",16,105546,大專院校,1
UID-9cd8f88a,2026-03-12 18:45:00,+886-904-739-088,"殺豬盤,平台無法出金",7,24654,上班族,1
UID-77a19ba7,2026-03-12 10:21:00,+886-903-882-064,"假投資,資金盤",19,4738126,上班族,1
UID-760e486b,2026-03-13 05:39:00,+886-903-880-030,"假投資,保證獲利",10,3477524,上班族,1
UID-329ceb09,2026-03-13 06:46:00,+886-905-817-460,"正常投資諮詢,理財規劃",2,3000,大專院校,0
UID-8efdc448,2026-03-13 02:54:00,+886-903-880-006,"假投資,虛擬貨幣,高報酬",20,3821169,碩博士,1
UID-a00a813c,2026-03-13 04:47:00,+886-905-670-334,"一般客訴,服務態度",2,3000,高中職以下,0
UID-ca405cae,2026-03-12 11:46:00,+886-905-430-245,"正常投資諮詢,理財規劃",2,15000,70+ 長者,0
UID-565039f5,2026-03-12 15:28:00,+886-905-625-201,"一般客訴,服務態度",1,3000,學生,0
UID-06cad9d1,2026-03-12 18:52:00,+886-903-884-059,"假投資,保證獲利",13,3736602,碩博士,1
UID-f57135df,2026-03-13 02:38:00,+886-903-889-021,"假投資,保證獲利",20,654492,上班族,1
UID-4446d769,2026-03-13 03:09:00,+886-903-885-012,"假投資,資金盤",13,1639752,碩博士,1
UID-ff8b585f,2026-03-13 01:58:00,+886-902-109-886,"假檢警,監管帳戶",2,617789,70+ 長者,1
UID-736a8ca4,2026-03-13 03:57:00,+886-903-880-039,"假投資,虛擬貨幣,高報酬",20,4026924,碩博士,1
UID-482b360d,2026-03-12 09:10:00,+886-999-999-999,"機器人測試,惡意灌水",12472,0,未知,0
UID-8efb39c1,2026-03-13 01:48:00,+886-904-686-094,"殺豬盤,平台無法出金",27,28878,學生,1
UID-de26095b,2026-03-12 23:52:00,+886-902-146-811,"假檢警,監管帳戶",2,5205500,50-69 中高齡,1
UID-061731c0,2026-03-12 09:22:00,+886-905-668-441,"交易糾紛,商品瑕疵",1,15000,上班族,0
UID-c293b26f,2026-03-12 09:06:00,+886-999-999-999,"機器人測試,惡意灌水",10582,0,未知,0
UID-0a9ccc57,2026-03-12 11:18:00,+886-901-390-028,"幽靈包裹,超商取貨",164,24687,高中職以下,1
UID-1a5b4898,2026-03-13 01:01:00,+886-905-948-804,"司法文書送達,正常公務",1,15000,高中職以下,0
UID-d8f7575e,2026-03-12 18:45:00,+886-905-806-889,"債務不履行,退款延遲",1,500,高中職以下,0
UID-5bc280f1,2026-03-12 16:31:00,+886-905-389-513,"正常投資諮詢,理財規劃",1,0,高中職以下,0
UID-168c042f,2026-03-13 02:54:00,+886-903-888-036,"假投資,虛擬貨幣,高報酬",14,4868607,碩博士,1
UID-301a6122,2026-03-12 13:13:00,+886-905-346-216,"正常投資諮詢,理財規劃",2,15000,高中職以下,0
UID-b7b7775c,2026-03-13 01:42:00,+886-904-130-025,"Threads廣告,假兼職",26,141133,上班族,1
UID-a614b702,2026-03-12 11:11:00,+886-904-583-042,"網路交友,要求儲值,點數卡",10,74272,上班族,1
UID-94092edf,2026-03-12 09:52:00,+886-902-114-412,"假冒郵局,普發現金冒領",2,579561,70+ 長者,1
UID-7327598f,2026-03-13 08:19:00,+886-901-547-019,"網路購物詐騙,解除分期付款",163,43323,大專院校,1
UID-2c20dfe5,2026-03-12 14:59:00,+886-903-886-035,"假投資,內線交易,VIP通道",15,1664734,碩博士,1
UID-7de270e5,2026-03-12 19:58:00,+886-901-874-034,"網路購物詐騙,假賣場",318,39156,高中職以下,1
UID-38e4e260,2026-03-13 06:32:00,+886-902-130-596,"假檢警,監管帳戶",1,6844133,碩博士,1
UID-3eda18a0,2026-03-12 12:23:00,+886-901-374-046,"網路購物詐騙,假賣場",206,27483,高中職以下,1
UID-3dff8a18,2026-03-12 11:18:00,+886-901-512-037,"幽靈包裹,超商取貨",167,2349,學生,1
UID-b3701b90,2026-03-12 23:42:00,+886-905-120-694,"正常投資諮詢,理財規劃",1,0,上班族,0
UID-a710254f,2026-03-12 11:32:00,+886-905-827-469,"交易糾紛,商品瑕疵",1,500,70+ 長者,0
UID-49f4d70e,2026-03-13 03:51:00,+886-905-792-272,"一般客訴,服務態度",2,3000,70+ 長者,0
UID-7c76f81b,2026-03-12 10:41:00,+886-901-493-038,"網路購物詐騙,假賣場",205,3496,大專院校,1
UID-b238bd16,2026-03-12 14:11:00,+886-901-366-006,"網路購物詐騙,ATM操作",165,1128,大專院校,1
UID-a115cf5f,2026-03-13 04:09:00,+886-903-888-032,"假投資,保證獲利",6,4497965,上班族,1
UID-e4078609,2026-03-12 16:28:00,+886-902-163-572,"假檢警,監管帳戶",3,7172849,70+ 長者,1
UID-8e2a2817,2026-03-12 09:16:00,+886-905-532-939,"正常投資諮詢,理財規劃",2,500,上班族,0
UID-dc1fa7dd,2026-03-13 04:02:00,+886-903-887-008,"假投資,內線交易,VIP通道",20,1147104,上班族,1
UID-06aad338,2026-03-12 09:06:00,+886-999-999-999,"機器人測試,惡意灌水",10310,0,未知,0
UID-ebf7258a,2026-03-13 02:37:00,+886-902-190-485,"假冒郵局,普發現金冒領",1,5297464,碩博士,1
UID-dfd511e0,2026-03-13 05:52:00,+886-901-335-015,"幽靈包裹,超商取貨",156,33768,大專院校,1
UID-d30ae23e,2026-03-13 06:26:00,+886-903-880-088,"假投資,內線交易,VIP通道",15,1929995,上班族,1
UID-82cb81fb,2026-03-12 23:46:00,+886-905-384-283,"交易糾紛,商品瑕疵",1,15000,70+ 長者,0
UID-8000bbf8,2026-03-13 02:49:00,+886-905-298-284,"正常投資諮詢,理財規劃",2,3000,碩博士,0
UID-d5acbd24,2026-03-12 13:50:00,+886-905-267-978,"一般客訴,服務態度",1,3000,70+ 長者,0
UID-1a06a5d9,2026-03-12 10:43:00,+886-905-612-948,"正常投資諮詢,理財規劃",1,500,大專院校,0
UID-5c58ea29,2026-03-13 05:31:00,+886-905-798-968,"正常投資諮詢,理財規劃",1,15000,70+ 長者,0
UID-85be0437,2026-03-12 14:24:00,+886-902-102-648,"假檢警,監管帳戶",1,5580713,50-69 中高齡,1
UID-6daddb70,2026-03-12 11:40:00,+886-902-164-205,"假冒郵局,普發現金冒領",1,2409458,70+ 長者,1
UID-b00457d7,2026-03-13 06:33:00,+886-905-841-541,"司法文書送達,正常公務",1,3000,50-69 中高齡,0
UID-07086558,2026-03-12 10:36:00,+886-903-889-051,"假投資,保證獲利",8,1656906,大專院校,1
UID-990fc11f,2026-03-12 13:31:00,+886-905-651-879,"債務不履行,退款延遲",2,0,學生,0
UID-eef30981,2026-03-12 12:49:00,+886-901-661-020,"網路購物詐騙,解除分期付款",972,21415,大專院校,1
UID-fb48da42,2026-03-12 17:32:00,+886-905-680-814,"一般客訴,服務態度",2,500,高中職以下,0
UID-6c83157e,2026-03-13 02:54:00,+886-903-887-046,"假投資,虛擬貨幣,高報酬",16,2148733,碩博士,1
UID-2042df73,2026-03-12 14:21:00,+886-902-134-426,"假扣押財產,面交黃金白銀",1,3171311,70+ 長者,1
UID-4125de0f,2026-03-12 11:03:00,+886-902-102-877,"假冒郵局,普發現金冒領",3,787960,70+ 長者,1
UID-c0f56f45,2026-03-12 12:41:00,+886-902-168-195,"假檢警,監管帳戶",2,2651754,碩博士,1
UID-00ad2330,2026-03-12 09:41:00,+886-905-662-405,"交易糾紛,商品瑕疵",2,15000,上班族,0
UID-fd47baa6,2026-03-12 18:29:00,+886-905-483-880,"一般客訴,服務態度",2,3000,學生,0
UID-b1cbb7c2,2026-03-12 23:54:00,+886-904-252-099,"殺豬盤,平台無法出金",8,70858,學生,1
UID-776eea35,2026-03-12 10:14:00,+886-902-152-767,"假扣押財產,面交黃金白銀",3,7409693,50-69 中高齡,1
UID-b06e3a8c,2026-03-13 02:36:00,+886-903-882-001,"假投資,資金盤",20,675798,50-69 中高齡,1
UID-aa9fff5a,2026-03-13 05:43:00,+886-905-710-751,"司法文書送達,正常公務",2,3000,50-69 中高齡,0
UID-32b5c018,2026-03-13 05:38:00,+886-905-442-310,"司法文書送達,正常公務",2,0,高中職以下,0
UID-3b260dae,2026-03-12 20:12:00,+886-903-880-065,"假投資,虛擬貨幣,高報酬",5,4862516,上班族,1
UID-b4ac33f1,2026-03-13 01:31:00,+886-905-541-790,"司法文書送達,正常公務",1,500,上班族,0
UID-9d90afa1,2026-03-13 02:57:00,+886-904-486-026,"殺豬盤,平台無法出金",17,143865,大專院校,1
UID-f6994687,2026-03-12 12:14:00,+886-901-186-028,"網路購物詐騙,假賣場",895,13380,學生,1
UID-0c50c793,2026-03-12 12:44:00,+886-901-778-012,"網路購物詐騙,假賣場",225,31799,上班族,1
UID-da0cf2aa,2026-03-12 09:57:00,+886-904-189-060,"殺豬盤,平台無法出金",6,126925,學生,1
UID-d9a772a0,2026-03-12 20:41:00,+886-901-449-045,"網路購物詐騙,假賣場",205,24937,高中職以下,1
UID-ab23c3d5,2026-03-12 17:35:00,+886-901-421-032,"網路購物詐騙,假賣場",278,13589,高中職以下,1
UID-8df5d07d,2026-03-12 15:08:00,+886-901-430-036,"網路購物詐騙,ATM操作",215,37718,大專院校,1
UID-188f1ddd,2026-03-13 00:28:00,+886-903-887-045,"假投資,虛擬貨幣,高報酬",8,2276917,碩博士,1
UID-207dbae1,2026-03-12 20:59:00,+886-904-449-080,"殺豬盤,平台無法出金",4,146359,上班族,1
UID-e0edf45f,2026-03-12 12:53:00,+886-903-887-043,"假投資,虛擬貨幣,高報酬",20,3838317,碩博士,1
UID-8ae4118f,2026-03-13 08:29:00,+886-903-881-009,"假投資,資金盤",12,4142045,大專院校,1
UID-0ec3770d,2026-03-12 15:29:00,+886-901-929-009,"網路購物詐騙,假賣場",25654,26633,學生,1
UID-dcf0bed7,2026-03-12 20:48:00,+886-902-110-258,"假冒郵局,普發現金冒領",1,5128504,70+ 長者,1
UID-351996de,2026-03-13 07:53:00,+886-901-373-012,"網路購物詐騙,解除分期付款",549,20139,大專院校,1
UID-e974b8ab,2026-03-13 07:57:00,+886-905-386-870,"司法文書送達,正常公務",1,15000,上班族,0
UID-739a939a,2026-03-12 20:07:00,+886-905-833-620,"交易糾紛,商品瑕疵",1,0,學生,0
UID-73c265a4,2026-03-12 19:04:00,+886-901-945-005,"網路購物詐騙,ATM操作",219,23940,高中職以下,1
UID-0ceec990,2026-03-12 21:54:00,+886-903-886-012,"假投資,虛擬貨幣,高報酬",9,2684109,上班族,1
UID-437cdd8a,2026-03-12 17:49:00,+886-904-702-014,"Threads廣告,假兼職",23,77179,上班族,1
UID-a9cb3ceb,2026-03-13 01:22:00,+886-905-122-596,"交易糾紛,商品瑕疵",2,15000,上班族,0
UID-79562aec,2026-03-12 09:02:00,+886-999-999-999,"機器人測試,惡意灌水",8834,0,未知,0
UID-f3e34e49,2026-03-13 04:15:00,+886-903-885-001,"假投資,資金盤",20,4138228,碩博士,1
UID-8bc269c3,2026-03-13 03:22:00,+886-904-502-046,"Threads廣告,假兼職",30,47000,上班族,1
UID-0c365bb2,2026-03-12 22:43:00,+886-901-123-050,"網路購物詐騙,假賣場",247,10861,大專院校,1
UID-f940c6ba,2026-03-13 03:42:00,+886-902-104-674,"假檢警,監管帳戶",3,5807004,碩博士,1
UID-4ec7dd92,2026-03-12 14:35:00,+886-904-221-074,"網路交友,要求儲值,點數卡",21,7826,學生,1
UID-c7598efd,2026-03-13 01:17:00,+886-905-814-712,"一般客訴,服務態度",1,15000,高中職以下,0
UID-78056d36,2026-03-12 13:34:00,+886-902-123-625,"假冒郵局,普發現金冒領",2,7987256,50-69 中高齡,1
UID-b9d257c9,2026-03-12 11:12:00,+886-905-676-604,"正常投資諮詢,理財規劃",1,3000,大專院校,0
UID-b4dad2cc,2026-03-13 00:14:00,+886-902-156-191,"假冒郵局,普發現金冒領",3,4949368,70+ 長者,1
UID-36b0f300,2026-03-12 11:13:00,+886-905-235-746,"正常投資諮詢,理財規劃",1,15000,學生,0
UID-1f524735,2026-03-12 11:57:00,+886-901-825-038,"網路購物詐騙,解除分期付款",308,30922,大專院校,1
UID-147b478f,2026-03-13 02:15:00,+886-904-287-002,"網路交友,要求儲值,點數卡",16,99975,碩博士,1
UID-713d1cef,2026-03-13 02:54:00,+886-905-640-529,"一般客訴,服務態度",1,0,50-69 中高齡,0
UID-6ed1928e,2026-03-12 15:12:00,+886-901-831-017,"網路購物詐騙,假賣場",301,13480,上班族,1
UID-388ae805,2026-03-12 14:52:00,+886-905-922-862,"交易糾紛,商品瑕疵",2,0,70+ 長者,0
UID-ac888553,2026-03-13 08:00:00,+886-902-118-142,"假冒郵局,普發現金冒領",2,3954713,碩博士,1
UID-bf6337cd,2026-03-12 17:55:00,+886-902-125-888,"假員警,偵查不公開",1,4125141,70+ 長者,1
UID-47e7d720,2026-03-12 16:17:00,+886-903-888-058,"假投資,內線交易,VIP通道",13,1653561,50-69 中高齡,1
UID-7151b686,2026-03-12 19:26:00,+886-901-966-033,"幽靈包裹,超商取貨",157,26981,上班族,1
UID-1d076110,2026-03-12 16:36:00,+886-904-776-060,"Threads廣告,假兼職",5,32688,學生,1
UID-1e8ec293,2026-03-12 21:41:00,+886-903-883-074,"假投資,保證獲利",19,2843174,上班族,1
UID-b1b40ca9,2026-03-12 22:46:00,+886-901-109-032,"幽靈包裹,超商取貨",573,21797,學生,1
UID-74980bd6,2026-03-13 03:02:00,+886-902-148-321,"假檢警,監管帳戶",1,792002,70+ 長者,1
UID-98d29294,2026-03-13 05:29:00,+886-903-882-004,"假投資,保證獲利",11,691684,50-69 中高齡,1
UID-87068f48,2026-03-13 08:36:00,+886-901-559-032,"網路購物詐騙,假賣場",157,33374,大專院校,1
UID-666bd4bd,2026-03-12 19:26:00,+886-902-142-339,"假扣押財產,面交黃金白銀",3,1931463,50-69 中高齡,1
UID-dca764e5,2026-03-12 23:02:00,+886-901-650-003,"網路購物詐騙,解除分期付款",170,35802,上班族,1
UID-6f0e8f84,2026-03-13 00:45:00,+886-903-889-042,"假投資,資金盤",5,802786,碩博士,1
UID-fa6af848,2026-03-13 05:17:00,+886-905-454-318,"一般客訴,服務態度",1,15000,碩博士,0
UID-67be8d9d,2026-03-12 21:43:00,+886-903-883-075,"假投資,資金盤",6,2771045,上班族,1
UID-abbcefb9,2026-03-13 02:39:00,+886-905-318-510,"司法文書送達,正常公務",1,500,50-69 中高齡,0
UID-fd099dd6,2026-03-13 07:03:00,+886-903-880-070,"假投資,內線交易,VIP通道",13,2689106,碩博士,1
UID-ecc22a11,2026-03-13 00:53:00,+886-902-200-433,"假檢警,監管帳戶",2,657979,70+ 長者,1
UID-a6de08ef,2026-03-12 19:08:00,+886-903-885-097,"假投資,虛擬貨幣,高報酬",7,4518581,50-69 中高齡,1
UID-fdf1bd86,2026-03-12 17:35:00,+886-901-383-049,"幽靈包裹,超商取貨",155,29519,學生,1
UID-d255b788,2026-03-13 06:32:00,+886-905-127-173,"一般客訴,服務態度",2,15000,碩博士,0
UID-4a1526ab,2026-03-12 21:52:00,+886-905-616-799,"一般客訴,服務態度",1,15000,高中職以下,0
UID-c7ceacec,2026-03-12 16:56:00,+886-905-467-489,"一般客訴,服務態度",1,0,高中職以下,0
UID-ac6516a2,2026-03-12 14:36:00,+886-903-882-097,"假投資,虛擬貨幣,高報酬",11,2196336,上班族,1
UID-48107c08,2026-03-13 03:25:00,+886-903-886-017,"假投資,資金盤",7,2395465,碩博士,1
UID-a0042ec9,2026-03-13 01:28:00,+886-903-884-092,"假投資,虛擬貨幣,高報酬",19,201940,大專院校,1
UID-6e3198bb,2026-03-13 06:34:00,+886-905-882-972,"正常投資諮詢,理財規劃",2,0,70+ 長者,0
UID-cb9cdd30,2026-03-12 09:50:00,+886-905-484-606,"司法文書送達,正常公務",2,3000,上班族,0
UID-30808dc7,2026-03-12 13:23:00,+886-905-120-451,"一般客訴,服務態度",1,15000,碩博士,0
UID-f2c6af8c,2026-03-12 23:40:00,+886-901-701-005,"網路購物詐騙,假賣場",326,42842,高中職以下,1
UID-1b88b5e1,2026-03-13 01:57:00,+886-903-885-040,"假投資,資金盤",12,3991996,上班族,1
UID-97edc2e2,2026-03-12 19:45:00,+886-905-733-663,"一般客訴,服務態度",2,0,上班族,0
UID-eec8cea9,2026-03-12 09:04:00,+886-999-999-999,"機器人測試,惡意灌水",10032,0,未知,0
UID-45bd990b,2026-03-13 06:01:00,+886-904-284-070,"Threads廣告,假兼職",17,82545,大專院校,1
UID-448b2521,2026-03-13 05:26:00,+886-905-479-163,"一般客訴,服務態度",2,500,上班族,0
UID-2b3a2178,2026-03-12 09:27:00,+886-903-888-008,"假投資,保證獲利",18,2491050,碩博士,1
UID-1c72c989,2026-03-13 05:05:00,+886-903-881-069,"假投資,內線交易,VIP通道",14,1345751,碩博士,1
UID-f4f1253c,2026-03-12 09:29:00,+886-905-131-835,"交易糾紛,商品瑕疵",1,0,大專院校,0
UID-335d14fd,2026-03-12 15:52:00,+886-903-888-060,"假投資,內線交易,VIP通道",10,1969646,上班族,1
UID-9022b166,2026-03-13 02:39:00,+886-904-720-091,"網路交友,AI濾鏡假冒",17,136571,學生,1
UID-0fed08e9,2026-03-12 15:45:00,+886-905-394-578,"一般客訴,服務態度",2,15000,學生,0
UID-c5572a6b,2026-03-13 03:38:00,+886-901-208-018,"網路購物詐騙,解除分期付款",312,29632,大專院校,1
UID-5354f978,2026-03-12 17:40:00,+886-902-160-671,"假員警,偵查不公開",3,7319598,70+ 長者,1
UID-16dfd56a,2026-03-12 22:15:00,+886-905-779-316,"債務不履行,退款延遲",1,3000,50-69 中高齡,0
UID-1db6a1b8,2026-03-12 16:38:00,+886-905-216-309,"一般客訴,服務態度",1,15000,上班族,0
UID-55338157,2026-03-12 22:01:00,+886-904-583-061,"網路交友,要求儲值,點數卡",21,24156,大專院校,1
UID-240b3244,2026-03-12 23:22:00,+886-903-888-086,"假投資,保證獲利",6,3971449,50-69 中高齡,1
UID-00e52da6,2026-03-12 17:43:00,+886-902-130-450,"假員警,偵查不公開",1,5739929,70+ 長者,1
UID-6a436c94,2026-03-12 22:40:00,+886-902-199-974,"假檢警,監管帳戶",3,1132836,70+ 長者,1
UID-4a51f0d4,2026-03-12 17:16:00,+886-902-195-618,"假員警,偵查不公開",3,3406498,70+ 長者,1
UID-2a562aaf,2026-03-12 09:16:00,+886-905-198-868,"交易糾紛,商品瑕疵",1,3000,70+ 長者,0
UID-d5a4012b,2026-03-12 17:53:00,+886-905-409-472,"一般客訴,服務態度",1,15000,碩博士,0
UID-3847c991,2026-03-13 05:17:00,+886-902-166-791,"假員警,偵查不公開",3,4422768,70+ 長者,1
UID-8317db43,2026-03-12 18:50:00,+886-905-173-677,"司法文書送達,正常公務",2,3000,高中職以下,0
UID-64f97a6f,2026-03-12 10:11:00,+886-903-886-059,"假投資,資金盤",18,3285630,50-69 中高齡,1
UID-bca592a7,2026-03-12 19:00:00,+886-901-227-025,"幽靈包裹,超商取貨",981,36931,大專院校,1
UID-01178694,2026-03-13 06:26:00,+886-904-826-013,"Threads廣告,假兼職",27,149662,碩博士,1
UID-697bd7f4,2026-03-13 02:32:00,+886-902-131-875,"假扣押財產,面交黃金白銀",1,2199615,50-69 中高齡,1
UID-b8f0ea0c,2026-03-12 23:14:00,+886-901-774-044,"網路購物詐騙,ATM操作",291,24667,大專院校,1
UID-546bc723,2026-03-12 22:20:00,+886-901-574-004,"網路購物詐騙,解除分期付款",215,28896,高中職以下,1
UID-9a3c7733,2026-03-12 14:42:00,+886-903-888-064,"假投資,虛擬貨幣,高報酬",6,4238939,碩博士,1
UID-0942f761,2026-03-13 08:32:00,+886-905-740-379,"一般客訴,服務態度",1,3000,學生,0
UID-e47b0a54,2026-03-13 05:51:00,+886-905-351-845,"司法文書送達,正常公務",1,15000,碩博士,0
UID-fa67253e,2026-03-13 00:49:00,+886-903-886-063,"假投資,內線交易,VIP通道",19,4048139,碩博士,1
UID-877421fc,2026-03-12 13:15:00,+886-903-885-035,"假投資,虛擬貨幣,高報酬",11,729078,50-69 中高齡,1
UID-ec22ff88,2026-03-12 13:59:00,+886-905-388-928,"正常投資諮詢,理財規劃",1,500,70+ 長者,0
UID-3d61c845,2026-03-12 15:29:00,+886-905-100-786,"交易糾紛,商品瑕疵",1,15000,50-69 中高齡,0
UID-43ea427b,2026-03-13 05:49:00,+886-901-315-022,"幽靈包裹,超商取貨",2995,2143,上班族,1
UID-42b8be2d,2026-03-13 06:27:00,+886-905-922-450,"交易糾紛,商品瑕疵",1,500,高中職以下,0
UID-1e9872d8,2026-03-13 03:29:00,+886-902-155-225,"假員警,偵查不公開",2,2053040,70+ 長者,1
UID-60315a6c,2026-03-12 15:02:00,+886-903-884-056,"假投資,保證獲利",9,3109206,碩博士,1
UID-83142048,2026-03-12 19:18:00,+886-901-947-020,"網路購物詐騙,解除分期付款",179,33928,高中職以下,1
UID-588fcaa1,2026-03-12 15:06:00,+886-903-884-089,"假投資,保證獲利",10,2841692,上班族,1
UID-949685d5,2026-03-13 06:39:00,+886-903-889-029,"假投資,內線交易,VIP通道",15,1055231,上班族,1
UID-61d42a3c,2026-03-12 19:28:00,+886-905-945-692,"正常投資諮詢,理財規劃",1,15000,高中職以下,0
UID-6102147d,2026-03-12 18:49:00,+886-905-495-630,"司法文書送達,正常公務",1,3000,碩博士,0
UID-97ff97a9,2026-03-12 17:22:00,+886-903-884-094,"假投資,保證獲利",10,1189259,上班族,1
UID-14bf5dfe,2026-03-13 02:53:00,+886-901-567-034,"幽靈包裹,超商取貨",150,2246,高中職以下,1
UID-7a0b03b6,2026-03-12 16:34:00,+886-905-728-220,"一般客訴,服務態度",1,15000,碩博士,0
UID-de738f21,2026-03-12 15:53:00,+886-903-885-051,"假投資,保證獲利",10,3507239,碩博士,1
UID-1b97a987,2026-03-12 14:33:00,+886-902-128-775,"假扣押財產,面交黃金白銀",2,760350,碩博士,1
UID-dc1ea3ed,2026-03-13 02:39:00,+886-901-179-041,"網路購物詐騙,ATM操作",839,16390,高中職以下,1
UID-6ac82f28,2026-03-12 18:07:00,+886-905-369-834,"債務不履行,退款延遲",1,15000,高中職以下,0
UID-4240cc35,2026-03-13 07:48:00,+886-903-886-089,"假投資,資金盤",17,675804,上班族,1
UID-63f14e50,2026-03-12 20:29:00,+886-903-883-090,"假投資,保證獲利",18,3367248,上班族,1
UID-c0d32275,2026-03-13 06:27:00,+886-905-526-229,"正常投資諮詢,理財規劃",1,15000,50-69 中高齡,0
UID-37dc4dbd,2026-03-12 12:25:00,+886-902-123-180,"假檢警,監管帳戶",1,6412465,50-69 中高齡,1
UID-4399d255,2026-03-13 00:31:00,+886-901-844-034,"網路購物詐騙,假賣場",213,44860,學生,1
UID-71c23bbd,2026-03-12 22:53:00,+886-902-156-711,"假扣押財產,面交黃金白銀",2,3406147,碩博士,1
UID-e60f7cbd,2026-03-12 09:06:00,+886-999-999-999,"機器人測試,惡意灌水",14142,0,未知,0
UID-713bcea8,2026-03-12 22:18:00,+886-903-882-009,"假投資,保證獲利",8,1974674,50-69 中高齡,1
UID-38ae0239,2026-03-13 02:11:00,+886-905-320-282,"一般客訴,服務態度",1,0,上班族,0
UID-7bca6978,2026-03-12 19:44:00,+886-903-881-008,"假投資,資金盤",10,3641984,大專院校,1
UID-60489ad2,2026-03-12 16:49:00,+886-902-153-916,"假冒郵局,普發現金冒領",1,3091612,70+ 長者,1
UID-e14412f6,2026-03-12 17:41:00,+886-901-762-032,"網路購物詐騙,ATM操作",176,34815,學生,1
UID-0eb595dc,2026-03-13 08:46:00,+886-904-690-004,"Threads廣告,假兼職",14,33283,碩博士,1
UID-51cbedd8,2026-03-12 13:56:00,+886-903-881-028,"假投資,內線交易,VIP通道",7,3618070,上班族,1
UID-169decf1,2026-03-13 06:08:00,+886-905-301-494,"司法文書送達,正常公務",1,0,50-69 中高齡,0
UID-8d689e8a,2026-03-13 00:11:00,+886-903-883-055,"假投資,保證獲利",8,4636367,碩博士,1
UID-f9510fbd,2026-03-13 01:28:00,+886-903-889-049,"假投資,內線交易,VIP通道",17,3489227,50-69 中高齡,1
UID-c1bb70a8,2026-03-12 17:45:00,+886-901-594-028,"網路購物詐騙,假賣場",655,8437,高中職以下,1
UID-dbd20f5a,2026-03-12 21:43:00,+886-901-621-006,"幽靈包裹,超商取貨",566,11005,學生,1
UID-856ac320,2026-03-12 10:42:00,+886-905-882-543,"一般客訴,服務態度",1,500,上班族,0
UID-88cd7229,2026-03-13 00:12:00,+886-903-886-051,"假投資,保證獲利",15,552972,碩博士,1
UID-1d43a044,2026-03-12 18:58:00,+886-901-382-019,"幽靈包裹,超商取貨",218,5105,高中職以下,1
UID-2b0b3c21,2026-03-12 09:04:00,+886-999-999-999,"機器人測試,惡意灌水",12044,0,未知,0
UID-431e0fc4,2026-03-12 13:44:00,+886-904-250-025,"網路交友,要求儲值,點數卡",17,149776,學生,1
UID-798effeb,2026-03-12 09:03:00,+886-999-999-999,"機器人測試,惡意灌水",14064,0,未知,0
UID-bc0f5a87,2026-03-12 21:47:00,+886-903-886-028,"假投資,保證獲利",17,2336428,碩博士,1
UID-46dc9c29,2026-03-12 15:44:00,+886-903-883-077,"假投資,虛擬貨幣,高報酬",7,265888,上班族,1
UID-96f1899f,2026-03-12 12:45:00,+886-901-644-005,"網路購物詐騙,ATM操作",753,8369,學生,1
UID-3ddbc941,2026-03-12 19:06:00,+886-901-535-049,"幽靈包裹,超商取貨",4291,13491,大專院校,1
UID-4ad7fb93,2026-03-13 02:05:00,+886-902-200-914,"假檢警,監管帳戶",1,4993064,50-69 中高齡,1
UID-7db0d0ee,2026-03-13 01:10:00,+886-901-340-022,"網路購物詐騙,解除分期付款",320,26034,大專院校,1
UID-9306f448,2026-03-13 02:24:00,+886-901-457-021,"網路購物詐騙,解除分期付款",231,6543,學生,1
UID-bd0abf22,2026-03-12 22:18:00,+886-904-592-072,"Threads廣告,假兼職",7,67615,碩博士,1
UID-40ec790c,2026-03-13 06:20:00,+886-901-617-025,"網路購物詐騙,ATM操作",180,23119,上班族,1
UID-eff0f106,2026-03-12 16:51:00,+886-903-886-039,"假投資,內線交易,VIP通道",5,1636541,上班族,1
UID-5a1e208a,2026-03-12 22:02:00,+886-903-883-035,"假投資,虛擬貨幣,高報酬",16,2956170,50-69 中高齡,1
UID-d1074f30,2026-03-13 00:45:00,+886-903-883-036,"假投資,資金盤",6,4725036,上班族,1
UID-fc2e01f8,2026-03-12 18:05:00,+886-905-913-431,"交易糾紛,商品瑕疵",1,15000,高中職以下,0
UID-89bc841f,2026-03-12 18:04:00,+886-905-915-823,"正常投資諮詢,理財規劃",1,0,高中職以下,0
UID-849f1838,2026-03-12 11:41:00,+886-905-391-543,"債務不履行,退款延遲",1,15000,70+ 長者,0
UID-4f34f172,2026-03-13 05:21:00,+886-901-497-035,"網路購物詐騙,解除分期付款",167,4718,上班族,1
UID-3412c34f,2026-03-13 06:57:00,+886-905-635-815,"正常投資諮詢,理財規劃",1,500,學生,0
UID-490c22c3,2026-03-12 11:48:00,+886-904-353-062,"網路交友,AI濾鏡假冒",14,108865,碩博士,1
UID-ee5e008a,2026-03-13 01:07:00,+886-901-219-050,"網路購物詐騙,解除分期付款",172,18926,大專院校,1
UID-2fa2f053,2026-03-12 13:19:00,+886-901-462-026,"網路購物詐騙,ATM操作",241,34169,上班族,1
UID-685cc1f3,2026-03-12 09:09:00,+886-999-999-999,"機器人測試,惡意灌水",10507,0,未知,0
UID-118f5e6c,2026-03-13 04:13:00,+886-903-886-039,"假投資,內線交易,VIP通道",17,4233103,上班族,1
UID-1bcb4bdb,2026-03-12 19:19:00,+886-903-888-087,"假投資,保證獲利",11,2098787,碩博士,1
UID-8578d0bb,2026-03-12 10:49:00,+886-905-807-337,"司法文書送達,正常公務",2,3000,上班族,0
UID-5b122be7,2026-03-12 17:25:00,+886-903-887-074,"假投資,內線交易,VIP通道",18,142872,碩博士,1
UID-9f84ac41,2026-03-13 00:50:00,+886-903-889-022,"假投資,資金盤",12,1864246,上班族,1
UID-04aca54c,2026-03-12 18:05:00,+886-905-492-922,"正常投資諮詢,理財規劃",1,0,高中職以下,0
UID-f7b6515e,2026-03-12 21:48:00,+886-905-989-425,"一般客訴,服務態度",1,3000,高中職以下,0
UID-423b9b0f,2026-03-13 09:00:00,+886-903-887-002,"假投資,資金盤",8,2581562,上班族,1
UID-dd8569e7,2026-03-13 07:26:00,+886-905-260-671,"一般客訴,服務態度",2,3000,上班族,0
UID-017aa21f,2026-03-13 07:51:00,+886-903-885-013,"假投資,虛擬貨幣,高報酬",7,3079259,上班族,1
UID-c93d69e5,2026-03-12 22:54:00,+886-903-889-056,"假投資,保證獲利",18,1366097,碩博士,1
UID-16fece01,2026-03-12 10:10:00,+886-902-174-746,"假檢警,監管帳戶",2,6422358,70+ 長者,1
UID-87911df4,2026-03-12 22:53:00,+886-902-158-160,"假檢警,監管帳戶",2,6501949,50-69 中高齡,1
UID-aca867be,2026-03-12 10:29:00,+886-902-195-409,"假扣押財產,面交黃金白銀",2,1729964,70+ 長者,1
UID-30a52675,2026-03-13 08:19:00,+886-903-885-041,"假投資,保證獲利",10,1430574,大專院校,1
UID-9c652678,2026-03-12 21:04:00,+886-903-882-075,"假投資,保證獲利",14,4638656,上班族,1
UID-f4d2d23c,2026-03-13 08:22:00,+886-901-660-010,"網路購物詐騙,ATM操作",737,32839,上班族,1
UID-bdb17ab5,2026-03-13 07:39:00,+886-905-736-682,"交易糾紛,商品瑕疵",1,15000,70+ 長者,0
UID-6b779f6a,2026-03-13 07:30:00,+886-905-312-728,"一般客訴,服務態度",1,0,70+ 長者,0
UID-1f47c7d7,2026-03-12 21:49:00,+886-905-862-507,"司法文書送達,正常公務",1,15000,上班族,0
UID-3f132b5f,2026-03-12 12:18:00,+886-904-749-028,"網路交友,要求儲值,點數卡",3,56597,學生,1
UID-b94387d3,2026-03-12 14:29:00,+886-905-792-768,"正常投資諮詢,理財規劃",2,0,學生,0
UID-e64ba961,2026-03-12 11:32:00,+886-901-743-007,"網路購物詐騙,ATM操作",190,30834,上班族,1
UID-3de8de7d,2026-03-13 05:52:00,+886-903-889-054,"假投資,保證獲利",19,4909888,50-69 中高齡,1
UID-2ec93037,2026-03-13 07:44:00,+886-904-321-064,"網路交友,AI濾鏡假冒",22,11583,碩博士,1
UID-08e110d7,2026-03-12 16:05:00,+886-905-377-683,"交易糾紛,商品瑕疵",1,0,學生,0
UID-7cd01a33,2026-03-12 09:58:00,+886-905-245-375,"一般客訴,服務態度",1,500,高中職以下,0
UID-061acb74,2026-03-12 19:30:00,+886-905-855-243,"司法文書送達,正常公務",1,0,學生,0
UID-08b0149e,2026-03-12 10:29:00,+886-905-285-969,"司法文書送達,正常公務",1,15000,50-69 中高齡,0
UID-b0098703,2026-03-12 11:32:00,+886-901-483-019,"網路購物詐騙,解除分期付款",259,8705,大專院校,1
UID-90777643,2026-03-12 09:06:00,+886-905-969-454,"正常投資諮詢,理財規劃",1,500,碩博士,0
UID-08b26f6d,2026-03-12 13:18:00,+886-901-158-035,"網路購物詐騙,解除分期付款",188,44860,上班族,1
UID-f3adb2ec,2026-03-12 13:26:00,+886-901-392-039,"網路購物詐騙,解除分期付款",179,30632,學生,1
UID-7e4822de,2026-03-13 08:46:00,+886-901-848-003,"網路購物詐騙,解除分期付款",597,21923,上班族,1
UID-60ddb456,2026-03-13 04:23:00,+886-905-205-113,"正常投資諮詢,理財規劃",2,3000,學生,0
UID-44e148b9,2026-03-12 17:31:00,+886-901-429-020,"網路購物詐騙,假賣場",170,4766,高中職以下,1
UID-052ba383,2026-03-13 06:57:00,+886-905-479-764,"一般客訴,服務態度",1,3000,大專院校,0
UID-8e5b4a99,2026-03-13 00:39:00,+886-903-883-086,"假投資,虛擬貨幣,高報酬",7,826847,上班族,1
UID-e4dc9c06,2026-03-12 21:23:00,+886-904-859-021,"網路交友,AI濾鏡假冒",4,116030,學生,1
UID-06bf6953,2026-03-12 09:41:00,+886-902-131-479,"假冒郵局,普發現金冒領",3,4612851,70+ 長者,1
UID-17bd6dfb,2026-03-12 15:49:00,+886-901-654-045,"網路購物詐騙,假賣場",288,27288,學生,1
UID-f35037d9,2026-03-12 16:13:00,+886-903-889-075,"假投資,內線交易,VIP通道",14,1662987,50-69 中高齡,1
UID-ea4275d0,2026-03-12 19:00:00,+886-905-985-907,"債務不履行,退款延遲",1,15000,上班族,0
UID-e6ce6988,2026-03-12 20:14:00,+886-905-210-898,"一般客訴,服務態度",2,3000,上班族,0
UID-6cb8b87c,2026-03-12 19:07:00,+886-905-201-322,"交易糾紛,商品瑕疵",1,500,70+ 長者,0
UID-d6cf57d0,2026-03-13 07:00:00,+886-903-882-088,"假投資,虛擬貨幣,高報酬",17,2522083,上班族,1
UID-50be1820,2026-03-13 02:34:00,+886-902-173-212,"假員警,偵查不公開",3,4801112,70+ 長者,1
UID-4905c710,2026-03-12 14:32:00,+886-903-886-076,"假投資,資金盤",10,3491486,上班族,1
UID-a6e7e1bb,2026-03-12 21:20:00,+886-905-521-613,"正常投資諮詢,理財規劃",1,0,70+ 長者,0
UID-db7527c8,2026-03-13 05:10:00,+886-902-174-690,"假檢警,監管帳戶",1,7536922,50-69 中高齡,1
UID-44a70a25,2026-03-12 12:38:00,+886-903-884-087,"假投資,保證獲利",15,1269942,大專院校,1
UID-c70fdeec,2026-03-12 12:52:00,+886-904-215-036,"網路交友,AI濾鏡假冒",18,131085,學生,1
UID-e98396ad,2026-03-13 08:10:00,+886-905-877-608,"交易糾紛,商品瑕疵",1,15000,70+ 長者,0
UID-faa5ecc3,2026-03-13 03:31:00,+886-903-883-086,"假投資,資金盤",15,2477829,碩博士,1
UID-43b4459d,2026-03-12 14:04:00,+886-903-886-052,"假投資,虛擬貨幣,高報酬",17,4911900,50-69 中高齡,1
UID-39578c1d,2026-03-12 12:30:00,+886-902-121-580,"假冒郵局,普發現金冒領",3,4858222,50-69 中高齡,1
UID-afa93b68,2026-03-12 21:32:00,+886-901-624-008,"幽靈包裹,超商取貨",159,26296,高中職以下,1
UID-a525150c,2026-03-12 11:26:00,+886-902-166-261,"假冒郵局,普發現金冒領",3,2205273,碩博士,1
UID-38e079ed,2026-03-12 10:41:00,+886-905-829-287,"一般客訴,服務態度",2,500,上班族,0
UID-a72f2c38,2026-03-13 04:12:00,+886-905-347-431,"正常投資諮詢,理財規劃",1,0,高中職以下,0
UID-67c4d9b6,2026-03-12 09:29:00,+886-903-881-077,"假投資,內線交易,VIP通道",17,4396463,大專院校,1
UID-7a219453,2026-03-12 09:01:00,+886-999-999-999,"機器人測試,惡意灌水",13073,0,未知,0
UID-f423d2e3,2026-03-12 23:11:00,+886-903-888-081,"假投資,保證獲利",13,1540242,上班族,1
UID-44edeb94,2026-03-13 04:02:00,+886-905-604-280,"正常投資諮詢,理財規劃",2,15000,碩博士,0
UID-13f13805,2026-03-12 23:20:00,+886-903-883-096,"假投資,虛擬貨幣,高報酬",18,3285369,上班族,1
UID-2fa522f9,2026-03-12 18:26:00,+886-903-881-069,"假投資,保證獲利",9,884449,碩博士,1
UID-e5fca9ad,2026-03-13 02:47:00,+886-902-130-527,"假冒郵局,普發現金冒領",2,3871973,50-69 中高齡,1
UID-a2a2a16a,2026-03-12 09:41:00,+886-905-432-408,"一般客訴,服務態度",2,0,50-69 中高齡,0
UID-6e50f84b,2026-03-12 11:22:00,+886-903-881-077,"假投資,保證獲利",7,109563,大專院校,1
UID-20face3a,2026-03-12 21:18:00,+886-901-319-039,"網路購物詐騙,解除分期付款",284,10934,學生,1
UID-ec79abdc,2026-03-12 13:05:00,+886-904-220-063,"網路交友,要求儲值,點數卡",23,30428,大專院校,1
UID-e4d72577,2026-03-13 07:36:00,+886-901-560-035,"幽靈包裹,超商取貨",1218,4800,上班族,1
UID-525ad0f5,2026-03-13 05:42:00,+886-902-170-582,"假冒郵局,普發現金冒領",1,2178617,70+ 長者,1
UID-10cffcb0,2026-03-12 16:04:00,+886-905-176-568,"正常投資諮詢,理財規劃",1,15000,上班族,0
UID-5b772137,2026-03-12 20:30:00,+886-902-116-583,"假扣押財產,面交黃金白銀",2,3895297,50-69 中高齡,1
UID-1165b5e8,2026-03-12 20:51:00,+886-901-250-027,"網路購物詐騙,假賣場",195,12680,學生,1
UID-3aa33193,2026-03-12 13:11:00,+886-905-771-455,"債務不履行,退款延遲",2,3000,大專院校,0
UID-6e596341,2026-03-12 09:12:00,+886-902-157-247,"假員警,偵查不公開",2,1555003,50-69 中高齡,1
UID-3b50cd9f,2026-03-12 09:33:00,+886-901-832-016,"網路購物詐騙,ATM操作",311,40820,大專院校,1
UID-21fd5dd6,2026-03-12 19:15:00,+886-905-979-274,"債務不履行,退款延遲",2,500,高中職以下,0
UID-1cff9771,2026-03-13 01:29:00,+886-903-881-086,"假投資,資金盤",8,502772,上班族,1
UID-80caa5bf,2026-03-12 21:41:00,+886-905-967-189,"正常投資諮詢,理財規劃",2,3000,學生,0
UID-8dbb916d,2026-03-13 09:00:00,+886-901-295-027,"網路購物詐騙,ATM操作",257,20047,學生,1
UID-b5de2b94,2026-03-13 02:07:00,+886-901-252-012,"幽靈包裹,超商取貨",289,11458,高中職以下,1
UID-e73b4eb0,2026-03-12 14:20:00,+886-901-777-040,"網路購物詐騙,假賣場",180,5606,高中職以下,1
UID-11b26fa4,2026-03-13 07:09:00,+886-904-114-058,"殺豬盤,平台無法出金",9,106927,上班族,1
UID-99d47f08,2026-03-12 11:35:00,+886-904-416-050,"Threads廣告,假兼職",24,9900,碩博士,1
UID-936ce6d6,2026-03-12 14:05:00,+886-901-768-011,"網路購物詐騙,解除分期付款",159,12833,學生,1
UID-efd78def,2026-03-13 07:52:00,+886-904-349-016,"網路交友,要求儲值,點數卡",12,114537,大專院校,1
UID-a6fb60c6,2026-03-12 11:35:00,+886-905-796-426,"一般客訴,服務態度",2,15000,大專院校,0
UID-1313ee53,2026-03-12 21:46:00,+886-902-124-276,"假扣押財產,面交黃金白銀",3,6453760,70+ 長者,1
UID-25aa7815,2026-03-12 12:41:00,+886-905-198-117,"正常投資諮詢,理財規劃",1,0,大專院校,0
UID-c5ac1f6f,2026-03-12 09:58:00,+886-902-168-411,"假扣押財產,面交黃金白銀",3,4689401,70+ 長者,1
UID-89243b73,2026-03-13 08:47:00,+886-903-889-007,"假投資,虛擬貨幣,高報酬",12,3240374,50-69 中高齡,1
UID-f6b9edf1,2026-03-12 18:05:00,+886-903-887-080,"假投資,虛擬貨幣,高報酬",16,1508853,上班族,1
UID-3228f791,2026-03-13 05:33:00,+886-905-194-814,"司法文書送達,正常公務",2,500,大專院校,0
UID-decf9f68,2026-03-12 23:37:00,+886-905-404-646,"司法文書送達,正常公務",2,3000,學生,0
UID-b2f7c3b3,2026-03-12 20:57:00,+886-905-774-910,"債務不履行,退款延遲",2,0,大專院校,0
UID-c7b08903,2026-03-12 17:08:00,+886-905-604-479,"債務不履行,退款延遲",2,0,大專院校,0
UID-320d701c,2026-03-13 01:04:00,+886-903-885-078,"假投資,保證獲利",12,3630947,上班族,1
UID-07984748,2026-03-12 15:39:00,+886-903-884-012,"假投資,資金盤",11,4147586,上班族,1
UID-7f3bd07a,2026-03-12 20:36:00,+886-903-884-097,"假投資,虛擬貨幣,高報酬",13,3530470,碩博士,1
UID-2d33eb65,2026-03-13 00:55:00,+886-904-934-051,"網路交友,要求儲值,點數卡",9,1666,學生,1
UID-94dfa51d,2026-03-12 16:15:00,+886-902-200-284,"假檢警,監管帳戶",1,6057376,70+ 長者,1
UID-53a65e86,2026-03-12 19:15:00,+886-903-883-050,"假投資,內線交易,VIP通道",18,3315283,上班族,1
UID-98040865,2026-03-12 21:07:00,+886-901-229-032,"幽靈包裹,超商取貨",168,43111,大專院校,1
UID-7866a441,2026-03-12 23:36:00,+886-904-719-010,"Threads廣告,假兼職",7,19525,大專院校,1
UID-bb0c1ce1,2026-03-13 03:48:00,+886-905-728-285,"司法文書送達,正常公務",2,500,50-69 中高齡,0
UID-64bc3fba,2026-03-13 03:54:00,+886-904-668-084,"網路交友,AI濾鏡假冒",13,107425,上班族,1
UID-b16ea40c,2026-03-12 16:32:00,+886-905-448-319,"一般客訴,服務態度",1,0,50-69 中高齡,0
UID-b832a55c,2026-03-12 17:27:00,+886-902-149-102,"假扣押財產,面交黃金白銀",1,2094356,70+ 長者,1
UID-20193427,2026-03-13 04:18:00,+886-903-887-082,"假投資,資金盤",19,3045580,碩博士,1
UID-df81d89d,2026-03-12 15:07:00,+886-905-179-136,"正常投資諮詢,理財規劃",2,15000,70+ 長者,0
UID-360e7e6c,2026-03-12 18:37:00,+886-902-120-490,"假扣押財產,面交黃金白銀",3,6507345,70+ 長者,1
UID-e54e90b0,2026-03-12 16:44:00,+886-903-883-078,"假投資,資金盤",18,4639462,大專院校,1
UID-f9fb2183,2026-03-12 18:13:00,+886-902-181-689,"假檢警,監管帳戶",3,4708475,70+ 長者,1
UID-800fff15,2026-03-12 10:04:00,+886-904-223-079,"網路交友,要求儲值,點數卡",29,78944,碩博士,1
UID-7ae212be,2026-03-12 21:45:00,+886-905-452-852,"一般客訴,服務態度",1,500,高中職以下,0
UID-80c59d77,2026-03-12 21:43:00,+886-901-598-004,"網路購物詐騙,假賣場",153,25487,學生,1
UID-c5cc7509,2026-03-12 19:52:00,+886-901-938-044,"網路購物詐騙,假賣場",259,7389,高中職以下,1
UID-5115a741,2026-03-12 16:55:00,+886-905-638-829,"債務不履行,退款延遲",1,3000,大專院校,0
UID-eaec06e2,2026-03-13 06:16:00,+886-903-889-075,"假投資,資金盤",6,1036308,大專院校,1
UID-127905a4,2026-03-13 03:54:00,+886-901-661-042,"網路購物詐騙,假賣場",548,21127,上班族,1
UID-dd8c6f1f,2026-03-12 14:09:00,+886-905-590-840,"債務不履行,退款延遲",1,0,碩博士,0
UID-87d260c1,2026-03-13 00:19:00,+886-903-885-053,"假投資,資金盤",10,994710,碩博士,1
UID-c2f87490,2026-03-12 18:06:00,+886-905-538-508,"正常投資諮詢,理財規劃",1,500,大專院校,0
UID-a2c746f7,2026-03-13 03:41:00,+886-903-886-033,"假投資,資金盤",17,3106145,大專院校,1
UID-321404b0,2026-03-12 18:54:00,+886-904-123-084,"殺豬盤,平台無法出金",27,17420,大專院校,1
UID-dbbca8ba,2026-03-12 18:37:00,+886-905-881-827,"債務不履行,退款延遲",2,15000,70+ 長者,0
UID-36b80adc,2026-03-13 01:02:00,+886-903-880-062,"假投資,資金盤",16,3659793,上班族,1
UID-2e27db93,2026-03-13 06:16:00,+886-901-954-021,"網路購物詐騙,解除分期付款",162,37200,高中職以下,1
UID-0f11496a,2026-03-12 17:41:00,+886-905-797-638,"正常投資諮詢,理財規劃",1,0,高中職以下,0
UID-2c97d274,2026-03-12 09:51:00,+886-903-888-011,"假投資,虛擬貨幣,高報酬",17,2703530,碩博士,1
UID-e6cb8b11,2026-03-13 00:02:00,+886-905-958-444,"正常投資諮詢,理財規劃",2,15000,學生,0
UID-53af4631,2026-03-12 09:40:00,+886-903-880-009,"假投資,保證獲利",6,2397665,大專院校,1
UID-8ddbb23a,2026-03-12 15:52:00,+886-902-156-588,"假冒郵局,普發現金冒領",2,6767513,70+ 長者,1
UID-c5582dd2,2026-03-12 23:41:00,+886-905-946-924,"交易糾紛,商品瑕疵",2,500,學生,0
UID-1e25951b,2026-03-13 04:08:00,+886-901-948-034,"網路購物詐騙,假賣場",287,18642,高中職以下,1
UID-d0ca2fe5,2026-03-12 13:42:00,+886-902-161-512,"假冒郵局,普發現金冒領",1,3928834,50-69 中高齡,1
UID-6a46a5c6,2026-03-13 06:53:00,+886-904-959-046,"Threads廣告,假兼職",14,49760,碩博士,1
UID-b2d52f19,2026-03-12 10:31:00,+886-902-152-434,"假檢警,監管帳戶",3,2959800,70+ 長者,1
UID-60ae4e67,2026-03-12 09:26:00,+886-905-855-127,"交易糾紛,商品瑕疵",2,500,50-69 中高齡,0
UID-db4570e6,2026-03-12 14:03:00,+886-902-196-338,"假檢警,監管帳戶",2,3753627,50-69 中高齡,1
UID-7a73fe46,2026-03-12 18:31:00,+886-905-667-125,"司法文書送達,正常公務",1,500,50-69 中高齡,0
UID-3075ce3d,2026-03-12 14:10:00,+886-902-151-941,"假冒郵局,普發現金冒領",3,549757,50-69 中高齡,1
UID-0ed3e9e5,2026-03-13 08:46:00,+886-904-685-047,"網路交友,AI濾鏡假冒",15,66453,上班族,1
UID-3f4a2151,2026-03-12 16:54:00,+886-905-800-782,"交易糾紛,商品瑕疵",2,0,70+ 長者,0
UID-34a03236,2026-03-13 02:02:00,+886-901-148-039,"網路購物詐騙,ATM操作",204,12487,高中職以下,1
UID-c91624be,2026-03-13 06:13:00,+886-903-884-038,"假投資,資金盤",15,1124321,上班族,1
UID-512442cd,2026-03-12 20:22:00,+886-904-995-058,"網路交友,要求儲值,點數卡",2,58989,大專院校,1
UID-7fa9c78d,2026-03-12 17:22:00,+886-901-581-014,"幽靈包裹,超商取貨",190,28810,上班族,1
UID-8691e2d7,2026-03-12 20:11:00,+886-903-882-006,"假投資,資金盤",16,1139485,上班族,1
UID-25d66370,2026-03-13 02:33:00,+886-901-212-003,"網路購物詐騙,解除分期付款",153,43170,高中職以下,1
UID-6f332a48,2026-03-12 23:02:00,+886-905-626-688,"司法文書送達,正常公務",2,500,高中職以下,0
UID-02a1036c,2026-03-12 19:50:00,+886-905-555-540,"交易糾紛,商品瑕疵",2,0,高中職以下,0
UID-ea8dc714,2026-03-13 04:04:00,+886-905-560-590,"交易糾紛,商品瑕疵",1,0,高中職以下,0
UID-99a0345c,2026-03-12 09:08:00,+886-999-999-999,"機器人測試,惡意灌水",11937,0,未知,0
UID-a57c4a52,2026-03-12 20:27:00,+886-901-705-039,"幽靈包裹,超商取貨",172,20444,大專院校,1
UID-c322ec9d,2026-03-13 03:29:00,+886-905-203-242,"正常投資諮詢,理財規劃",2,500,上班族,0
UID-8ac129de,2026-03-13 04:59:00,+886-903-880-012,"假投資,內線交易,VIP通道",7,1274622,上班族,1
UID-1a5de381,2026-03-13 01:03:00,+886-904-561-022,"Threads廣告,假兼職",3,131880,學生,1
UID-d905f46b,2026-03-12 19:07:00,+886-902-102-391,"假扣押財產,面交黃金白銀",3,1320868,碩博士,1
UID-0036bb21,2026-03-12 14:36:00,+886-903-882-025,"假投資,資金盤",10,3754661,上班族,1
UID-924cb9e7,2026-03-12 19:17:00,+886-905-833-737,"一般客訴,服務態度",1,3000,學生,0
UID-9a14fe84,2026-03-13 02:01:00,+886-903-888-033,"假投資,內線交易,VIP通道",16,880683,50-69 中高齡,1
UID-f821e45a,2026-03-12 11:07:00,+886-905-256-103,"一般客訴,服務態度",1,3000,碩博士,0
UID-4e82c0ac,2026-03-12 14:06:00,+886-902-194-820,"假冒郵局,普發現金冒領",3,7960244,50-69 中高齡,1
UID-05b7fabe,2026-03-13 07:25:00,+886-903-889-097,"假投資,虛擬貨幣,高報酬",19,552315,大專院校,1
UID-2904d53c,2026-03-13 04:09:00,+886-903-882-077,"假投資,內線交易,VIP通道",12,2000597,碩博士,1
UID-5f317d48,2026-03-12 11:59:00,+886-905-429-979,"債務不履行,退款延遲",1,0,大專院校,0
UID-f8a38507,2026-03-13 02:02:00,+886-905-780-888,"交易糾紛,商品瑕疵",2,500,大專院校,0
UID-6cd7388b,2026-03-12 20:42:00,+886-901-353-044,"網路購物詐騙,假賣場",547,13452,學生,1
UID-b595b6cc,2026-03-13 04:54:00,+886-904-725-052,"網路交友,AI濾鏡假冒",23,129180,學生,1
UID-dac6e02d,2026-03-12 22:14:00,+886-904-345-016,"網路交友,要求儲值,點數卡",7,73224,碩博士,1
UID-a0eb824f,2026-03-13 01:59:00,+886-903-887-099,"假投資,保證獲利",9,4492415,碩博士,1
UID-475f4a16,2026-03-12 16:42:00,+886-905-429-146,"交易糾紛,商品瑕疵",2,3000,50-69 中高齡,0
UID-eaa5c986,2026-03-12 16:35:00,+886-903-887-098,"假投資,虛擬貨幣,高報酬",8,2110757,碩博士,1
UID-54f909d7,2026-03-12 09:41:00,+886-903-882-040,"假投資,虛擬貨幣,高報酬",17,1759716,50-69 中高齡,1
UID-cd4f1490,2026-03-12 19:03:00,+886-904-410-085,"網路交友,要求儲值,點數卡",27,44743,大專院校,1
UID-1436f556,2026-03-13 08:09:00,+886-905-776-814,"正常投資諮詢,理財規劃",1,15000,上班族,0
UID-563e6fa7,2026-03-12 14:48:00,+886-905-923-403,"債務不履行,退款延遲",1,15000,碩博士,0
UID-f20472a1,2026-03-12 23:22:00,+886-905-974-109,"一般客訴,服務態度",2,0,50-69 中高齡,0
UID-bf3e4be8,2026-03-12 21:08:00,+886-903-881-063,"假投資,保證獲利",12,3507780,50-69 中高齡,1
UID-e085d27a,2026-03-12 15:44:00,+886-903-888-082,"假投資,資金盤",20,3782748,50-69 中高齡,1
UID-268f0c82,2026-03-12 15:56:00,+886-904-949-028,"Threads廣告,假兼職",29,73804,上班族,1
UID-49816795,2026-03-13 04:51:00,+886-903-885-013,"假投資,內線交易,VIP通道",13,3486139,大專院校,1
UID-d968f8dd,2026-03-13 07:39:00,+886-901-304-022,"網路購物詐騙,假賣場",156,41156,學生,1
UID-dda59b8f,2026-03-12 19:56:00,+886-904-614-037,"網路交友,要求儲值,點數卡",5,44437,大專院校,1
UID-866ebe08,2026-03-12 13:22:00,+886-904-858-046,"殺豬盤,平台無法出金",6,29156,上班族,1
UID-c1a7529c,2026-03-12 09:04:00,+886-999-999-999,"機器人測試,惡意灌水",14678,0,未知,0
UID-3114dcb3,2026-03-13 00:12:00,+886-903-886-016,"假投資,資金盤",13,933171,碩博士,1
UID-a0bca30f,2026-03-12 14:35:00,+886-904-525-096,"網路交友,要求儲值,點數卡",28,128583,上班族,1
UID-c2e69f22,2026-03-13 03:40:00,+886-905-895-396,"一般客訴,服務態度",2,3000,大專院校,0
UID-ea448930,2026-03-12 14:33:00,+886-905-847-272,"一般客訴,服務態度",2,15000,碩博士,0
UID-094d6a70,2026-03-12 18:47:00,+886-904-185-013,"網路交友,要求儲值,點數卡",14,39760,上班族,1
UID-8398d6e3,2026-03-12 18:51:00,+886-903-885-010,"假投資,虛擬貨幣,高報酬",10,497506,50-69 中高齡,1
UID-fd1ca3a3,2026-03-12 17:28:00,+886-902-149-373,"假員警,偵查不公開",3,1189321,70+ 長者,1
UID-61f86a2d,2026-03-13 01:47:00,+886-902-151-812,"假扣押財產,面交黃金白銀",3,2237554,50-69 中高齡,1
UID-972ce617,2026-03-12 19:10:00,+886-905-711-417,"司法文書送達,正常公務",1,500,上班族,0
UID-a8bcd71e,2026-03-12 23:07:00,+886-905-114-223,"一般客訴,服務態度",2,500,學生,0
UID-3a38d19b,2026-03-12 10:18:00,+886-903-881-066,"假投資,虛擬貨幣,高報酬",14,4734145,碩博士,1
UID-8518f787,2026-03-13 00:29:00,+886-903-886-021,"假投資,虛擬貨幣,高報酬",7,4934027,碩博士,1
UID-41dc9038,2026-03-12 21:37:00,+886-903-886-018,"假投資,保證獲利",9,352996,上班族,1
UID-e5f4c37d,2026-03-13 07:18:00,+886-904-186-074,"殺豬盤,平台無法出金",22,94993,學生,1
UID-4e8ebe0d,2026-03-12 13:58:00,+886-902-140-983,"假扣押財產,面交黃金白銀",1,1473825,70+ 長者,1
UID-20a91767,2026-03-12 11:05:00,+886-902-147-258,"假冒郵局,普發現金冒領",1,7616765,70+ 長者,1
UID-25c3e0cd,2026-03-12 19:46:00,+886-905-127-492,"交易糾紛,商品瑕疵",1,3000,上班族,0
UID-ec46465b,2026-03-13 08:50:00,+886-904-762-043,"Threads廣告,假兼職",22,140901,上班族,1
UID-3f47955d,2026-03-13 06:45:00,+886-902-189-397,"假檢警,監管帳戶",2,7039466,70+ 長者,1
UID-5a9ca590,2026-03-13 00:38:00,+886-903-882-029,"假投資,虛擬貨幣,高報酬",19,1811042,碩博士,1
UID-080ed088,2026-03-12 14:46:00,+886-903-888-081,"假投資,虛擬貨幣,高報酬",20,2028754,上班族,1
UID-1685510c,2026-03-13 04:29:00,+886-905-873-890,"一般客訴,服務態度",1,500,學生,0
UID-4994983c,2026-03-12 13:30:00,+886-905-981-320,"交易糾紛,商品瑕疵",2,500,學生,0
UID-59c8dc94,2026-03-13 00:18:00,+886-905-225-518,"債務不履行,退款延遲",2,0,高中職以下,0
UID-5c29d55c,2026-03-13 06:33:00,+886-901-145-027,"網路購物詐騙,ATM操作",291,13612,學生,1
UID-9a449236,2026-03-13 02:12:00,+886-901-780-047,"網路購物詐騙,ATM操作",274,18196,學生,1
UID-d943fe23,2026-03-12 18:31:00,+886-901-142-034,"網路購物詐騙,解除分期付款",219,14049,學生,1
UID-31c722c2,2026-03-12 11:05:00,+886-905-440-276,"一般客訴,服務態度",1,15000,上班族,0
UID-5c817f68,2026-03-12 16:03:00,+886-903-883-096,"假投資,保證獲利",6,4156246,50-69 中高齡,1
UID-1ed3a709,2026-03-13 01:42:00,+886-905-245-567,"一般客訴,服務態度",1,0,大專院校,0
UID-1c83062d,2026-03-12 21:28:00,+886-902-150-303,"假檢警,監管帳戶",1,2510752,70+ 長者,1
UID-4e401209,2026-03-13 08:12:00,+886-904-900-011,"殺豬盤,平台無法出金",16,123586,碩博士,1
UID-1f77bb76,2026-03-12 15:32:00,+886-902-196-285,"假冒郵局,普發現金冒領",1,4179447,50-69 中高齡,1
UID-2e0d061c,2026-03-13 08:11:00,+886-905-978-140,"正常投資諮詢,理財規劃",1,0,70+ 長者,0
UID-5cff9c64,2026-03-12 19:12:00,+886-905-273-670,"債務不履行,退款延遲",1,15000,學生,0
UID-8486a8a2,2026-03-12 12:11:00,+886-905-754-275,"正常投資諮詢,理財規劃",2,15000,高中職以下,0
UID-8323ae37,2026-03-12 18:02:00,+886-902-156-499,"假員警,偵查不公開",2,571242,50-69 中高齡,1
UID-dae1715e,2026-03-13 00:13:00,+886-901-295-046,"網路購物詐騙,ATM操作",283,31651,學生,1
UID-9d749e23,2026-03-12 16:08:00,+886-902-161-716,"假檢警,監管帳戶",1,6700868,70+ 長者,1
UID-5d2328ba,2026-03-12 10:49:00,+886-905-417-387,"一般客訴,服務態度",2,15000,大專院校,0
UID-e63a13b2,2026-03-13 02:44:00,+886-904-129-074,"Threads廣告,假兼職",30,75649,學生,1
UID-17627a55,2026-03-13 07:28:00,+886-903-887-004,"假投資,內線交易,VIP通道",18,1830431,上班族,1
UID-72ff4bc7,2026-03-13 06:46:00,+886-903-887-087,"假投資,保證獲利",7,2085142,碩博士,1
UID-6101e998,2026-03-12 15:48:00,+886-905-157-469,"一般客訴,服務態度",2,15000,碩博士,0
UID-92b150cf,2026-03-12 13:33:00,+886-903-880-027,"假投資,資金盤",20,4257964,大專院校,1
UID-0220637e,2026-03-12 10:18:00,+886-905-729-711,"司法文書送達,正常公務",1,0,上班族,0
UID-d97ccd72,2026-03-12 09:16:00,+886-905-605-313,"債務不履行,退款延遲",1,0,學生,0
UID-c8889e60,2026-03-13 05:07:00,+886-902-156-491,"假扣押財產,面交黃金白銀",3,4468465,50-69 中高齡,1
UID-21bb9017,2026-03-12 18:06:00,+886-902-164-751,"假冒郵局,普發現金冒領",1,1088004,50-69 中高齡,1
UID-e012d269,2026-03-13 03:34:00,+886-905-233-576,"司法文書送達,正常公務",2,15000,大專院校,0
UID-0b00f5ac,2026-03-12 23:29:00,+886-902-175-190,"假員警,偵查不公開",1,7000615,70+ 長者,1
UID-2ece94ed,2026-03-12 13:11:00,+886-905-767-261,"交易糾紛,商品瑕疵",1,500,學生,0
UID-3ed06d19,2026-03-13 07:12:00,+886-905-949-644,"債務不履行,退款延遲",1,500,碩博士,0
UID-1fc2644a,2026-03-12 14:54:00,+886-902-123-249,"假員警,偵查不公開",2,6131729,70+ 長者,1
UID-e7e7ae1e,2026-03-12 16:21:00,+886-905-654-470,"司法文書送達,正常公務",2,3000,碩博士,0
UID-e2100ba4,2026-03-13 01:10:00,+886-904-229-098,"網路交友,AI濾鏡假冒",14,126183,大專院校,1
UID-41da20a5,2026-03-12 09:07:00,+886-999-999-999,"機器人測試,惡意灌水",12860,0,未知,0
UID-adb4c8fc,2026-03-12 20:13:00,+886-905-183-996,"債務不履行,退款延遲",1,0,70+ 長者,0
UID-1ccc60a4,2026-03-13 00:16:00,+886-904-955-046,"網路交友,要求儲值,點數卡",28,74215,上班族,1
UID-1712c5ae,2026-03-12 09:52:00,+886-903-889-020,"假投資,保證獲利",20,4938334,碩博士,1
UID-3c8f4954,2026-03-12 22:05:00,+886-901-426-003,"幽靈包裹,超商取貨",261,23105,上班族,1
UID-330026a0,2026-03-13 02:42:00,+886-905-107-750,"司法文書送達,正常公務",2,500,碩博士,0
UID-af430ddc,2026-03-13 08:40:00,+886-903-885-034,"假投資,資金盤",12,1102060,碩博士,1
UID-4a84ae74,2026-03-13 01:54:00,+886-905-749-549,"交易糾紛,商品瑕疵",1,500,70+ 長者,0
UID-499e8403,2026-03-12 10:18:00,+886-902-140-124,"假員警,偵查不公開",2,5510665,70+ 長者,1
UID-730c9179,2026-03-12 20:54:00,+886-901-358-016,"網路購物詐騙,假賣場",700,40185,上班族,1
UID-e1715359,2026-03-12 15:58:00,+886-905-697-407,"債務不履行,退款延遲",2,500,高中職以下,0
UID-d4eb316f,2026-03-12 20:56:00,+886-902-104-565,"假冒郵局,普發現金冒領",1,7923024,碩博士,1
UID-c2dacaa3,2026-03-13 06:20:00,+886-904-657-074,"Threads廣告,假兼職",9,60368,大專院校,1
UID-e976d773,2026-03-12 17:43:00,+886-904-385-050,"Threads廣告,假兼職",26,35645,上班族,1
UID-06570986,2026-03-12 14:33:00,+886-905-481-938,"司法文書送達,正常公務",2,3000,學生,0
UID-e55b77d0,2026-03-12 12:34:00,+886-903-886-048,"假投資,保證獲利",11,4524712,50-69 中高齡,1
UID-71b8ee18,2026-03-12 22:35:00,+886-902-127-892,"假員警,偵查不公開",1,4255534,70+ 長者,1
UID-5cda3b17,2026-03-12 23:36:00,+886-905-862-830,"司法文書送達,正常公務",1,500,碩博士,0
UID-f7b249ea,2026-03-12 21:30:00,+886-901-380-027,"網路購物詐騙,解除分期付款",1004,8200,學生,1
UID-a1a12afc,2026-03-13 07:27:00,+886-904-870-047,"網路交友,要求儲值,點數卡",23,78011,碩博士,1
UID-a10b1c23,2026-03-12 19:33:00,+886-902-147-205,"假員警,偵查不公開",3,4803636,70+ 長者,1
UID-adc2d62d,2026-03-13 01:01:00,+886-903-880-041,"假投資,資金盤",5,1217106,上班族,1
UID-5bcb2980,2026-03-13 07:22:00,+886-902-124-791,"假員警,偵查不公開",2,4617826,50-69 中高齡,1
UID-12233483,2026-03-12 10:37:00,+886-902-190-690,"假扣押財產,面交黃金白銀",1,4614744,70+ 長者,1
UID-c34e0b2e,2026-03-13 07:46:00,+886-902-199-222,"假檢警,監管帳戶",2,5727412,70+ 長者,1
UID-d1ae80d1,2026-03-13 08:53:00,+886-903-881-055,"假投資,虛擬貨幣,高報酬",15,4270720,碩博士,1
UID-20016015,2026-03-12 18:56:00,+886-902-148-276,"假員警,偵查不公開",1,5597881,70+ 長者,1
UID-dc4ca061,2026-03-12 15:28:00,+886-901-794-039,"網路購物詐騙,假賣場",200,18407,學生,1
UID-88970184,2026-03-12 10:53:00,+886-903-883-062,"假投資,內線交易,VIP通道",11,2646871,50-69 中高齡,1
UID-91038b80,2026-03-12 11:11:00,+886-902-154-426,"假員警,偵查不公開",1,7086487,50-69 中高齡,1
UID-7d1d4203,2026-03-13 04:36:00,+886-902-124-718,"假檢警,監管帳戶",3,5016129,50-69 中高齡,1
UID-f00161e8,2026-03-13 02:16:00,+886-905-866-602,"正常投資諮詢,理財規劃",1,0,學生,0
UID-6ad09db4,2026-03-13 05:01:00,+886-904-549-076,"殺豬盤,平台無法出金",28,31909,學生,1
UID-7c2ae12f,2026-03-13 02:16:00,+886-904-852-090,"網路交友,AI濾鏡假冒",4,147574,大專院校,1
UID-9decb96f,2026-03-13 01:00:00,+886-905-119-449,"正常投資諮詢,理財規劃",2,3000,學生,0
UID-25f214fa,2026-03-12 21:26:00,+886-902-168-325,"假檢警,監管帳戶",3,1607361,碩博士,1
UID-132d9e24,2026-03-13 01:18:00,+886-903-887-075,"假投資,虛擬貨幣,高報酬",15,2956774,上班族,1
UID-83fd61a9,2026-03-13 03:49:00,+886-905-736-147,"交易糾紛,商品瑕疵",2,0,學生,0
UID-ca1d3860,2026-03-13 00:04:00,+886-903-881-014,"假投資,資金盤",16,2233759,碩博士,1
UID-18786c7e,2026-03-12 19:50:00,+886-903-888-078,"假投資,資金盤",17,2635411,碩博士,1
UID-3e627ba2,2026-03-13 05:38:00,+886-902-193-919,"假扣押財產,面交黃金白銀",3,2194935,70+ 長者,1
UID-585462eb,2026-03-13 01:21:00,+886-902-117-147,"假冒郵局,普發現金冒領",2,6576829,50-69 中高齡,1
UID-6a8f7668,2026-03-12 15:31:00,+886-902-198-378,"假扣押財產,面交黃金白銀",1,5979567,碩博士,1
UID-009c94e4,2026-03-13 00:32:00,+886-903-886-075,"假投資,內線交易,VIP通道",6,2811319,上班族,1
UID-e4e3cba8,2026-03-13 07:57:00,+886-901-926-031,"網路購物詐騙,假賣場",170,35762,上班族,1
UID-a9e6e0a7,2026-03-12 18:28:00,+886-903-885-079,"假投資,保證獲利",13,3448955,上班族,1
UID-4c16be46,2026-03-12 15:06:00,+886-903-888-068,"假投資,保證獲利",18,397684,大專院校,1
UID-9c9d433e,2026-03-12 16:19:00,+886-901-525-001,"幽靈包裹,超商取貨",384,10069,學生,1
UID-84c57f46,2026-03-12 22:21:00,+886-904-439-061,"網路交友,要求儲值,點數卡",22,148804,上班族,1
UID-3524e58f,2026-03-12 22:59:00,+886-901-138-004,"網路購物詐騙,ATM操作",211,6470,學生,1
UID-5d519bb9,2026-03-12 14:53:00,+886-902-107-855,"假員警,偵查不公開",3,918009,50-69 中高齡,1
UID-362c8184,2026-03-13 02:43:00,+886-905-869-159,"交易糾紛,商品瑕疵",1,500,70+ 長者,0
UID-6887a2b5,2026-03-12 12:17:00,+886-903-887-011,"假投資,保證獲利",13,4346250,碩博士,1
UID-dd643691,2026-03-13 03:12:00,+886-905-158-217,"交易糾紛,商品瑕疵",2,500,上班族,0
UID-f28138a0,2026-03-13 08:40:00,+886-905-913-788,"一般客訴,服務態度",2,0,50-69 中高齡,0
UID-bbd472a5,2026-03-12 17:08:00,+886-904-263-064,"殺豬盤,平台無法出金",8,77465,大專院校,1
UID-8902ae71,2026-03-12 19:09:00,+886-904-723-055,"網路交友,AI濾鏡假冒",28,137159,碩博士,1
UID-f17c1f9c,2026-03-13 04:42:00,+886-903-883-031,"假投資,內線交易,VIP通道",15,4163208,大專院校,1
UID-231c96e8,2026-03-13 08:57:00,+886-905-295-128,"一般客訴,服務態度",2,0,50-69 中高齡,0
UID-b0a76756,2026-03-12 18:26:00,+886-903-883-006,"假投資,內線交易,VIP通道",13,3569462,上班族,1
UID-7ea1daed,2026-03-12 12:47:00,+886-903-881-094,"假投資,資金盤",12,1912459,上班族,1
UID-17dd1da0,2026-03-12 22:34:00,+886-903-886-067,"假投資,資金盤",17,4400035,大專院校,1
UID-098fad86,2026-03-12 18:45:00,+886-904-237-092,"網路交友,要求儲值,點數卡",5,9016,碩博士,1
UID-614a820b,2026-03-13 03:27:00,+886-901-512-022,"幽靈包裹,超商取貨",225,42872,大專院校,1
UID-b9fe9ba6,2026-03-12 22:45:00,+886-901-223-034,"網路購物詐騙,ATM操作",214,20341,上班族,1
UID-55efab83,2026-03-12 13:41:00,+886-905-655-874,"債務不履行,退款延遲",2,500,上班族,0
UID-b5667f9b,2026-03-12 09:02:00,+886-904-826-038,"網路交友,要求儲值,點數卡",5,12535,大專院校,1
UID-7ec9dba2,2026-03-13 04:53:00,+886-903-883-063,"假投資,資金盤",19,4342602,上班族,1
UID-96e99b0b,2026-03-12 13:29:00,+886-901-133-048,"網路購物詐騙,解除分期付款",323,11099,上班族,1
UID-ebd4bcaf,2026-03-13 01:40:00,+886-905-312-783,"交易糾紛,商品瑕疵",2,15000,碩博士,0
UID-7b4fb15b,2026-03-13 01:46:00,+886-904-223-076,"網路交友,要求儲值,點數卡",5,9848,學生,1
UID-abd16962,2026-03-12 19:01:00,+886-905-595-762,"一般客訴,服務態度",2,500,大專院校,0
UID-c86a62bf,2026-03-12 10:34:00,+886-904-449-070,"網路交友,AI濾鏡假冒",29,68644,學生,1
UID-8ae08533,2026-03-13 06:49:00,+886-905-899-902,"司法文書送達,正常公務",2,3000,70+ 長者,0
UID-7d3ca8dd,2026-03-12 12:05:00,+886-902-193-955,"假檢警,監管帳戶",1,4738156,碩博士,1
UID-fb679321,2026-03-12 13:41:00,+886-902-166-206,"假員警,偵查不公開",1,1034049,70+ 長者,1
UID-b4d0924b,2026-03-13 01:30:00,+886-903-887-077,"假投資,保證獲利",10,4885543,碩博士,1
UID-b995130d,2026-03-12 11:14:00,+886-904-571-059,"殺豬盤,平台無法出金",15,14630,大專院校,1
UID-038306c7,2026-03-13 00:05:00,+886-903-884-087,"假投資,虛擬貨幣,高報酬",17,4609947,上班族,1
UID-20b5e777,2026-03-13 02:48:00,+886-904-856-058,"殺豬盤,平台無法出金",9,34285,碩博士,1
UID-5fff7bba,2026-03-13 08:39:00,+886-905-251-442,"一般客訴,服務態度",1,3000,碩博士,0
UID-d7fa6b7d,2026-03-13 03:53:00,+886-904-218-054,"Threads廣告,假兼職",23,6166,上班族,1
UID-843bedaa,2026-03-12 14:33:00,+886-905-305-964,"司法文書送達,正常公務",1,0,大專院校,0
UID-c0f33d80,2026-03-12 11:45:00,+886-905-336-461,"一般客訴,服務態度",1,500,學生,0
UID-c7e37d4f,2026-03-13 03:51:00,+886-901-481-035,"網路購物詐騙,ATM操作",162,9146,大專院校,1
UID-d687fb02,2026-03-13 00:14:00,+886-904-278-036,"網路交友,要求儲值,點數卡",7,74783,學生,1
UID-0304c63d,2026-03-13 05:39:00,+886-904-662-046,"Threads廣告,假兼職",14,81513,大專院校,1
UID-d74780fe,2026-03-13 01:40:00,+886-901-117-043,"網路購物詐騙,ATM操作",217,15399,大專院校,1
UID-37c2cbdb,2026-03-12 19:50:00,+886-901-834-012,"幽靈包裹,超商取貨",170,19485,上班族,1
UID-c5d303bd,2026-03-12 19:22:00,+886-901-879-050,"幽靈包裹,超商取貨",359,29093,上班族,1
UID-58251123,2026-03-12 09:50:00,+886-905-880-742,"司法文書送達,正常公務",2,3000,大專院校,0
UID-9bd332c2,2026-03-13 08:06:00,+886-904-181-060,"Threads廣告,假兼職",28,42667,上班族,1
UID-0fade317,2026-03-12 19:27:00,+886-901-426-035,"網路購物詐騙,ATM操作",234,31946,學生,1
UID-447cd52b,2026-03-13 06:05:00,+886-903-880-086,"假投資,虛擬貨幣,高報酬",20,823835,碩博士,1
UID-084a8f60,2026-03-12 20:55:00,+886-902-154-377,"假扣押財產,面交黃金白銀",2,1508740,50-69 中高齡,1
UID-8f1ec8f5,2026-03-13 02:24:00,+886-905-166-829,"一般客訴,服務態度",2,0,大專院校,0
UID-5ac577ab,2026-03-13 08:04:00,+886-903-886-082,"假投資,保證獲利",10,1919691,上班族,1
UID-711074f8,2026-03-13 02:41:00,+886-905-463-847,"債務不履行,退款延遲",1,0,學生,0
UID-ec330ac5,2026-03-12 19:36:00,+886-901-414-005,"網路購物詐騙,ATM操作",234,1723,上班族,1
UID-4e187b46,2026-03-12 19:04:00,+886-905-660-855,"正常投資諮詢,理財規劃",1,15000,大專院校,0
UID-5943c380,2026-03-12 21:57:00,+886-905-797-593,"正常投資諮詢,理財規劃",2,0,大專院校,0
UID-b4235b88,2026-03-13 06:01:00,+886-905-198-714,"債務不履行,退款延遲",1,500,上班族,0
UID-6cead11e,2026-03-12 23:26:00,+886-903-880-063,"假投資,虛擬貨幣,高報酬",10,592485,碩博士,1
UID-3c5f2438,2026-03-12 11:31:00,+886-905-840-596,"一般客訴,服務態度",2,0,70+ 長者,0
UID-511139ec,2026-03-12 10:51:00,+886-904-641-032,"網路交友,要求儲值,點數卡",13,140123,上班族,1
UID-239584ca,2026-03-12 21:48:00,+886-904-397-049,"殺豬盤,平台無法出金",11,84473,碩博士,1
UID-816d61d5,2026-03-13 02:46:00,+886-901-344-039,"網路購物詐騙,假賣場",194,11838,大專院校,1
UID-1a1c4a5b,2026-03-12 19:58:00,+886-905-643-976,"司法文書送達,正常公務",2,500,70+ 長者,0
UID-32730438,2026-03-13 07:45:00,+886-904-514-094,"網路交友,要求儲值,點數卡",22,41299,學生,1
UID-57d27b8c,2026-03-12 17:18:00,+886-903-885-045,"假投資,資金盤",18,2757469,50-69 中高齡,1
UID-1c37a156,2026-03-13 01:36:00,+886-901-830-003,"網路購物詐騙,ATM操作",151,5096,上班族,1
UID-9a83fdc4,2026-03-12 11:15:00,+886-904-631-088,"網路交友,AI濾鏡假冒",29,148453,上班族,1
UID-1c3d97c8,2026-03-13 00:18:00,+886-903-880-059,"假投資,內線交易,VIP通道",11,3693636,大專院校,1
UID-3ac4d8eb,2026-03-13 02:11:00,+886-904-272-096,"網路交友,AI濾鏡假冒",20,43583,上班族,1
UID-60d7674b,2026-03-12 18:38:00,+886-903-884-096,"假投資,資金盤",14,1891647,碩博士,1
UID-7a5c042a,2026-03-12 15:49:00,+886-901-611-022,"網路購物詐騙,解除分期付款",194,14870,高中職以下,1
UID-70b015cc,2026-03-12 13:22:00,+886-903-880-061,"假投資,虛擬貨幣,高報酬",6,3371159,碩博士,1
UID-c7fe81b7,2026-03-13 08:40:00,+886-904-289-047,"殺豬盤,平台無法出金",16,71673,碩博士,1
UID-d86fe700,2026-03-12 13:21:00,+886-902-112-634,"假員警,偵查不公開",1,2062168,50-69 中高齡,1
UID-780347d6,2026-03-12 20:45:00,+886-905-527-719,"一般客訴,服務態度",2,3000,碩博士,0
UID-a5d3e88f,2026-03-12 11:56:00,+886-901-533-001,"網路購物詐騙,ATM操作",327,11475,高中職以下,1
UID-016a1670,2026-03-12 19:28:00,+886-905-906-664,"債務不履行,退款延遲",1,15000,大專院校,0
UID-e05846d8,2026-03-12 15:57:00,+886-904-639-080,"殺豬盤,平台無法出金",20,132414,學生,1
UID-20a08203,2026-03-12 10:46:00,+886-904-351-071,"殺豬盤,平台無法出金",27,29741,上班族,1
UID-1593c214,2026-03-13 08:46:00,+886-903-887-086,"假投資,資金盤",9,844597,碩博士,1
UID-d74b0eca,2026-03-13 03:04:00,+886-901-430-032,"網路購物詐騙,解除分期付款",163,2092,上班族,1
UID-c8266812,2026-03-12 18:29:00,+886-901-698-040,"網路購物詐騙,假賣場",196,18323,上班族,1
UID-ecef9aa7,2026-03-12 19:08:00,+886-903-881-056,"假投資,虛擬貨幣,高報酬",10,4683308,上班族,1
UID-c705fa05,2026-03-12 21:16:00,+886-901-335-020,"網路購物詐騙,假賣場",374,5508,上班族,1
UID-7be763dc,2026-03-13 07:06:00,+886-904-568-034,"殺豬盤,平台無法出金",12,1081,學生,1
UID-e6a1be42,2026-03-12 23:34:00,+886-902-155-930,"假冒郵局,普發現金冒領",1,3305693,50-69 中高齡,1
UID-fa4512b2,2026-03-12 23:06:00,+886-902-165-597,"假員警,偵查不公開",1,5631326,70+ 長者,1
UID-f68b7072,2026-03-12 12:00:00,+886-901-806-002,"網路購物詐騙,假賣場",152,15475,學生,1
UID-f05966ab,2026-03-12 22:37:00,+886-903-883-044,"假投資,保證獲利",18,4972573,上班族,1
UID-8c42326b,2026-03-13 01:23:00,+886-903-887-042,"假投資,保證獲利",13,3631276,上班族,1
UID-6a199f57,2026-03-13 03:14:00,+886-902-111-245,"假檢警,監管帳戶",1,7228847,70+ 長者,1
UID-728567a7,2026-03-13 08:08:00,+886-904-499-006,"殺豬盤,平台無法出金",25,101074,學生,1
UID-2f877c00,2026-03-12 16:27:00,+886-903-888-050,"假投資,資金盤",14,455735,碩博士,1
UID-0d94db20,2026-03-12 12:25:00,+886-903-883-014,"假投資,保證獲利",10,1074399,大專院校,1
UID-ef45043b,2026-03-12 12:56:00,+886-902-190-461,"假員警,偵查不公開",3,882048,70+ 長者,1
UID-de76bf06,2026-03-13 04:43:00,+886-902-101-568,"假冒郵局,普發現金冒領",3,6579099,碩博士,1
UID-699136d3,2026-03-12 16:19:00,+886-904-948-006,"殺豬盤,平台無法出金",16,22194,上班族,1
UID-93355b61,2026-03-13 07:37:00,+886-905-483-913,"交易糾紛,商品瑕疵",1,0,上班族,0
UID-a92428a2,2026-03-13 01:25:00,+886-905-222-723,"司法文書送達,正常公務",1,15000,碩博士,0
UID-77e4eb5e,2026-03-13 08:50:00,+886-902-163-374,"假員警,偵查不公開",3,556908,70+ 長者,1
UID-2c5eddfd,2026-03-13 06:20:00,+886-905-605-521,"交易糾紛,商品瑕疵",2,0,70+ 長者,0
UID-c4036964,2026-03-12 11:50:00,+886-903-889-047,"假投資,資金盤",18,4963557,碩博士,1
UID-b954412d,2026-03-13 06:09:00,+886-903-884-064,"假投資,內線交易,VIP通道",12,546956,上班族,1
UID-ff17bee5,2026-03-13 01:45:00,+886-905-388-220,"交易糾紛,商品瑕疵",2,500,學生,0
UID-1651e280,2026-03-13 01:03:00,+886-905-857-996,"正常投資諮詢,理財規劃",1,15000,上班族,0
UID-0accaf0b,2026-03-12 12:54:00,+886-904-357-068,"殺豬盤,平台無法出金",22,56843,學生,1
UID-e77f1da2,2026-03-12 20:24:00,+886-903-880-058,"假投資,內線交易,VIP通道",13,4103692,上班族,1
UID-af176f2d,2026-03-13 07:47:00,+886-904-553-003,"Threads廣告,假兼職",8,114473,學生,1
UID-cefd07c3,2026-03-12 10:05:00,+886-901-753-027,"幽靈包裹,超商取貨",196,34144,大專院校,1
UID-0bf81f55,2026-03-12 19:04:00,+886-903-889-043,"假投資,資金盤",8,1603849,50-69 中高齡,1
UID-f0e611d1,2026-03-12 21:38:00,+886-905-884-935,"一般客訴,服務態度",1,0,50-69 中高齡,0
UID-294ee7ee,2026-03-12 20:23:00,+886-902-139-132,"假扣押財產,面交黃金白銀",2,4922523,70+ 長者,1
UID-ee1426ff,2026-03-12 15:36:00,+886-902-144-273,"假扣押財產,面交黃金白銀",2,7992563,碩博士,1
UID-a176c8bb,2026-03-12 09:53:00,+886-902-104-143,"假檢警,監管帳戶",3,7364963,50-69 中高齡,1
UID-2ec1531b,2026-03-13 01:28:00,+886-903-889-030,"假投資,資金盤",19,4565631,上班族,1
UID-bd4ed7f2,2026-03-12 10:47:00,+886-903-888-089,"假投資,保證獲利",17,3474775,碩博士,1
UID-044c7ec9,2026-03-13 06:39:00,+886-903-883-082,"假投資,保證獲利",8,1667249,碩博士,1
UID-719c6b11,2026-03-12 14:29:00,+886-904-720-088,"網路交友,要求儲值,點數卡",2,116150,碩博士,1
UID-3987f6bd,2026-03-12 22:29:00,+886-905-507-712,"司法文書送達,正常公務",1,15000,大專院校,0
UID-878918fc,2026-03-12 13:46:00,+886-903-881-086,"假投資,內線交易,VIP通道",18,4831007,碩博士,1
UID-42f4c11c,2026-03-13 00:06:00,+886-905-671-121,"一般客訴,服務態度",2,0,70+ 長者,0
UID-4d53baa5,2026-03-13 07:40:00,+886-903-882-080,"假投資,虛擬貨幣,高報酬",10,493650,上班族,1
UID-023a8da3,2026-03-13 02:27:00,+886-902-115-252,"假冒郵局,普發現金冒領",2,7175696,50-69 中高齡,1
UID-b327928c,2026-03-12 11:26:00,+886-905-214-782,"交易糾紛,商品瑕疵",1,500,上班族,0
UID-72361238,2026-03-12 11:55:00,+886-903-882-015,"假投資,資金盤",19,4468252,上班族,1
UID-40091232,2026-03-13 04:11:00,+886-903-888-003,"假投資,保證獲利",9,1806449,上班族,1
UID-5e89030f,2026-03-12 22:04:00,+886-903-881-055,"假投資,資金盤",11,2894104,上班族,1
UID-c240f31c,2026-03-12 21:48:00,+886-905-845-758,"交易糾紛,商品瑕疵",1,15000,上班族,0
UID-aba042fa,2026-03-12 14:05:00,+886-905-351-951,"司法文書送達,正常公務",2,0,50-69 中高齡,0
UID-c591808a,2026-03-12 11:09:00,+886-903-885-067,"假投資,資金盤",14,4686566,碩博士,1
UID-10fb9415,2026-03-12 19:22:00,+886-905-603-407,"正常投資諮詢,理財規劃",2,0,70+ 長者,0
UID-2713a509,2026-03-13 01:45:00,+886-903-884-030,"假投資,內線交易,VIP通道",19,2650485,上班族,1
UID-87d1f167,2026-03-13 01:36:00,+886-905-975-901,"交易糾紛,商品瑕疵",1,500,碩博士,0
UID-6aaa5810,2026-03-12 15:01:00,+886-905-687-169,"交易糾紛,商品瑕疵",1,0,學生,0
UID-d8a7efab,2026-03-12 11:30:00,+886-903-881-035,"假投資,資金盤",8,1799658,大專院校,1
UID-8dfbfa15,2026-03-12 21:28:00,+886-901-666-018,"網路購物詐騙,假賣場",173,40490,高中職以下,1
UID-47d3db7c,2026-03-13 07:08:00,+886-901-797-010,"網路購物詐騙,解除分期付款",247,39810,上班族,1
UID-5d12cb1c,2026-03-12 21:28:00,+886-905-871-207,"一般客訴,服務態度",1,3000,50-69 中高齡,0
UID-3d285fec,2026-03-13 01:01:00,+886-901-100-023,"幽靈包裹,超商取貨",373,13785,上班族,1
UID-6124e0c6,2026-03-12 17:51:00,+886-901-931-005,"幽靈包裹,超商取貨",167,37861,大專院校,1
UID-9747f134,2026-03-12 22:53:00,+886-905-854-324,"交易糾紛,商品瑕疵",1,0,碩博士,0
UID-fde7b31f,2026-03-12 13:40:00,+886-903-884-058,"假投資,虛擬貨幣,高報酬",15,1948987,上班族,1
UID-212fbb3d,2026-03-13 06:35:00,+886-903-887-037,"假投資,保證獲利",5,3402567,上班族,1
UID-433a4e64,2026-03-12 21:37:00,+886-901-914-050,"網路購物詐騙,ATM操作",350,37635,高中職以下,1
UID-ae3ec0da,2026-03-12 09:55:00,+886-905-557-321,"司法文書送達,正常公務",1,500,大專院校,0
UID-59d8f3e3,2026-03-12 22:22:00,+886-903-881-054,"假投資,內線交易,VIP通道",8,1274066,大專院校,1
UID-c57abad1,2026-03-13 05:14:00,+886-901-493-031,"網路購物詐騙,ATM操作",433,43107,上班族,1
UID-7b87c105,2026-03-12 17:12:00,+886-904-128-023,"網路交友,要求儲值,點數卡",30,65237,大專院校,1
UID-25ca1253,2026-03-13 02:54:00,+886-905-524-183,"司法文書送達,正常公務",2,15000,碩博士,0
UID-2f43c1a2,2026-03-12 11:18:00,+886-904-282-005,"網路交友,AI濾鏡假冒",14,37952,碩博士,1
UID-dbbd4584,2026-03-12 12:09:00,+886-902-144-149,"假扣押財產,面交黃金白銀",3,2761427,70+ 長者,1
UID-06c53dff,2026-03-12 17:21:00,+886-905-697-153,"正常投資諮詢,理財規劃",1,500,50-69 中高齡,0
UID-73bd1cbd,2026-03-12 16:23:00,+886-904-969-084,"Threads廣告,假兼職",8,125107,碩博士,1
UID-2bf8ae72,2026-03-12 19:43:00,+886-902-141-656,"假檢警,監管帳戶",3,6907628,50-69 中高齡,1
UID-f2613c3c,2026-03-12 14:58:00,+886-902-176-383,"假檢警,監管帳戶",1,5155017,碩博士,1
UID-c5a53c34,2026-03-13 08:55:00,+886-905-913-683,"正常投資諮詢,理財規劃",1,500,上班族,0
UID-f14d9a97,2026-03-13 08:53:00,+886-902-178-562,"假扣押財產,面交黃金白銀",2,6248031,50-69 中高齡,1
UID-8e8f14f5,2026-03-12 22:28:00,+886-905-152-566,"正常投資諮詢,理財規劃",2,15000,高中職以下,0
UID-0f449958,2026-03-12 13:59:00,+886-905-862-704,"交易糾紛,商品瑕疵",1,500,50-69 中高齡,0
UID-8602e0a2,2026-03-12 22:29:00,+886-901-757-037,"網路購物詐騙,解除分期付款",182,17794,上班族,1
UID-795825e7,2026-03-12 17:37:00,+886-905-865-201,"交易糾紛,商品瑕疵",2,15000,上班族,0
UID-7fff3e3a,2026-03-12 21:10:00,+886-904-771-008,"Threads廣告,假兼職",19,73958,學生,1
